u	v	y
1.0000000000000000e+00	0.0000000000000000e+00	-2.4492935982947064e-16
9.9934511215510535e-01	3.0154714584978523e-02	1.8025017967212595e-01
9.9778130643339658e-01	6.0269930845133969e-02	3.4368408112992671e-01
9.9531036931673744e-01	9.0318264081044264e-02	4.8703609766052530e-01
9.9193491200362394e-01	1.2027240140791605e-01	6.0896381340604655e-01
9.8765836770307402e-01	1.5010512658201763e-01	7.0965317915911075e-01
9.8248498818149244e-01	1.7978934472923103e-01	7.9040948330836325e-01
9.7641983956595035e-01	2.0929810695325582e-01	8.5327580174208040e-01
9.6946879740799730e-01	2.3860463480111446e-01	9.0070414010473243e-01
9.6163854101279378e-01	2.6768234456374851e-01	9.3529076005068945e-01
9.5293654703902142e-01	2.9650487138965370e-01	9.5957697812485232e-01
9.4337108237568457e-01	3.2504609318968147e-01	9.7591003474696214e-01
9.3295119630257950e-01	3.5328015431133225e-01	9.8635497191690669e-01
9.2168671194185059e-01	3.8118148896108522e-01	9.9264713605529298e-01
9.0958821700869930e-01	4.0872484435354733e-01	9.9617520976513807e-01
8.9666705386994494e-01	4.3588530356646082e-01	9.9798592688078780e-01
8.8293530891976124e-01	4.6263830808088480e-01	9.9880332590821652e-01
8.6840580128253630e-01	4.8895967998616113e-01	9.9905717894384372e-01
8.5309207085340233e-01	5.1482564382958984e-01	9.9891685775617223e-01
8.3700836568758930e-01	5.4021284809106784e-01	9.9832823259361436e-01
8.2016962875034305e-01	5.6509838626329567e-01	9.9705218744681079e-01
8.0259148403971836e-01	5.8945981751852494e-01	9.9470397745312567e-01
7.8429022209513544e-01	6.1327518694319971e-01	9.9079298519427561e-01
7.6528278490513124e-01	6.3652304532225146e-01	9.8476251029154305e-01
7.4558675022828691e-01	6.5918246845521511e-01	9.7602912092961835e-01
7.2522031534183462e-01	6.8123307598678051e-01	9.6402088200980540e-01
7.0420228023296627e-01	7.0265504973482784e-01	9.4821352707614603e-01
6.8255203024836719e-01	7.2342915149947173e-01	9.2816342811641694e-01
6.6028951821798409e-01	7.4353674033711137e-01	9.0353609509249178e-01
6.3743524606950774e-01	7.6295978928397723e-01	8.7412894504387784e-01
6.1401024595051135e-01	7.8168090151417779e-01	8.3988723766464723e-01
5.9003606087562122e-01	7.9968332591776292e-01	8.0091237680786298e-01
5.6553472491653001e-01	8.1695097208486067e-01	7.5746220027464539e-01
5.4052874295306141e-01	8.3346842468248683e-01	7.0994338041574068e-01
5.1504107000389676e-01	8.4922095721118573e-01	6.5889658065900225e-01
4.8909509015594455e-01	8.6419454512923066e-01	6.0497549929803518e-01
4.6271459511169011e-01	8.7837587833269415e-01	5.4892132736054233e-01
4.3592376237420827e-01	8.9175237298028487e-01	4.9153440962072076e-01
4.0874713308983818e-01	9.0431218265245639e-01	4.3364500163201991e-01
3.8120958956882461e-01	9.1604420883489368e-01	3.7608495572089040e-01
3.5333633250451890e-01	9.2693811071711263e-01	3.1966195924591689e-01
3.2515285791199061e-01	9.3698431429752582e-01	2.6513761918723533e-01
2.9668493380715677e-01	9.4617402078696811e-01	2.1321027912011381e-01
2.6795857664775996e-01	9.5449921430331541e-01	1.6450301314571963e-01
2.3900002755772864e-01	9.6195266885047903e-01	1.1955681006642520e-01
2.0983572835665318e-01	9.6852795457571139e-01	7.8828577013494494e-02
1.8049229741627296e-01	9.7421944329981836e-01	4.2693281903698407e-02
1.5099650536601306e-01	9.7902231331553780e-01	1.1449334208176778e-02
1.2137525066975319e-01	9.8293255345001318e-01	-1.4673821691104949e-02
9.1655535096101678e-02	9.8594696638795865e-01	-3.5506961207422409e-02
6.1864439104549973e-02	9.8806317125279119e-01	-5.0932198551014433e-02
3.2029097169942781e-02	9.8927960544368010e-01	-6.0874877133856448e-02
2.1766730677452530e-03	9.8959552572713883e-01	-6.5296980411178276e-02
-2.7665664857375913e-02	9.8901100858247104e-01	-6.4192620128805528e-02
-5.7470768417148696e-02	9.8752694980105249e-01	-5.7585945935758810e-02
-8.7211534276957964e-02	9.8514506334011887e-01	-4.5531597221308090e-02
-1.1686092860231280e-01	9.8186787943240239e-01	-2.8117593928950420e-02
-1.4639201163210500e-01	9.7769874195363593e-01	-5.4703461762640919e-03
-1.7577796215631988e-01	9.7264180505062470e-01	2.2238738894830534e-02
-2.0499210187596034e-01	9.6670202903324887e-01	5.4785751125411820e-02
-2.3400791962306133e-01	9.5988517553443831e-01	9.1886711043800584e-02
-2.6279909541880447e-01	9.5219780194281511e-01	1.3319087490884945e-01
-2.9133952434789867e-01	9.4364725511337000e-01	1.7827587500989639e-01
-3.1960334022757908e-01	9.3424166436218681e-01	2.2664561955281537e-01
-3.4756493904975350e-01	9.2398993375187932e-01	2.7773175707632680e-01
-3.7519900217506069e-01	9.1290173367505234e-01	3.3089930897923731e-01
-4.0248051925782430e-01	9.0098749174372850e-01	3.8545679605906330e-01
-4.2938481088114627e-01	8.8825838299331605e-01	4.4067084580707017e-01
-4.5588755088165844e-01	8.7472631941030954e-01	4.9578489072310428e-01
-4.8196478834373208e-01	8.6040393879352950e-01	5.5004118617913178e-01
-5.0759296924326791e-01	8.4530459295931015e-01	6.0270502641420054e-01
-5.3274895772150010e-01	8.2944233530163580e-01	6.5308975680839632e-01
-5.5741005696960866e-01	8.1283190771880809e-01	7.0058100300249182e-01
-5.8155402970528558e-01	7.9548872691880190e-01	7.4465848661838041e-01
-6.0515911822278123e-01	7.7742887011602613e-01	7.8491388364765857e-01
-6.2820406399835593e-01	7.5866906013275415e-01	8.2106339941345630e-01
-6.5066812683347452e-01	7.3922664991902631e-01	8.5295406174963140e-01
-6.7253110351850431e-01	7.1911960650534557e-01	8.8056313646053830e-01
-6.9377334600012375e-01	6.9836649440301313e-01	9.0399050206575560e-01
-7.1437577903610827e-01	6.7698645846742433e-01	9.2344423740369241e-01
-7.3431991732163338e-01	6.5499920624014618e-01	9.3922003300889123e-01
-7.5358788207171767e-01	6.3242498978606521e-01	9.5167530274745249e-01
-7.7216241704493693e-01	6.0928458704232979e-01	9.6119902861899065e-01
-7.9002690399404940e-01	5.8559928269627126e-01	9.6817841949626238e-01
-8.0716537752970263e-01	5.6139084860989807e-01	9.7296342290588334e-01
-8.2356253938393120e-01	5.3668152380896039e-01	9.7583003355798725e-01
-8.3920377206070840e-01	5.1149399405497786e-01	9.7694324235740337e-01
-8.5407515186137084e-01	4.8585137101899672e-01	9.7632042289625753e-01
-8.6816346127332289e-01	4.5977717107618887e-01	9.7379601991496345e-01
-8.8145620071099717e-01	4.3329529374074699e-01	9.6898864380791805e-01
-8.9394159959864772e-01	4.0642999976086069e-01	9.6127213450255411e-01
-9.0560862678516096e-01	3.7920588889383461e-01	9.4975286540151527e-01
-9.1644700028167214e-01	3.5164787738171882e-01	9.3325651177747004e-01
-9.2644719631340278e-01	3.2378117514806809e-01	9.1032866210086472e-01
-9.3560045767775479e-01	2.9563126273670565e-01	8.7925489846880478e-01
-9.4389880140134153e-01	2.6722386801357828e-01	8.3810712808054300e-01
-9.5133502568926864e-01	2.3858494265300950e-01	7.8482373184990184e-01
-9.5790271616062694e-01	2.0974063842984336e-01	7.1733112790102160e-01
-9.6359625136481442e-01	1.8071728333912954e-01	6.3371315557122909e-01
-9.6841080757395981e-01	1.5154135756515941e-01	5.3243174749845323e-01
-9.7234236284737674e-01	1.2223946932179076e-01	4.1259718041623655e-01
-9.7538770036465061e-01	9.2838330586096210e-02	2.7427844430756709e-01
-9.7754441102461842e-01	6.3364732747469149e-02	1.1883394428390423e-01
-9.7881089530817755e-01	3.3845522194389979e-02	-5.0769606253949821e-02
-9.7918636440352802e-01	4.3075758610904976e-03	-2.2969533722494306e-01
-9.7867084059312193e-01	-2.5222223243603011e-02	-4.1108831253392253e-01
-9.7726515690227356e-01	-5.4717010502974582e-02	-5.8610563478641986e-01
-9.7497095601004691e-01	-8.4149964132390578e-02	-7.4418769749338953e-01
-9.7179068842371596e-01	-1.1349432957032145e-01	-8.7362098546331735e-01
-9.6772760991875739e-01	-1.4272344379822252e-01	-9.6241551640784706e-01
-9.6278577824700806e-01	-1.7181075956716549e-01	-9.9947738721565449e-01
-9.5697004911627970e-01	-2.0072986950921545e-01	-9.7600140095357912e-01
-9.5028607144538879e-01	-2.2945453011165035e-01	-8.8694692855506307e-01
-9.4274028189921832e-01	-2.5795868553225387e-01	-7.3240268113370044e-01
-9.3433989870907541e-01	-2.8621649123407861e-01	-5.1860672713525902e-01
-9.2509291478426436e-01	-3.1420233741823528e-01	-2.5838141827957672e-01
-9.1500809012143580e-01	-3.4189087223346160e-01	2.9219358010352640e-02
-9.0409494351890374e-01	-3.6925702474144023e-01	3.2016607719741397e-01
-8.9236374360375936e-01	-3.9627602761706315e-01	5.8759703950948550e-01
-8.7982549918023045e-01	-4.2292343956308276e-01	8.0467615065468978e-01
-8.6649194890834513e-01	-4.4917516741887231e-01	9.4783559893719671e-01
-8.5237555032257128e-01	-4.7500748794329745e-01	9.9995339389063986e-01
-8.3748946820069725e-01	-5.0039706925199434e-01	9.5296323228564106e-01
-8.2184756229380296e-01	-5.2532099188970027e-01	8.0943199184189063e-01
-8.0546437442875596e-01	-5.4975676951859398e-01	5.8277263185289252e-01
-7.8835511499522193e-01	-5.7368236920397875e-01	2.9596997668314351e-01
-7.7053564882975034e-01	-5.9707623127900300e-01	-2.1053682045049298e-02
-7.5202248051002007e-01	-6.1991728877051799e-01	-3.3506699503490789e-01
-7.3283273907287916e-01	-6.4218498636856647e-01	-6.1360764262520440e-01
-7.1298416217032279e-01	-6.6385929892242090e-01	-8.2888761365943286e-01
-6.9249507967805823e-01	-6.8492074944653658e-01	-9.6094196766540418e-01
-6.7138439677180284e-01	-7.0535042662022807e-01	-9.9958354162099794e-01
-6.4967157648693918e-01	-7.2513000176534570e-01	-9.4494626215555755e-01
-6.2737662177760756e-01	-7.4424174528671860e-01	-8.0664564760656754e-01
-6.0452005709177592e-01	-7.6266854256061900e-01	-6.0180588582117767e-01
-5.8112290947925649e-01	-7.8039390925700791e-01	-3.5235742297956135e-01
-5.5720668925005024e-01	-7.9740200608185519e-01	-8.2074600580177529e-02
-5.3279337020081674e-01	-8.1367765292634919e-01	1.8620159277109866e-01
-5.0790536942763409e-01	-8.2920634241036317e-01	4.3280732033050717e-01
-4.8256552674360786e-01	-8.4397425280809657e-01	6.4275706507391406e-01
-4.5679708372020900e-01	-8.5796826034438434e-01	8.0644136856959237e-01
-4.3062366237158334e-01	-8.7117595085073807e-01	9.1958931610069961e-01
-4.0406924350137580e-01	-8.8358563077077290e-01	9.8265465104496164e-01
-3.7715814473191928e-01	-8.9518633750527066e-01	9.9982961079004118e-01
-3.4991499823591105e-01	-9.0596784908773709e-01	9.7789342984767047e-01
-3.2236472819097911e-01	-9.1592069318191449e-01	9.2507320938274895e-01
-2.9453252797775964e-01	-9.2503615539334838e-01	8.5004690754356937e-01
-2.6644383714235031e-01	-9.3330628688771899e-01	7.6116456641470276e-01
-2.3812431814421431e-01	-9.4072391130928867e-01	6.6591474754566515e-01
-2.0959983291077117e-01	-9.4728263099346077e-01	5.7062478235956970e-01
-1.8089641922010594e-01	-9.5297683246807874e-01	4.8035829635944860e-01
-1.5204026693335948e-01	-9.5780169123875714e-01	3.9896095078905935e-01
-1.2305769409849647e-01	-9.6175317585418096e-01	3.2920298839805534e-01
-9.3975122947249093e-02	-9.6482805124796867e-01	2.7297171631623046e-01
-6.4819055807141354e-02	-9.6702388135435668e-01	2.3147533258828973e-01
-3.5616050950536070e-02	-9.6833903099562380e-01	2.0542894029787825e-01
-6.3926984027262764e-03	-9.6877266703983567e-01	1.9520247467902002e-01
2.2824404268898413e-02	-9.6832475882815994e-01	2.0091772228667557e-01
5.2008676162563834e-02	-9.6699607787165864e-01	2.2248748047332809e-01
8.1133577224675277e-02	-9.6478819681814099e-01	2.5959455419640576e-01
1.1017263238521388e-01	-9.6170348769031366e-01	3.1161239251645706e-01
1.3909945562405127e-01	-9.5774511939713436e-01	3.7747351809725371e-01
1.6788777394626858e-01	-9.5291705452093411e-01	4.5549720821558204e-01
1.9651145124471175e-01	-9.4722404538353044e-01	5.4319458209759586e-01
2.2494451202812588e-01	-9.4067162939520965e-01	6.3707730962775477e-01
2.5316116499328972e-01	-9.3326612369110828e-01	7.3250491035194443e-01
2.8113582641979423e-01	-9.2501461906017035e-01	8.2361361843839298e-01
3.0884314336622393e-01	-9.1592497317249655e-01	9.0337482472189745e-01
3.3625801664672256e-01	-9.0600580311153966e-01	9.6383034301277826e-01
3.6335562356710061e-01	-8.9526647721823693e-01	9.9654219349506412e-01
3.9011144039992351e-01	-8.8371710625477307e-01	9.9327382652655927e-01
4.1650126457819131e-01	-8.7136853389631552e-01	9.4688682706020688e-01
4.4250123658755786e-01	-8.5823232655964010e-01	8.5239378949068634e-01
4.6808786153726928e-01	-8.4432076257818622e-01	7.0805921011948070e-01
4.9323803039033232e-01	-8.2964682073366147e-01	5.1639439333089354e-01
5.1792904083371150e-01	-8.1422416815490728e-01	2.8486072535339668e-01
5.4213861776973871e-01	-7.9806714759528752e-01	2.6090270287447558e-02
5.6584493341020714e-01	-7.8119076410045396e-01	-2.4253659653144422e-01
5.8902662695504104e-01	-7.6361067107886915e-01	-5.0004550490484401e-01
6.1166282383781279e-01	-7.4534315578800192e-01	-7.2373566618526186e-01
6.3373315452073553e-01	-7.2640512424967307e-01	-8.9161213463087696e-01
6.5521777282225413e-01	-7.0681408560848613e-01	-9.8510526864573678e-01
6.7609737376070489e-01	-6.8658813594784240e-01	-9.9170029630555201e-01
6.9635321089803237e-01	-6.6574594157847078e-01	-9.0705674883456333e-01
7.1596711316797101e-01	-6.4430672181491722e-01	-7.3622954355146175e-01
7.3492150117359201e-01	-6.2229023125587135e-01	-4.9371455963067951e-01
7.5319940293959364e-01	-5.9971674158468291e-01	-2.0221753288097502e-01
7.7078446910524290e-01	-5.7660702290680288e-01	1.0974477128292172e-01
7.8766098754434377e-01	-5.5298232464136121e-01	4.1109918167136522e-01
8.0381389739918785e-01	-5.2886435598443338e-01	6.7186116256267236e-01
8.1922880251594143e-01	-5.0427526596196937e-01	8.6663391023005942e-01
8.3389198426949662e-01	-4.7923762309070184e-01	9.7745187289158564e-01
8.4779041376635789e-01	-4.5377439466572761e-01	9.9557721236899455e-01
8.6091176341472830e-01	-4.2790892569373706e-01	9.2204127076556519e-01
8.7324441785151297e-01	-4.0166491749124938e-01	7.6693310486421495e-01
8.8477748421656832e-01	-3.7506640596745644e-01	5.4763150229608160e-01
8.9550080176512015e-01	-3.4813773961155869e-01	2.8632019768375355e-01
9.0540495080986627e-01	-3.2090355720478708e-01	7.1969009781055662e-03
9.1448126098491078e-01	-2.9338876527747848e-01	-2.6621895877498286e-01
9.2272181882428828e-01	-2.6561851533184927e-01	-5.1334556538360321e-01
9.3011947464846545e-01	-2.3761818085128478e-01	-7.1814403376538449e-01
9.3666784875283327e-01	-2.0941333411717739e-01	-8.6997725865775710e-01
9.4236133689286139e-01	-1.8102972285446342e-01	-9.6374910791293678e-01
9.4719511506119780e-01	-1.5249324672722642e-01	-9.9944250564262249e-01
9.5116514355267279e-01	-1.2382993370579047e-01	-9.8122987542521967e-01
9.5426817031379974e-01	-9.5065916326887170e-02	-9.1634695940886868e-01
9.5650173357401824e-01	-6.6227407868536023e-02	-8.1390731943275207e-01
9.5786416375658989e-01	-3.7340678461380623e-02	-6.8379981067178386e-01
9.5835458466770207e-01	-8.4320311582138947e-03	-5.3576589778595440e-01
9.5797291396300166e-01	2.0472222016459339e-02	-3.7870745936990297e-01
9.5671986289143329e-01	4.9345784015066348e-02	-2.2023566619945778e-01
9.5459693531691603e-01	7.8162396691976888e-02	-6.6441535161050058e-02
9.5160642601905343e-01	1.0689586468313021e-01	7.8150002214721737e-02
9.4775141827471721e-01	1.3552007921857795e-01	2.1048914326814622e-01
9.4303578072301486e-01	1.6400904184626047e-01	3.2882031748286744e-01
9.3746416351678552e-01	1.9233688804549337e-01	4.3245309168207707e-01
9.3104199376442975e-01	2.2047791070869779e-01	5.2151839650992693e-01
9.2377547026651508e-01	2.4840658347006819e-01	5.9673440708948844e-01
9.1567155755224572e-01	2.7609758385998751e-01	6.5919771519224746e-01
9.0673797922151200e-01	3.0352581626422181e-01	7.1020808873280306e-01
8.9698321059887642e-01	3.3066643466703666e-01	7.5112949658687711e-01
8.8641647070646201e-01	3.5749486515765772e-01	7.8328619469499972e-01
8.7504771356334132e-01	3.8398682817967111e-01	8.0789031356208407e-01
8.6288761881961951e-01	4.1011836050322870e-01	8.2599624038364783e-01
8.4994758173402474e-01	4.3586583690015823e-01	8.3847680964627525e-01
8.3623970250438873e-01	4.6120599150240460e-01	8.4601659126208140e-01
8.2177677496101187e-01	4.8611593882445897e-01	8.4911813828437832e-01
8.0657227463346903e-01	5.1057319443079896e-01	8.4811773543127156e-01
7.9064034620196677e-01	5.3455569522968716e-01	8.4320784620716049e-01
7.7399579034495292e-01	5.5804181937498443e-01	8.3446401566307360e-01
7.5665404999518382e-01	5.8101040575805307e-01	8.2187441609333978e-01
7.3863119601701732e-01	6.0344077307216504e-01	8.0537052429390021e-01
7.1994391231820287e-01	6.2531273843225155e-01	7.8485761289572187e-01
7.0060948040997040e-01	6.4660663553321363e-01	7.6024385865162503e-01
6.8064576342968008e-01	6.6730333233049111e-01	7.3146695609235357e-01
6.6007118964082701e-01	6.8738424822695943e-01	6.9851721278422840e-01
6.3890473542561721e-01	7.0683137075074609e-01	6.6145622293701223e-01
6.1716590778582059e-01	7.2562727170898744e-01	6.2043038934250816e-01
5.9487472636802485e-01	7.4375512280304290e-01	5.7567879701503855e-01
5.7205170502986802e-01	7.6119871069117684e-01	5.2753522986960977e-01
5.4871783296419219e-01	7.7794245148524099e-01	4.7642444699095793e-01
5.2489455539851515e-01	7.9397140466838401e-01	4.2285317134341172e-01
5.0060375388755152e-01	8.0927128642137014e-01	3.6739656019628297e-01
4.7586772621687989e-01	8.2382848234563355e-01	3.1068119204756817e-01
4.5070916593624433e-01	8.3763005957171988e-01	2.5336579285674810e-01
4.2515114154123324e-01	8.5066377824237871e-01	1.9612101664124307e-01
3.9921707532247175e-01	8.6291810236008992e-01	1.3960958432496076e-01
3.7293072190169041e-01	8.7438220998943861e-01	8.4467973947730229e-02
3.4631614647435272e-01	8.8504600280531120e-01	3.1290659224285269e-02
3.1939770277876112e-01	8.9490011497850275e-01	-1.9382365643182613e-02
2.9220001081182517e-01	9.0393592139091872e-01	-6.7074331876229895e-02
2.6474793431184962e-01	9.1214554517318702e-01	-1.1137657210261299e-01
2.3706655802897697e-01	9.1952186455809060e-01	-1.5194966956766762e-01
2.0918116480402812e-01	9.2605851904388070e-01	-1.8852126786138917e-01
1.8111721247670456e-01	9.3174991486214509e-01	-2.2088111833948523e-01
1.5290031064423076e-01	9.3659122974555176e-01	-2.4887407060383571e-01
1.2455619729167303e-01	9.4057841699141442e-01	-2.7239177702628148e-01
9.6110715315227524e-02	9.4370820881768980e-01	-2.9136388984118722e-01
6.7589788959927163e-02	9.4597811900863715e-01	-3.0574948696596838e-01
3.9019400193234070e-02	9.4738644484803880e-01	-3.1552938050339818e-01
1.0425565036034428e-02	9.4793226833852107e-01	-3.2069985021989422e-01
-1.8165690127366879e-02	9.4761545670616254e-01	-3.2126821269689082e-01
-4.6728352238713085e-02	9.4643666219023614e-01	-3.1725049329072535e-01
-7.5236445233142282e-02	9.4439732111857377e-01	-3.0867131878190068e-01
-1.0366405366289262e-01	9.4149965226969778e-01	-2.9556599850792281e-01
-1.3198534625586247e-01	9.3774665452351358e-01	-2.7798461490824061e-01
-1.6017459938764347e-01	9.3314210380299323e-01	-2.5599780475718936e-01
-1.8820622044565702e-01	9.2769054930994344e-01	-2.2970378455822577e-01
-2.1605477106420698e-01	9.2139730905857464e-01	-1.9923606339413408e-01
-2.4369499020933572e-01	9.1426846471123357e-01	-1.6477120102070014e-01
-2.7110181709254061e-01	9.0631085572129821e-01	-1.2653591616681745e-01
-2.9825041389256579e-01	8.9753207278885394e-01	-8.4812838064921972e-02
-3.2511618826466798e-01	8.8794045063540172e-01	-3.9944230399416768e-02
-3.5167481561695829e-01	8.7754506010445943e-01	7.6668940673387895e-03
-3.7790226113363967e-01	8.6635569959553349e-01	5.7558707017742482e-02
-4.0377480152521250e-01	8.5438288583953503e-01	1.0921579246909613e-01
-4.2926904648593178e-01	8.4163784402432740e-01	1.6207768286898214e-01
-4.5436195983917116e-01	8.2813249727964322e-01	2.1555046069613926e-01
-4.7903088035150365e-01	8.1387945553124508e-01	2.6902092251312038e-01
-5.0325354219675367e-01	7.9889200373471225e-01	3.2187256145429238e-01
-5.2700809505151147e-01	7.8318408949984497e-01	3.7350242606644163e-01
-5.5027312380398119e-01	7.6677031011719732e-01	4.2333777911947934e-01
-5.7302766785838866e-01	7.4966589899880776e-01	4.7085142485358666e-01
-5.9525124001754504e-01	7.3188671154571383e-01	5.1557460474278072e-01
-6.1692384492656782e-01	7.1344921045535059e-01	5.5710647881672337e-01
-6.3802599706112750e-01	6.9437045048246837e-01	5.9511940147094422e-01
-6.5853873824409337e-01	6.7466806266762602e-01	6.2935944948880129e-01
-6.7844365467476941e-01	6.5436023804789689e-01	6.5964194268812171e-01
-6.9772289345547855e-01	6.3346571086478753e-01	6.8584198964782306e-01
-7.1635917860063680e-01	6.1200374128489077e-01	7.0788037003902338e-01
-7.3433582651397544e-01	5.8999409764920197e-01	7.2570531455730614e-01
-7.5163676092004472e-01	5.6745703826745286e-01	7.3927095507316098e-01
-7.6824652723664166e-01	5.4441329277423200e-01	7.4851339294869335e-01
-7.8415030637532090e-01	5.2088404306403713e-01	7.5332548386938392e-01
-7.9933392795764968e-01	4.9689090382281831e-01	7.5353158260660580e-01
-8.1378388293546422e-01	4.7245590267385384e-01	7.4886365564722135e-01
-8.2748733560384469e-01	4.4760145995625589e-01	7.3894037917249444e-01
-8.4043213499617242e-01	4.2235036815461735e-01	7.2325111516296015e-01
-8.5260682565113655e-01	3.9672577099869832e-01	7.0114700859873635e-01
-8.6400065774216372e-01	3.7075114225230732e-01	6.7184186373941379e-01
-8.7460359656032283e-01	3.4445026421081915e-01	6.3442589972710506e-01
-8.8440633134234303e-01	3.1784720592702270e-01	5.8789588193869302e-01
-8.9340028343599254e-01	2.9096630118523598e-01	5.3120535956796888e-01
-9.0157761379566459e-01	2.6383212624384184e-01	4.6333864940510022e-01
-9.0893122980163188e-01	2.3646947736660517e-01	3.8341158460553754e-01
-9.1545479139705510e-01	2.0890334816330092e-01	2.9080065879965361e-01
-9.2114271653743862e-01	1.8115890676039492e-01	1.8529980117911282e-01
-9.2599018594788163e-01	1.5326147282256158e-01	6.7300422939125831e-02
-9.2999314718407056e-01	1.2523649444611046e-01	-6.2014501691063671e-02
-9.3314831799362907e-01	9.7109524945306738e-02	-2.0047759729823608e-01
-9.3545318897505125e-01	6.8906199552854736e-02	-3.4476755985174701e-01
-9.3690602553210534e-01	4.0652212055719908e-02	-4.9029175239604139e-01
-9.3750586912222278e-01	1.2373291387619183e-02	-6.3115521106680306e-01
-9.3725253779804141e-01	-1.5904821800506400e-02	-7.6025293084825263e-01
-9.3614662604190779e-01	-4.4156398570700188e-02	-8.6952011457220912e-01
-9.3418950389379252e-01	-7.2355745107550357e-02	-9.5036627864047629e-01
-9.3138331537371100e-01	-1.0047722608581319e-01	-9.9430236172763731e-01
-9.2773097620039002e-01	-1.2849528797482210e-01	-9.9374496348751828e-01
-9.2323617080855203e-01	-1.5638448225853202e-01	-9.4294984484202360e-01
-9.1790334866783518e-01	-1.8411948855006297e-01	-8.3899119210873585e-01
-9.1173771990699315e-01	-2.1167513757979264e-01	-6.8266938018088130e-01
-9.0474525024766062e-01	-2.3902643403606896e-01	-4.7920530628052277e-01
-8.9693265525258292e-01	-2.6614857923786966e-01	-2.3857174926563704e-01
-8.8830739389384028e-01	-2.9301699361882183e-01	2.4671361455369079e-02
-8.7887766144721913e-01	-3.1960733900217231e-01	2.9212638029481719e-01
-8.6865238171946879e-01	-3.4589554064657896e-01	5.4290902092246651e-01
-8.5764119861582244e-01	-3.7185780904269428e-01	7.5552630091725415e-01
-8.4585446705572243e-01	-3.9747066144085302e-01	9.1010826705206749e-01
-8.3330324324531491e-01	-4.2271094309034718e-01	9.9073360691157408e-01
-8.1999927431582365e-01	-4.4755584817111382e-01	9.8753350582921828e-01
-8.0595498733752458e-01	-4.7198294039888122e-01	8.9824998389185717e-01
-7.9118347771956521e-01	-4.9597017328519666e-01	7.2897345384267576e-01
-7.7569849700647886e-01	-5.1949591003398987e-01	4.9388737569018315e-01
-7.5951444008273361e-01	-5.4253894305676797e-01	2.1399149026165359e-01
-7.4264633179723005e-01	-5.6507851308881074e-01	-8.5065267662148003e-02
-7.2510981302016275e-01	-5.8709432788915294e-01	-3.7576546753571316e-01
-7.0692112614519809e-01	-6.0856658050748635e-01	-6.3173814814764950e-01
-6.8809710005036895e-01	-6.2947596710158082e-01	-8.3059011889470491e-01
-6.6865513453164238e-01	-6.4980370428915446e-01	-9.5616914980030820e-01
-6.4861318422352743e-01	-6.6953154601863185e-01	-9.9997309369762455e-01
-6.2798974202160385e-01	-6.8864179994361296e-01	-9.6156205556885010e-01
-6.0680382202224759e-01	-7.0711734328638753e-01	-8.4798957034846578e-01
-5.8507494199531596e-01	-7.2494163817624646e-01	-6.7241302919837675e-01
-5.6282310540591352e-01	-7.4209874644888874e-01	-4.5214823991300312e-01
-5.4006878300183947e-01	-7.5857334389363795e-01	-2.0648324736418483e-01
-5.1683289398362275e-01	-7.7435073393578024e-01	4.5440012165079049e-02
-4.9313678677447970e-01	-7.8941686074179085e-01	2.8642203638721708e-01
-4.6900221940788001e-01	-8.0375832173576245e-01	5.0251130837062685e-01
-4.4445133955072075e-01	-8.1736237951590984e-01	6.8374692051791297e-01
-4.1950666418044769e-01	-8.3021697316055687e-01	8.2435554205121331e-01
-3.9419105893478301e-01	-8.4231072891357084e-01	9.2248884444805346e-01
-3.6852771715299887e-01	-8.5363297023978535e-01	9.7962892744769259e-01
-3.4254013862792693e-01	-8.6417372724153774e-01	9.9980289622048624e-01
-3.1625210808817822e-01	-8.7392374542801854e-01	9.8873808922304574e-01
-2.8968767343030055e-01	-8.8287449382971972e-01	9.5306394653323467e-01
-2.6287112372073995e-01	-8.9101817245089932e-01	8.9963323857870847e-01
-2.3582696698778655e-01	-8.9834771905353938e-01	8.3500145933466707e-01
-2.0857990782376590e-01	-9.0485681526692663e-01	7.6507376099203961e-01
-1.8115482481797845e-01	-9.1053989201757268e-01	6.9490671758574418e-01
-1.5357674784097780e-01	-9.1539213427483279e-01	6.2863824397858803e-01
-1.2587083520092940e-01	-9.1940948510819387e-01	5.6951243754945269e-01
-9.8062350692910735e-02	-9.2258864905283366e-01	5.1996534899266267e-01
-7.0176640562091705e-02	-9.2492709478068547e-01	4.8174082360234494e-01
-4.2239110401778315e-02	-9.2642305707487893e-01	4.5601081517544978e-01
-1.4275202007398579e-02	-9.2707553810605614e-01	4.4348057935061053e-01
1.3689629792491338e-02	-9.2688430800970345e-01	4.4446500877739764e-01
4.1629940307080310e-02	-9.2584990476427542e-01	4.5892765991308004e-01
6.9520318134962664e-02	-9.2397363337051919e-01	4.8647870831407120e-01
9.7335408275519134e-02	-9.2125756433305273e-01	5.2633238673158589e-01
1.2504993517900828e-01	-9.1770453144587449e-01	5.7722876343961338e-01
1.5263872571439119e-01	-9.1331812888412423e-01	6.3732934621349557e-01
1.8007673203404143e-01	-9.0810270760504053e-01	7.0410113587642376e-01
2.0733905431457039e-01	-9.0206337106168388e-01	7.7420930630537199e-01
2.3440096335310950e-01	-8.9520597023363158e-01	8.4344417131846572e-01
2.6123792299854093e-01	-8.8753709797945646e-01	9.0671257974373876e-01
2.8782561239735260e-01	-8.7906408271642444e-01	9.5812599225007489e-01
3.1413994803393563e-01	-8.6979498143345169e-01	9.9121557068942046e-01
3.4015710554532846e-01	-8.5973857204397819e-01	9.9929696350811392e-01
3.6585354129070102e-01	-8.4890434508598767e-01	9.7599281579538710e-01
3.9120601365599539e-01	-8.3730249477702667e-01	9.1589903224434921e-01
4.1619160407448691e-01	-8.2494390943263174e-01	8.1535263859193718e-01
4.4078773774422164e-01	-8.1184016125717162e-01	6.7322779860738313e-01
4.6497220402363415e-01	-7.9800349551665706e-01	4.9165722075054397e-01
4.8872317648689090e-01	-7.8344681910365332e-01	2.7655546708788364e-01
5.1201923262088644e-01	-7.6818368850494811e-01	3.7815718686954089e-02
5.3483937314606933e-01	-7.5222829718321360e-01	-2.1093154670209086e-01
5.5716304094372116e-01	-7.3559546238437434e-01	-4.5306760106239052e-01
5.7897013957261012e-01	-7.1830061138294787e-01	-6.7024649180776663e-01
6.0024105135832473e-01	-7.0035976717813753e-01	-8.4409066746017425e-01
6.2095665503905129e-01	-6.8178953365389972e-01	-9.5815861102536293e-01
6.4109834295187762e-01	-6.6260708021676251e-01	-9.9994946837438237e-01
6.6064803774421377e-01	-6.4283012592557687e-01	-9.6266693132789849e-01
6.7958820859529545e-01	-6.2247692312789116e-01	-8.4646504139206247e-01
6.9790188693324529e-01	-6.0156624061803099e-01	-6.5894826646405757e-01
7.1557268163357646e-01	-5.8011734633244916e-01	-4.1479345613549018e-01
7.3258479368555929e-01	-5.5814998959826378e-01	-1.3448815593700664e-01
7.4892303031329410e-01	-5.3568438295138199e-01	1.5768371180458945e-01
7.6457281853890890e-01	-5.1274118354090015e-01	4.3615715095537072e-01
7.7952021817575501e-01	-4.8934147413691731e-01	6.7676941601950935e-01
7.9375193424003532e-01	-4.6550674375920087e-01	8.5925235010621526e-01
8.0725532876979866e-01	-4.4125886794453067e-01	9.6920868261108672e-01
8.2001843204083258e-01	-4.1662008867079553e-01	9.9933372313272240e-01
8.3202995316947215e-01	-3.9161299395631066e-01	9.4976520963546041e-01
8.4327929009296521e-01	-3.6626049715303149e-01	8.2757657929559825e-01
8.5375653891856240e-01	-3.4058581595267579e-01	6.4554848899380113e-01
8.6345250263310980e-01	-3.1461245112495645e-01	4.2044050696013685e-01
8.7235869916548303e-01	-2.8836416500742690e-01	1.7102822151646604e-01
8.8046736879481735e-01	-2.6186495976658619e-01	-8.3831205514498297e-02
8.8777148089805680e-01	-2.3513905545018590e-01	-3.2688296361478281e-01
8.9426474003098722e-01	-2.0821086785075543e-01	-5.4375287584058996e-01
8.9994159133749552e-01	-1.8110498620059959e-01	-7.2374272210949508e-01
9.0479722528242423e-01	-1.5384615071865707e-01	-8.6013970462689426e-01
9.0882758170401334e-01	-1.2645923002970116e-01	-9.5009737366318225e-01
9.1202935318253220e-01	-9.8969198476493714e-02	-9.9418522606626369e-01
9.1439998772233344e-01	-7.1401113345603479e-02	-9.9572237519527662e-01
9.1593769074518494e-01	-4.3780092027658229e-02	-9.6000962979755033e-01
9.1664142639337010e-01	-1.6131289132825015e-02	-8.9355891251285624e-01
9.1651091814166508e-01	1.1520126417597748e-02	-8.0339504974621134e-01
9.1554664871794023e-01	3.9148994302657128e-02	-6.9647812865567860e-01
9.1374985933275921e-01	6.6730185695376490e-02	-5.7926926733225381e-01
9.1112254821897465e-01	9.4238626117764540e-02	-4.5744169182875577e-01
9.0766746848295576e-01	1.2164931823639095e-01	-3.3572385886375089e-01
9.0338812526969925e-01	1.4893736457779402e-01	-2.1785215536078301e-01
8.9828877224470582e-01	1.7607799014309902e-01	-1.0660672810818290e-01
8.9237440739612095e-01	2.0304656490130504e-01	-3.9040606130724019e-03
8.8565076816125654e-01	2.2981862614080559e-01	8.9077304755520448e-02
8.7812432588223011e-01	2.5636990065885756e-01	1.7175722643108179e-01
8.6980227959605338e-01	2.8267632676889465e-01	2.4401515025837442e-01
8.6069254916511662e-01	3.0871407610570856e-01	3.0606197890490489e-01
8.5080376775461131e-01	3.3445957520874892e-01	3.5832860750363227e-01
8.4014527366402159e-01	3.5988952686399051e-01	4.0137394865735609e-01
8.2872710152040130e-01	3.8498093118504667e-01	4.3581294933630349e-01
8.1655997284173609e-01	4.0971110641445235e-01	4.6226354174103074e-01
8.0365528597924596e-01	4.3405770942631305e-01	4.8131053452734529e-01
7.9002510544806970e-01	4.5799875591176814e-01	4.9348398723383385e-01
7.7568215065629675e-01	4.8151264022905182e-01	4.9924947487530069e-01
7.6063978404287214e-01	5.0457815490023095e-01	4.9900771969650493e-01
7.4491199863543422e-01	5.2717450973701285e-01	4.9310124991451637e-01
7.2851340503966655e-01	5.4928135057837679e-01	4.8182597667190324e-01
7.1145921787224620e-01	5.7087877762316075e-01	4.6544582164321013e-01
6.9376524164998365e-01	5.9194736334108244e-01	4.4420876036207585e-01
6.7544785614825509e-01	6.1246816994605724e-01	4.1836286640920850e-01
6.5652400124225119e-01	6.3242276641614292e-01	3.8817115391435242e-01
6.3701116124510360e-01	6.5179324504477110e-01	3.5392422884158292e-01
6.1692734875733890e-01	6.7056223750843946e-01	3.1594998124915880e-01
5.9629108804259789e-01	6.8871293043642212e-01	2.7461978570476320e-01
5.7512139794493622e-01	7.0622908046857313e-01	2.3035092467996823e-01
5.5343777436348185e-01	7.2309502878771348e-01	1.8360520377382053e-01
5.3126017230056366e-01	7.3929571511363268e-01	1.3488397676756178e-01
5.0860898749988359e-01	7.5481669114616767e-01	8.4720028150984797e-02
4.8550503769158226e-01	7.6964413344539595e-01	3.3666955080207728e-02
4.6196954346146196e-01	7.8376485573745269e-01	-1.7713164798046035e-02
4.3802410876196313e-01	7.9716632063501147e-01	-6.8862949573378865e-02
4.1369070108274597e-01	8.0983665076204236e-01	-1.1924284616634885e-01
3.8899163129912573e-01	8.2176463927295673e-01	-1.6834338208281382e-01
3.6394953321680845e-01	8.3293975975684820e-01	-2.1569580601080920e-01
3.3858734283171243e-01	8.4335217551806907e-01	-2.6088054326040622e-01
3.1292827732384593e-01	8.5299274822498350e-01	-3.0353307953905267e-01
2.8699581380451217e-01	8.6185304591928869e-01	-3.4334708817100273e-01
2.6081366783625609e-01	8.6992535037890950e-01	-3.8007481431590123e-01
2.3440577174525706e-01	8.7720266382802847e-01	-4.1352490980685452e-01
2.0779625274594943e-01	8.8367871498845041e-01	-4.4355806214836696e-01
1.8100941089789799e-01	8.8934796446707054e-01	-4.7008087343222871e-01
1.5406969691504560e-01	8.9420560947483974e-01	-4.9303851622802536e-01
1.2700168984763213e-01	8.9824758787321946e-01	-5.1240672458288128e-01
9.9830074657100129e-02	9.0147058154474813e-01	-5.2818367290475565e-01
7.2579619704504938e-02	9.0387201908493919e-01	-5.4038225951448182e-01
4.5275154172914521e-02	9.0545007781336606e-01	-5.4902325178122380e-01
1.7941545444415865e-02	9.0620368510239657e-01	-5.5412967272552593e-01
-9.3963235476952015e-03	9.0613251902267611e-01	-5.5572272076299800e-01
-3.6713576970878882e-02	9.0523700830506371e-01	-5.5381941969677062e-01
-6.3985368728893363e-02	9.0351833161936501e-01	-5.4843209872938770e-01
-9.1186905060259060e-02	9.0097841617081431e-01	-5.3956970467707488e-01
-1.1829346707914550e-01	8.9761993561588571e-01	-5.2724085258476006e-01
-1.4528043323816417e-01	8.9344630729963104e-01	-5.1145842824609378e-01
-1.7212330169264334e-01	8.8846168881735799e-01	-4.9224546875473840e-01
-1.9879771254609233e-01	8.8267097390407745e-01	-4.6964196792217811e-01
-2.2527946995665593e-01	8.7607978765575456e-01	-4.4371218592686384e-01
-2.5154456408448550e-01	8.6869448108701142e-01	-4.1455199157004591e-01
-2.7756919286011794e-01	8.6052212503053060e-01	-3.8229573627332003e-01
-3.0332978355414580e-01	8.5157050338399687e-01	-3.4712215674768720e-01
-3.2880301412862251e-01	8.4184810571101387e-01	-3.0925883259662013e-01
-3.5396583435084022e-01	8.3136411920302622e-01	-2.6898478879855725e-01
-3.7879548665041729e-01	8.2012842000982600e-01	-2.2663093129577527e-01
-4.0326952670077060e-01	8.0815156394683541e-01	-1.8257813380210533e-01
-4.2736584370639796e-01	7.9544477658788337e-01	-1.3725294885710831e-01
-4.5106268037760550e-01	7.8201994275277764e-01	-9.1121086074043942e-02
-4.7433865257465624e-01	7.6788959539950519e-01	-4.4678972617388131e-02
-4.9717276860360282e-01	7.5306690393142528e-01	1.5561293141763456e-03
-5.1954444814638434e-01	7.3756566193037398e-01	4.7056840537096516e-02
-5.4143354080811501e-01	7.2140027432709397e-01	9.1296518600444743e-02
-5.6282034426487049e-01	7.0458574402090945e-01	1.3375950536523071e-01
-5.8368562199561203e-01	6.8713765796107984e-01	1.7395004103452996e-01
-6.0401062058229704e-01	6.6907217270273389e-01	2.1139918885437528e-01
-6.2377708656262032e-01	6.5040599945076871e-01	2.4566923950147612e-01
-6.4296728282024362e-01	6.3115638860555179e-01	2.7635523382293176e-01
-6.6156400449779607e-01	6.1134111382471590e-01	3.0308344588102765e-01
-6.7955059441838117e-01	5.9097845561576401e-01	3.2550689280029949e-01
-6.9691095800175151e-01	5.7008718447464113e-01	3.4329817199642670e-01
-7.1362957766181823e-01	5.4868654358580871e-01	3.5614016053849473e-01
-7.2969152667261106e-01	5.2679623109976204e-01	3.6371533953505625e-01
-7.4508248249030229e-01	5.0443638200432261e-01	3.6569472600501784e-01
-7.5978873951940229e-01	4.8162754960638721e-01	3.6172760603681953e-01
-7.7379722131176920e-01	4.5839068664114696e-01	3.5143346762934891e-01
-7.8709549218757091e-01	4.3474712602614668e-01	3.3439772932071810e-01
-7.9967176826786746e-01	4.1071856127788087e-01	3.1017304625162428e-01
-8.1151492790905633e-01	3.8632702660885637e-01	2.7828813407619996e-01
-8.2261452152992587e-01	3.6159487672343010e-01	2.3826615494207420e-01
-8.3296078082265423e-01	3.3654476633090868e-01	1.8965471305614609e-01
-8.4254462733963387e-01	3.1119962939471624e-01	1.3206934478528842e-01
-8.5135768044859506e-01	2.8558265813660455e-01	6.5251974814036121e-02
-8.5939226464905150e-01	2.5971728181515780e-01	-1.0854954821199463e-02
-8.6664141624371338e-01	2.3362714529797005e-01	-9.6019197766787773e-02
-8.7309888935905522e-01	2.0733608744714607e-01	-1.8961654581560239e-01
-8.7875916130987186e-01	1.8086811933783256e-01	-2.9052046634355788e-01
-8.8361743730322029e-01	1.5424740232970158e-01	-3.9699116596328876e-01
-8.8766965447775403e-01	1.2749822601143454e-01	-5.0657513197279125e-01
-8.9091248527508449e-01	1.0064498603828756e-01	-6.1602978846657097e-01
-8.9334334014038130e-01	7.3712161883014521e-02	-7.2129117415215371e-01
-8.9496036955006419e-01	4.6724294520397822e-02	-8.1750482201881947e-01
-8.9576246536503235e-01	1.9705964065763682e-02	-8.9914044032272433e-01
-8.9574926150850420e-01	-7.3182326121771198e-03	-9.6020861080418018e-01
-8.9492113396815243e-01	-3.4323704283738425e-02	-9.9459164168239367e-01
-8.9327920012282724e-01	-6.1285887735575167e-02	-9.9649032196732590e-01
-8.9082531739478976e-01	-8.8180270112487066e-02	-9.6097354266734858e-01
-8.8756208122897784e-01	-1.1498241120344423e-01	-8.8459931602421382e-01
-8.8349282240144444e-01	-1.4166796565153766e-01	-7.6605539891233132e-01
-8.7862160365971931e-01	-1.6821270506769434e-01	-6.0674836670012078e-01
-8.7295321569845186e-01	-1.9459254002803505e-01	-4.1125537046177069e-01
-8.6649317247428803e-01	-2.2078354193495867e-01	-1.8754718776394724e-01
-8.5924770586455057e-01	-2.4676196472205761e-01	5.3101510117367051e-02
-8.5122375967486841e-01	-2.7250426638321867e-01	2.9657584211344656e-01
-8.4242898300150926e-01	-2.9798713030635682e-01	5.2678066097455867e-01
-8.3287172295473855e-01	-3.2318748639248140e-01	7.2686702402161263e-01
-8.2256101675011695e-01	-3.4808253194094435e-01	8.8073642608020064e-01
-8.1150658317521951e-01	-3.7264975228197134e-01	9.7467717388424513e-01
-7.9971881343981965e-01	-3.9686694113780763e-01	9.9894344785151146e-01
-7.8720876141814522e-01	-4.2071222069406472e-01	9.4906727231148735e-01
-7.7398813329235994e-01	-4.4416406136312725e-01	8.2670451017602531e-01
-7.6006927660696499e-01	-4.6720130122176728e-01	6.3986081284575957e-01
-7.4546516874434743e-01	-4.8980316510541932e-01	4.0241845309522306e-01
-7.3018940483222616e-01	-5.1194928334188683e-01	1.3297987608665834e-01
-7.1425618509425581e-01	-5.3361971010759024e-01	-1.4685671699029518e-01
-6.9768030165555595e-01	-5.5479494138981411e-01	-4.1458793873898070e-01
-6.8047712481540346e-01	-5.7545593253879335e-01	-6.4900272106937085e-01
-6.6266258879986817e-01	-5.9558411539379796e-01	-8.3221033775789477e-01
-6.4425317700751983e-01	-6.1516141496789944e-01	-9.5124905346805622e-01
-6.2526590676194005e-01	-6.3417026567634371e-01	-9.9909083283603972e-01
-6.0571831358508088e-01	-6.5259362709402513e-01	-9.7494934678521739e-01
-5.8562843500604933e-01	-6.7041499922788039e-01	-8.8389985190715481e-01
-5.6501479392021758e-01	-6.8761843729056671e-01	-7.3591253925171851e-01
-5.4389638151405428e-01	-7.0418856596214929e-01	-5.4447061639222438e-01
-5.2229263977135498e-01	-7.2011059312710579e-01	-3.2498131611621611e-01
-5.0022344357706827e-01	-7.3537032307430283e-01	-9.3189810344671872e-02
-4.7770908243510429e-01	-7.4995416914824020e-01	1.3622311449258515e-01
-4.5477024181699283e-01	-7.6384916584025409e-01	3.5072963731018714e-01
-4.3142798415851574e-01	-7.7704298030893282e-01	5.4066081797862786e-01
-4.0770372952177425e-01	-7.8952392331951893e-01	6.9952083567960388e-01
-3.8361923594044367e-01	-8.0128095959259515e-01	8.2395025253171617e-01
-3.5919657946624883e-01	-8.1230371755290298e-01	9.1341303297653464e-01
-3.3445813393495866e-01	-8.2258249846968812e-01	9.6969868413292515e-01
-3.0942655047044343e-01	-8.3210828498052480e-01	9.9633165476976671e-01
-2.8412473674557071e-01	-8.4087274899114017e-01	9.9796875478106306e-01
-2.5857583601892703e-01	-8.4886825894432405e-01	9.7984652380531179e-01
-2.3280320596654805e-01	-8.5608788645159539e-01	9.4731878468902986e-01
-2.0683039732802053e-01	-8.6252541228187218e-01	9.0550381632749544e-01
-1.8068113238647784e-01	-8.6817533170198258e-01	8.5904319797433482e-01
-1.5437928330213727e-01	-8.7303285916445461e-01	8.1196167373376249e-01
-1.2794885031920902e-01	-8.7709393233859678e-01	7.6760955223082328e-01
-1.0141393986603263e-01	-8.8035521548150941e-01	7.2866563441542509e-01
-7.4798742568404825e-02	-8.8281410214625422e-01	6.9717848989997033e-01
-4.8127511196241951e-02	-8.8446871722500298e-01	6.7462600966959818e-01
-2.1424538563576678e-02	-8.8531791832562001e-01	6.6197658670782900e-01
5.2858645979080099e-03	-8.8536129648071826e-01	6.5973927952749511e-01
3.1979391771675761e-02	-8.8459917618884487e-01	6.6799442846448664e-01
5.8631762775311652e-02	-8.8303261478806228e-01	6.8640020121537315e-01
8.5218745845546631e-02	-8.8066340116279285e-01	7.1417441230146395e-01
1.1171617966924315e-01	-8.7749405378540768e-01	7.5005476891303868e-01
1.3809999534031209e-01	-8.7352781809464242e-01	7.9224453847870135e-01
1.6434623822260716e-01	-8.6876866321352253e-01	8.3835453399121240e-01
1.9043108969893796e-01	-8.6322127801008786e-01	8.8535613980345917e-01
2.1633088878645507e-01	-8.5689106650479674e-01	9.2956350478439775e-01
2.4202215359879159e-01	-8.4978414262908497e-01	9.6666541745085000e-01
2.6748160263549364e-01	-8.4190732434014626e-01	9.9182793168539529e-01
2.9268617587943535e-01	-8.3326812709757980e-01	9.9988658170118805e-01
3.1761305568312104e-01	-8.2387475670812760e-01	9.8564109804329891e-01
3.4223968742489558e-01	-8.1373610154531961e-01	9.4425528388370306e-01
3.6654379991646752e-01	-8.0286172415135737e-01	8.7175008610002025e-01
3.9050342554317391e-01	-7.9126185222919643e-01	7.6555972850814891e-01
4.1409692011885368e-01	-7.7894736903327388e-01	6.2510098028090111e-01
4.3730298243732263e-01	-7.6592980316792736e-01	4.5228723749634786e-01
4.6010067350285000e-01	-7.5222131780303081e-01	2.5190599223562166e-01
4.8246943542221815e-01	-7.3783469931695889e-01	3.1774645207831895e-02
5.0438910994139263e-01	-7.2278334537743549e-01	-1.9740087691829339e-01
5.2583995660999372e-01	-7.0708125247142795e-01	-4.2251554762914356e-01
5.4680267055729703e-01	-6.9074300289563340e-01	-6.2891416216880336e-01
5.6725839986370274e-01	-6.7378375121967415e-01	-8.0156075236864954e-01
5.8718876251205898e-01	-6.5621921023455687e-01	-9.2643480653843746e-01
6.0657586290360133e-01	-6.3806563639941827e-01	-9.9201091930145802e-01
6.2540230792366758e-01	-6.1933981480003131e-01	-9.9064388957795957e-01
6.4365122254276896e-01	-6.0005904363299056e-01	-9.1967059815004182e-01
6.6130626493902789e-01	-5.8024111822990954e-01	-7.8205864301860650e-01
6.7835164112843138e-01	-5.5990431463638524e-01	-5.8647996385415246e-01
6.9477211908980807e-01	-5.3906737276087890e-01	-3.4675995607405075e-01
7.1055304237189876e-01	-5.1774947910904678e-01	-8.0737997610072082e-02
7.2568034317036956e-01	-4.9597024911942744e-01	1.9134035437199326e-01
7.4014055486310459e-01	-4.7374970911674341e-01	4.4871078755238397e-01
7.5392082399261207e-01	-4.5110827789942520e-01	6.7202824188204557e-01
7.6700892168489609e-01	-4.2806674797826494e-01	8.4512132957407349e-01
7.7939325449463459e-01	-4.0464626648347596e-01	9.5635948419715322e-01
7.9106287466707359e-01	-3.8086831575765101e-01	9.9948907124807906e-01
8.0200748980756009e-01	-3.5675469365243084e-01	9.7387271776416640e-01
8.1221747195016569e-01	-3.3232749354697361e-01	8.8414834479312809e-01
8.2168386601742482e-01	-3.0760908410654741e-01	7.3939724098360959e-01
8.3039839766377688e-01	-2.8262208879974343e-01	5.5196336257752976e-01
8.3835348049583136e-01	-2.5738936519312827e-01	3.3609290269228109e-01
8.4554222266319390e-01	-2.3193398404220325e-01	1.0656326011690899e-01
8.5195843281410466e-01	-2.0627920819790452e-01	-1.2255231097618834e-01
8.5759662541079262e-01	-1.8044847134782543e-01	-3.3887684552405212e-01
8.6245202539997445e-01	-1.5446535661164937e-01	-5.3241733263780178e-01
8.6652057223455270e-01	-1.2835357501032471e-01	-6.9593232071128619e-01
8.6979892324314134e-01	-1.0213694382864051e-01	-8.2500265292163599e-01
8.7228445634465213e-01	-7.5839364890948530e-02	-9.1785642563686631e-01
8.7397527210576820e-01	-4.9484802769846556e-02	-9.7501488467444208e-01
8.7487019513973119e-01	-2.3097262947689975e-02	-9.9883007148722958e-01
8.7496877484546975e-01	3.2992300491671762e-03	-9.9297986052022469e-01
8.7427128548669641e-01	2.9680654523485169e-02	-9.6197459939647245e-01
8.7277872561120273e-01	5.6023013467688024e-02	-9.1071496238595218e-01
8.7049281681118207e-01	8.2302356391977180e-02	-8.4412552497087023e-01
8.6741600182601086e-01	1.0849480110008938e-01	-7.6687493677416918e-01
8.6355144198951184e-01	1.3457655539300525e-01	-6.8318260721585733e-01
8.5890301402432301e-01	1.6052393868079806e-01	-5.9670400862634332e-01
8.5347530618659906e-01	1.8631340348298880e-01	-5.1048197770903114e-01
8.4727361376482679e-01	2.1192155679799371e-01	-4.2694932713766159e-01
8.4030393393718339e-01	2.3732518132210104e-01	-3.4796804977262030e-01
8.3257295999236791e-01	2.6250125649891781e-01	-2.7489175417857042e-01
8.2408807491950298e-01	2.8742697938003431e-01	-2.0864011723159864e-01
8.1485734437319879e-01	3.1207978527810820e-01	-1.4977659770847537e-01
8.0488950902047063e-01	3.3643736819365966e-01	-9.8583077618003334e-02
7.9419397627678701e-01	3.6047770099700283e-01	-5.5127266857417485e-02
7.8278081143901490e-01	3.8417905534715630e-01	-1.9320509307491886e-02
7.7066072822363252e-01	4.0752002132965659e-01	9.0349678343940674e-03
7.5784507871908768e-01	4.3047952679554929e-01	3.0209294469452558e-02
7.4434584276171678e-01	4.5303685638408725e-01	4.4517923744039262e-02
7.3017561674516196e-01	4.7517167021196144e-01	5.2303128694216161e-02
7.1534760187371937e-01	4.9686402221222137e-01	5.3922606309414436e-02
6.9987559187060433e-01	5.1809437810630099e-01	4.9743686315099254e-02
6.8377396015251024e-01	5.3884363299304350e-01	4.0141666052632356e-02
6.6705764648244270e-01	5.5909312853880366e-01	2.5500887256997822e-02
6.4974214311318301e-01	5.7882466975321190e-01	6.2173118612514735e-03
6.3184348043422567e-01	5.9802054133551696e-01	-1.7298473540392011e-02
6.1337821213552812e-01	6.1666352357677756e-01	-4.4618701803991481e-02
5.9436339990171305e-01	6.3473690780372383e-01	-7.5296989104561993e-02
5.7481659765097604e-01	6.5222451135032866e-01	-1.0886847755637460e-01
5.5475583533318273e-01	6.6911069204375584e-01	-1.4485180434292941e-01
5.3419960230210306e-01	6.8538036219171594e-01	-1.8275294278141932e-01
5.1316683027719767e-01	7.0101900205865886e-01	-2.2207077603723654e-01
4.9167687591052461e-01	7.1601267281887671e-01	-2.6230410600158122e-01
4.6974950297494833e-01	7.3034802897486106e-01	-3.0295967626250592e-01
4.4740486418995645e-01	7.4401233022992452e-01	-3.4356070545668838e-01
4.2466348270179333e-01	7.5699345280451991e-01	-3.8365538919522923e-01
4.0154623323500199e-01	7.6927990018617143e-01	-4.2282483550465011e-01
3.7807432293259446e-01	7.8086081330354506e-01	-4.6068994709448069e-01
3.5426927190249347e-01	7.9172598011562634e-01	-4.9691684728556346e-01
3.3015289348805082e-01	8.0186584460756771e-01	-5.3122055607172580e-01
3.0574727428079013e-01	8.1127151518525842e-01	-5.6336674792081387e-01
2.8107475389359027e-01	8.1993477246129931e-01	-5.9317155248700282e-01
2.5615790451292908e-01	8.2784807642552816e-01	-6.2049948302274660e-01
2.3101951024884865e-01	8.3500457299387931e-01	-6.4525968620143481e-01
2.0568254630152991e-01	8.4139809992989856e-01	-6.6740079485189063e-01
1.8017015796358704e-01	8.4702319213379651e-01	-6.8690472795813340e-01
1.5450563947717039e-01	8.5187508629454367e-01	-7.0377981899759112e-01
1.2871241276527343e-01	8.5594972490104371e-01	-7.1805366537137294e-01
1.0281400605666792e-01	8.5924375960903221e-01	-7.2976608116628672e-01
7.6834032423867424e-02	8.6175455396095080e-01	-7.3896250672511055e-01
5.0796168253862822e-02	8.6348018545659055e-01	-7.4568818587774321e-01
2.4724131671092713e-02	8.6441944697294770e-01	-7.4998336945691291e-01
-1.3583390675816966e-03	8.6457184753227811e-01	-7.5187974558026072e-01
-2.7427507186216386e-02	8.6393761241796374e-01	-7.5139823600893363e-01
-5.3459658991864882e-02	8.6251768263838358e-01	-7.4854823570611373e-01
-7.9431125445589376e-02	8.6031371373957677e-01	-7.4332831077621797e-01
-1.0531830368290664e-01	8.5732807396808253e-01	-7.3572830901202413e-01
-1.3109767846403717e-01	8.5356384178592515e-01	-7.2573277786377077e-01
-1.5674584353446402e-01	8.4902480274031322e-01	-7.1332552746609168e-01
-1.8223952287645881e-01	8.4371544569118750e-01	-6.9849512255013990e-01
-2.0755559183217306e-01	8.3764095840036656e-01	-6.8124103840428352e-01
-2.3267109807923314e-01	8.3080722248658345e-01	-6.6158017500380883e-01
-2.5756328243974730e-01	8.2322080775131024e-01	-6.3955339308518311e-01
-2.8220959950388191e-01	8.1488896588082094e-01	-6.1523171969917190e-01
-3.0658773804931544e-01	8.0581962353051917e-01	-5.8872187195644388e-01
-3.3067564123807286e-01	7.9602137479810831e-01	-5.6017076898585771e-01
-3.5445152657247952e-01	7.8550347309273394e-01	-5.2976874510120175e-01
-3.7789390559211650e-01	7.7427582240780457e-01	-4.9775124168816814e-01
-4.0098160329408533e-01	7.6234896800566121e-01	-4.6439883921221548e-01
-4.2369377725887636e-01	7.4973408652291773e-01	-4.3003558965345756e-01
-4.4600993646471732e-01	7.3644297550567539e-01	-3.9502571716838886e-01
-4.6790995977332517e-01	7.2248804238444986e-01	-3.5976886277257447e-01
-4.8937411407038423e-01	7.0788229289910964e-01	-3.2469414825197229e-01
-5.1038307204448996e-01	6.9263931898456199e-01	-2.9025341613072858e-01
-5.3091792958841311e-01	6.7677328612854237e-01	-2.5691405794311423e-01
-5.5096022280710943e-01	6.6029892021320691e-01	-2.2515186555929748e-01
-5.7049194461717156e-01	6.4323149385274059e-01	-1.9544432557974556e-01
-5.8949556092271793e-01	6.2558681223971913e-01	-1.6826472333579784e-01
-6.0795402635332219e-01	6.0738119851323180e-01	-1.4407733220060956e-01
-6.2585079954972600e-01	5.8863147866241983e-01	-1.2333383974169555e-01
-6.4316985798374104e-01	5.6935496597928625e-01	-1.0647101083803411e-01
-6.5989571229897415e-01	5.4956944507523420e-01	-9.3909416750915881e-02
-6.7601342015963028e-01	5.2929315547599098e-01	-8.6052876506872933e-02
-6.9150859959494093e-01	5.0854477481013061e-01	-8.3288071274082623e-02
-7.0636744182734756e-01	4.8734340160664114e-01	-8.5983612195342743e-02
-7.2057672357299751e-01	4.6570853771737630e-01	-9.4487676224801642e-02
-7.3412381880356958e-01	4.4366007038061933e-01	-1.0912318285747338e-01
-7.4699670995902911e-01	4.2121825394216661e-01	-1.3017937953259284e-01
-7.5918399860131225e-01	3.9840369125080005e-01	-1.5789865108576309e-01
-7.7067491549950451e-01	3.7523731474524208e-01	-1.9245739049471255e-01
-7.8145933013764746e-01	3.5174036724985841e-01	-2.3393989250976696e-01
-7.9152775963670852e-01	3.2793438249687462e-01	-2.8230449373556149e-01
-8.0087137708294087e-01	3.0384116539281586e-01	-3.3734162324547012e-01
-8.0948201925528129e-01	2.7948277204734745e-01	-3.9862409007898780e-01
-8.1735219374503520e-01	2.5488148958280948e-01	-4.6545085709291628e-01
-8.2447508546168602e-01	2.3005981574282947e-01	-5.3678675960680511e-01
-8.3084456251914229e-01	2.0504043831881022e-01	-6.1120211927968859e-01
-8.3645518149739351e-01	1.7984621441298779e-01	-6.8681793109032441e-01
-8.4130219207505708e-01	1.5450014955707403e-01	-7.6126415320832952e-01
-8.4538154102889362e-01	1.2902537670556050e-01	-8.3166041438679028e-01
-8.4868987559695630e-01	1.0344513512280448e-01	-8.9462988791035603e-01
-8.5122454620259169e-01	7.7782749183271715e-02	-9.4635779091705452e-01
-8.5298360853712785e-01	5.2061607104169551e-02	-9.8270550843272320e-01
-8.5396582499964346e-01	2.6305139629925558e-02	-9.9938924403147933e-01
-8.5417066549281162e-01	5.3679868791677195e-04	-9.9222794774277723e-01
-8.5359830757439092e-01	-2.5219963965103703e-02	-9.5745880972954922e-01
-8.5224963596453318e-01	-5.0941718086436820e-02	-8.9210986409431425e-01
-8.5012624140964832e-01	-7.6605076261320959e-02	-7.9440866317387093e-01
-8.4723041890417350e-01	-1.0218671516781327e-01	-6.6419451368216376e-01
-8.4356516527215086e-01	-1.2766339677346106e-01	-5.0329091182017172e-01
-8.3913417611113139e-01	-1.5301198944433017e-01	-3.1578654610237306e-01
-8.3394184210146916e-01	-1.7820948894738128e-01	-1.0816978707773753e-01
-8.2799324468467139e-01	-2.0323303932701914e-01	1.1073490579959272e-01
-8.2129415111504045e-01	-2.2805995363687051e-01	3.3006817608675243e-01
-8.1385100888938267e-01	-2.5266773450808638e-01	5.3749297238933547e-01
-8.0567093956017521e-01	-2.7703409453537853e-01	7.1999703213832544e-01
-7.9676173193809452e-01	-3.0113697646242016e-01	8.6489553479605796e-01
-7.8713183469036929e-01	-3.2495457314832554e-01	9.6095367618510785e-01
-7.7679034834202110e-01	-3.4846534729703854e-01	9.9951874070656055e-01
-7.6574701668749223e-01	-3.7164805093193443e-01	9.7553208567817773e-01
-7.5401221762081827e-01	-3.9448174459787333e-01	8.8828851946861442e-01
-7.4159695339292508e-01	-4.1694581627344968e-01	7.4182699577866706e-01
-7.2851284030518570e-01	-4.3901999997635405e-01	5.4487241080728499e-01
-7.1477209784892393e-01	-4.6068439404497941e-01	3.1030003329414380e-01
-7.0038753730096504e-01	-4.8191947907987198e-01	5.4154804758528699e-02
-6.8537254978589812e-01	-5.0270613552879617e-01	-2.0568185796469729e-01
-6.6974109381614944e-01	-5.2302566089960723e-01	-4.5103503503236031e-01
-6.5350768232149137e-01	-5.4285978658538425e-01	-6.6501529068529752e-01
-6.3668736917997137e-01	-5.6219069428677493e-01	-8.3345361540474172e-01
-6.1929573526281989e-01	-5.8100103201670361e-01	-9.4603207238365017e-01
-6.0134887400623471e-01	-5.9927392967312276e-01	-9.9699252262289473e-01
-5.8286337652339304e-01	-6.1699301416582841e-01	-9.8536393634641850e-01
-5.6385631627050670e-01	-6.3414242408373866e-01	-9.1471261630141942e-01
-5.4434523328101547e-01	-6.5070682388957146e-01	-7.9247880975122353e-01
-5.2434811798253111e-01	-6.6667141762916060e-01	-6.2900879774354324e-01
-5.0388339461146914e-01	-6.8202196214316269e-01	-4.3641779532923491e-01
-4.8296990424056913e-01	-6.9674477976942317e-01	-2.2742390418906169e-01
-4.6162688743507307e-01	-7.1082677052457877e-01	-1.4278761345894137e-02
-4.3987396655337174e-01	-7.2425542375415997e-01	1.9210875250748669e-01
-4.1773112770853904e-01	-7.3701882924074269e-01	3.8279682359076872e-01
-3.9521870240724777e-01	-7.4910568776035347e-01	5.5116292929456323e-01
-3.7235734888293304e-01	-7.6050532107777002e-01	6.9299824779580999e-01
-3.4916803314041572e-01	-7.7120768137184614e-01	8.0638445092595956e-01
-3.2567200972928728e-01	-7.8120336008259672e-01	8.9140866879043812e-01
-3.0189080226373916e-01	-7.9048359617223218e-01	9.4977777164361910e-01
-2.7784618370669151e-01	-7.9904028379290248e-01	9.8438985534604195e-01
-2.5356015643622271e-01	-8.0686597935447024e-01	9.9891144268593157e-01
-2.2905493211265140e-01	-8.1395390798612421e-01	9.9739618074666558e-01
-2.0435291136457281e-01	-8.2029796938627930e-01	9.8396723085466931e-01
-1.7947666331254758e-01	-8.2589274305568816e-01	9.6257304695949863e-01
-1.5444890494903968e-01	-8.3073349290932719e-01	9.3681605216567276e-01
-1.2929248039354502e-01	-8.3481617126312113e-01	9.0984640686702889e-01
-1.0403034004179830e-01	-8.3813742219219223e-01	8.8430862522480069e-01
-7.8685519628087369e-02	-8.4069458425786592e-01	8.6232688199512508e-01
-5.3281119219840148e-02	-8.4248569260124628e-01	8.4551491338777829e-01
-2.7840282163515084e-02	-8.4350948040176665e-01	8.3499786926183750e-01
-2.3861740011310306e-03	-8.4376537969967125e-01	8.3143579979353122e-01
2.3058038623458128e-02	-8.4325352158199396e-01	8.3504125857716194e-01
4.8469209049337054e-02	-8.4197473573215831e-01	8.4558651124398210e-01
7.3824231655055930e-02	-8.3993054934391276e-01	8.6239890598881186e-01
9.9100062867920294e-02	-8.3712318540088870e-01	8.8434601922686229e-01
1.2427374210677600e-01	-8.3355556032365019e-01	9.0981519228542440e-01
1.4932241263936083e-01	-8.2923128098667720e-01	9.3669495361588229e-01
1.7422334233527209e-01	-8.2415464110828784e-01	9.6236843122077131e-01
1.9895394429562521e-01	-8.1833061701709886e-01	9.8373094856253174e-01
2.2349179734078217e-01	-8.1176486279915894e-01	9.9724518944994089e-01
2.4781466633750102e-01	-8.0446370483047347e-01	9.9904713607656626e-01
2.7190052234711942e-01	-7.9643413570018395e-01	9.8511390789726816e-01
2.9572756257645194e-01	-7.8768380753023803e-01	9.5150019202569169e-01
3.1927423011343253e-01	-7.7822102469788978e-01	8.9464288778545431e-01
3.4251923342953894e-01	-7.6805473596796847e-01	8.1172397314155365e-01
3.6544156563141178e-01	-7.5719452604233928e-01	7.0107002889786685e-01
3.8802052344426258e-01	-7.4565060653452564e-01	5.6255452298311759e-01
4.1023572590986102e-01	-7.3343380637800559e-01	3.9795766199071353e-01
4.3206713278230902e-01	-7.2055556167714052e-01	2.1123062229025352e-01
4.5349506260492073e-01	-7.0702790501027468e-01	8.6086944767098470e-03
4.7450021045190532e-01	-6.9286345419500950e-01	-2.0147657462036131e-01
4.9506366531894869e-01	-6.7807540052607995e-01	-4.0872151415382119e-01
5.1516692714688994e-01	-6.6267749649687802e-01	-6.0152237738008385e-01
5.3479192346330917e-01	-6.4668404301595783e-01	-7.6777617352057936e-01
5.5392102562696899e-01	-6.3010987613045710e-01	-8.9585687400255876e-01
5.7253706466051535e-01	-6.1297035326875771e-01	-9.7568090729450829e-01
5.9062334665729699e-01	-5.9528133901507485e-01	-9.9975060208431099e-01
6.0816366774836861e-01	-5.7705919042923925e-01	-9.6405187821222815e-01
6.2514232861635533e-01	-5.5832074192517533e-01	-8.6868695536631302e-01
6.4154414854313457e-01	-5.3908328972209096e-01	-7.1814551568267482e-01
6.5735447897876964e-01	-5.1936457588273899e-01	-5.2115679939296822e-01
6.7255921661961049e-01	-4.9918277195343219e-01	-2.9011554992987593e-01
6.8714481598382160e-01	-4.7855646222097481e-01	-4.0129125577034457e-02
7.0109830147319641e-01	-4.5750462660185504e-01	2.1221711582766836e-01
7.1440727891048184e-01	-4.3604662317949777e-01	4.5024196625993268e-01
7.2705994654197337e-01	-4.1420217040562740e-01	6.5854549859387224e-01
7.3904510549561819e-01	-3.9199132898210576e-01	8.2423177315807838e-01
7.5035216968536389e-01	-3.6943448343989321e-01	9.3785140063921058e-01
7.6097117515300938e-01	-3.4655232343202974e-01	9.9397804663556233e-01
7.7089278883929491e-01	-3.2336582475785947e-01	9.9138197983063658e-01
7.8010831677656989e-01	-2.9989623013579020e-01	9.3281402915490241e-01
7.8860971169579053e-01	-2.7616502974236151e-01	8.2445732430601237e-01
7.9638958004126470e-01	-2.5219394153530017e-01	6.7513620504977434e-01
8.0344118838700052e-01	-2.2800489137867427e-01	4.9538852451459853e-01
8.0975846924910977e-01	-2.0361999298833491e-01	2.9650885851467396e-01
8.1533602628928747e-01	-1.7906152771589107e-01	8.9657942790718190e-02
8.2016913890488663e-01	-1.5435192418983537e-01	-1.1488820970378474e-01
8.2425376620172663e-01	-1.2951373783232553e-01	-3.0830301428003293e-01
8.2758655034631301e-01	-1.0456963027032684e-01	-4.8356889059624675e-01
8.3016481929469566e-01	-7.9542348660011961e-02	-6.3563719779149375e-01
8.3198658889580357e-01	-5.4454704943120262e-02	-7.6141287337568220e-01
8.3305056436762115e-01	-2.9329555054354528e-02	-8.5960024120036171e-01
8.3335614114517298e-01	-4.1897780986644368e-03	-9.3045188040491389e-01
8.3290340509984417e-01	2.0941744482610311e-02	-9.7546211535685268e-01
8.3169313213013418e-01	4.6042149737682996e-02	-9.9704205958922631e-01
8.2972678712452208e-01	7.1088614003494296e-02	-9.9820586394509325e-01
8.2700652229768523e-01	9.6058373659131585e-02	-9.8228941512733670e-01
8.2353517490188655e-01	1.2092874581466320e-01	-9.5271445181123759e-01
8.1931626431591775e-01	1.4567714891652009e-01	-9.1280378384303484e-01
8.1435398851453933e-01	1.7028112325080666e-01	-8.6564751057567613e-01
8.0865321992193206e-01	1.9471835132584173e-01	-8.1401600621889136e-01
8.0221950065323966e-01	2.1896667811543088e-01	-7.6031289825269477e-01
7.9505903714880255e-01	2.4300413114460839e-01	-7.0656007903688911e-01
7.8717869420629583e-01	2.6680894039948194e-01	-6.5440665475598214e-01
7.7858598841645676e-01	2.9035955804329694e-01	-6.0515433073447367e-01
7.6928908100868310e-01	3.1363467792076366e-01	-5.5979276814388701e-01
7.5929677011331131e-01	3.3661325483299670e-01	-5.1903968702586689e-01
7.4861848244785545e-01	3.5927452356572082e-01	-4.8338175806017275e-01
7.3726426443510795e-01	3.8159801765340678e-01	-4.5311350277245838e-01
7.2524477276141497e-01	4.0356358786249302e-01	-4.2837244089725562e-01
7.1257126438401497e-01	4.2515142037694564e-01	-4.0916955486776352e-01
6.9925558599680326e-01	4.4634205466974419e-01	-3.9541478233565541e-01
6.8531016296434233e-01	4.6711640104422714e-01	-3.8693771249099340e-01
6.7074798773450350e-01	4.8745575782939682e-01	-3.8350397381917373e-01
6.5558260774048249e-01	5.0734182821378726e-01	-3.8482798594967405e-01
6.3982811280348262e-01	5.2675673670268797e-01	-3.9058283203163302e-01
6.2349912204776248e-01	5.4568304518394373e-01	-4.0040801375006979e-01
6.0661077034019606e-01	5.6410376858788813e-01	-4.1391579863013928e-01
5.8917869426692215e-01	5.8200239012735067e-01	-4.3069677551668423e-01
5.7121901766005756e-01	5.9936287610407879e-01	-4.5032511328552161e-01
5.5274833668791101e-01	6.1616969026825885e-01	-4.7236388211664543e-01
5.3378370452239599e-01	6.3240780771836702e-01	-4.9637065665578550e-01
5.1434261559792116e-01	6.4806272832880285e-01	-5.2190348545643983e-01
4.9444298947616810e-01	6.6312048969342008e-01	-5.4852718936437161e-01
4.7410315433170985e-01	6.7756767957333408e-01	-5.7581984975863487e-01
4.5334183007369189e-01	6.9139144783791850e-01	-6.0337927095674815e-01
4.3217811111903309e-01	7.0457951788842066e-01	-6.3082915287313046e-01
4.1063144883311309e-01	7.1712019755396661e-01	-6.5782469130233823e-01
3.8872163365401119e-01	7.2900238945034679e-01	-6.8405733289203474e-01
3.6646877691671920e-01	7.4021560079241000e-01	-7.0925844680357963e-01
3.4389329239411137e-01	7.5074995265134625e-01	-7.3320173031251668e-01
3.2101587757146949e-01	7.6059618864877643e-01	-7.5570423501749862e-01
2.9785749467188283e-01	7.6974568307993141e-01	-7.7662597712565795e-01
2.7443935144982490e-01	7.7819044845884933e-01	-7.9586817273020671e-01
2.5078288177050589e-01	7.8592314247899597e-01	-8.1337021101079565e-01
2.2690972599286022e-01	7.9293707438322536e-01	-8.2910553993832026e-01
2.0284171117402991e-01	7.9922621073760358e-01	-8.4307668689530657e-01
1.7860083111351205e-01	8.0478518060410553e-01	-8.5530966877214021e-01
1.5420922625517547e-01	8.0960928010777700e-01	-8.6584806224842970e-01
1.2968916346557416e-01	8.1369447639448456e-01	-8.7474700611182232e-01
1.0506301570692751e-01	8.1703741097596794e-01	-8.8206739557806835e-01
8.0353241623422098e-02	8.1963540245942046e-01	-8.8787050621902075e-01
5.5582365059404733e-02	8.2148644865942999e-01	-8.9221325504256999e-01
3.0772954528144630e-02	8.2258922809064838e-01	-8.9514427112282491e-01
5.9476026499383780e-03	8.2294310084013023e-01	-8.9670091017902498e-01
-1.8871094421808145e-02	8.2254810881885410e-01	-8.9690730833499244e-01
-4.3660557567703442e-02	8.2140497539248980e-01	-8.9577353106535351e-01
-6.8398245243976571e-02	8.1951510439205666e-01	-8.9329583464297202e-01
-9.3061673979979831e-02	8.1688057850566587e-01	-8.8945801946471048e-01
-1.1762843881278603e-01	8.1350415705312296e-01	-8.8423381749409058e-01
-1.4207623364048846e-01	8.0938927314570142e-01	-8.7759021980181617e-01
-1.6638287147555092e-01	8.0454003023398479e-01	-8.6949161512782436e-01
-1.9052630457992115e-01	7.9896119804721244e-01	-8.5990457724089464e-01
-2.1448464446362955e-01	7.9265820792811148e-01	-8.4880310881387033e-01
-2.3823618172865554e-01	7.8563714756777636e-01	-8.3617412420347503e-01
-2.6175940574016715e-01	7.7790475514566138e-01	-8.2202293491269851e-01
-2.8503302410725301e-01	7.6946841288031864e-01	-8.0637849175664855e-01
-3.0803598195550630e-01	7.6033613999704397e-01	-7.8929813885256217e-01
-3.3074748097406942e-01	7.5051658511909636e-01	-7.7087164805855546e-01
-3.5314699821981360e-01	7.4001901808973225e-01	-7.5122432915957893e-01
-3.7521430466176453e-01	7.2885332123273538e-01	-7.3051905064549760e-01
-3.9692948344890694e-01	7.1702998005971674e-01	-7.0895705679830223e-01
-4.1827294788498354e-01	7.0456007343286409e-01	-6.8677752614714749e-01
-4.3922545909397115e-01	6.9145526319240647e-01	-6.6425588009916336e-01
-4.5976814336035732e-01	6.7772778325847161e-01	-6.4170091370023286e-01
-4.7988250912858738e-01	6.6339042821751304e-01	-6.1945087746896088e-01
-4.9955046364632072e-01	6.4845654140397990e-01	-5.9786868448262365e-01
-5.1875432923661913e-01	6.3294000248826265e-01	-5.7733644528385009e-01
-5.3747685918431509e-01	6.1685521458253179e-01	-5.5824954065923005e-01
-5.5570125322236896e-01	6.0021709087638964e-01	-5.4101042632008611e-01
-5.7341117260430718e-01	5.8304104081472774e-01	-5.2602232317416686e-01
-5.9059075474914791e-01	5.6534295583066119e-01	-5.1368288332492151e-01
-6.0722462744580707e-01	5.4713919464664296e-01	-5.0437783821313364e-01
-6.2329792260415373e-01	5.2844656815745461e-01	-4.9847453628180960e-01
-6.3879628954049039e-01	5.0928232390897410e-01	-4.9631516969551692e-01
-6.5370590778558568e-01	4.8966413018704424e-01	-4.9820938094888922e-01
-6.6801349940378030e-01	4.6961005973118203e-01	-5.0442583999350576e-01
-6.8170634081225634e-01	4.4913857308806127e-01	-5.1518230151653466e-01
-6.9477227408990905e-01	4.2826850162015079e-01	-5.3063360243927205e-01
-7.0719971776580315e-01	4.0701903018510982e-01	-5.5085705547802444e-01
-7.1897767707761140e-01	3.8540967950192556e-01	-5.7583475145510588e-01
-7.3009575369100632e-01	3.6346028821991250e-01	-6.0543241841840767e-01
-7.4054415487137237e-01	3.4119099470712966e-01	-6.3937471812086366e-01
-7.5031370209978232e-01	3.1862221857488160e-01	-6.7721720841179389e-01
-7.5939583912566744e-01	2.9577464195525310e-01	-7.1831567933319762e-01
-7.6778263944910174e-01	2.7266919054889477e-01	-7.6179419048333130e-01
-7.7546681322620659e-01	2.4932701446033489e-01	-8.0651389505446813e-01
-7.8244171359164016e-01	2.2576946883844426e-01	-8.5104561096745135e-01
-7.8870134239270406e-01	2.0201809433977685e-01	-8.9365004468579701e-01
-7.9424035533016346e-01	1.7809459743256245e-01	-9.3227050776471709e-01
-7.9905406650134803e-01	1.5402083055951268e-01	-9.6454376922542306e-01
-8.0313845234173198e-01	1.2981877217741550e-01	-9.8783519545648091e-01
-8.0649015496167409e-01	1.0551050669184778e-01	-9.9930434254090816e-01
-8.0910648487557912e-01	8.1118204305325320e-02	-9.9600645847594493e-01
-8.1098542312131205e-01	5.6664100797181670e-02	-9.7503370114841237e-01
-8.1212562276820954e-01	3.2170477253756505e-02	-9.3369709962100522e-01
-8.1252640981263624e-01	7.6596397672544989e-03	-8.6974629145967408e-01
-8.1218778346056031e-01	-1.6846100878168336e-02	-7.8161891988933974e-01
-8.1111041579719612e-01	-4.1324449514591056e-02	-6.6870554449837039e-01
-8.0929565084431387e-01	-6.5753146874359292e-02	-5.3160953553538814e-01
-8.0674550300637837e-01	-9.0109989831406584e-02	-3.7237547942982041e-01
-8.0346265490722746e-01	-1.1437285158156019e-01	-1.9465514871881756e-01
-7.9945045461956366e-01	-1.3851970174342906e-01	-3.7782440534906573e-03
-7.9471291229007524e-01	-1.6252862636163382e-01	1.9330296961290488e-01
-7.8925469616356159e-01	-1.8637784779421293e-01	3.8821945634340155e-01
-7.8308112800997409e-01	-2.1004574446615507e-01	5.7155438337359099e-01
-7.7619817795882662e-01	-2.3351087047115826e-01	7.3337179337844405e-01
-7.6861245874598638e-01	-2.5675197500378638e-01	8.6388184491634556e-01
-7.6033121937833914e-01	-2.7974802160452977e-01	9.5419859155766529e-01
-7.5136233822242793e-01	-3.0247820720018931e-01	9.9712702702879674e-01
-7.4171431552359635e-01	-3.2492198092250052e-01	9.8790182887946387e-01
-7.3139626536275348e-01	-3.4705906268787906e-01	9.2479402602442728e-01
-7.2041790705836828e-01	-3.6886946152149269e-01	8.0950605551820143e-01
-7.0878955602175175e-01	-3.9033349360919151e-01	6.4729134456117354e-01
-6.9652211407427789e-01	-4.1143180006087227e-01	4.4676083955443363e-01
-6.8362705923558686e-01	-4.3214536436933637e-01	2.1937306951327307e-01
-6.7011643499231910e-01	-4.5245552954889356e-01	-2.1358020980269590e-02
-6.5600283905746348e-01	-4.7234401493818434e-01	-2.6086752845293587e-01
-6.4129941163071857e-01	-4.9179293265222018e-01	-4.8465816937401124e-01
-6.2601982317088989e-01	-5.1078480366870282e-01	-6.7941869468233962e-01
-6.1017826169161749e-01	-5.2930257353427201e-01	-8.3402665514869534e-01
-5.9378941959230769e-01	-5.4732962767647364e-01	-9.4033416528063807e-01
-5.7686848003641322e-01	-5.6484980630779602e-01	-9.9366266152935878e-01
-5.5943110288974995e-01	-5.8184741890832792e-01	-9.9296895134657337e-01
-5.4149341023183739e-01	-5.9830725827410680e-01	-9.4068449428270795e-01
-5.2307197145365647e-01	-6.1421461411858058e-01	-8.4226693569596245e-01
-5.0418378795564367e-01	-6.2955528621498191e-01	-7.0553227872265467e-01
-4.8484627745997505e-01	-6.4431559706794428e-01	-5.3985419251851841e-01
-4.6507725795167182e-01	-6.5848240410300074e-01	-3.5532236432776942e-01
-4.4489493126333823e-01	-6.7204311136311012e-01	-1.6194518635184116e-01
-4.2431786631856799e-01	-6.8498568070186250e-01	3.1034134038752815e-02
-4.0336498204957366e-01	-6.9729864246333428e-01	2.1566117959636708e-01
-3.8205553000462161e-01	-7.0897110563921062e-01	3.8561110985876196e-01
-3.6040907666134236e-01	-7.1999276749413310e-01	5.3634693456256399e-01
-3.3844548546216663e-01	-7.3035392265077548e-01	6.6511420346769123e-01
-3.1618489858829407e-01	-7.4004547162669054e-01	7.7080385552529063e-01
-2.9364771848903914e-01	-7.4905892881536118e-01	8.5372153010478746e-01
-2.7085458918338873e-01	-7.5738642990452054e-01	9.1530247942060805e-01
-2.4782637735095947e-01	-7.6502073872523901e-01	9.5780753339537983e-01
-2.2458415322967590e-01	-7.7195525352582617e-01	9.8402888198778993e-01
-2.0114917133760077e-01	-7.7818401266514181e-01	9.9702629949524924e-01
-1.7754285103665099e-01	-7.8370169972038750e-01	9.9990617255956105e-01
-1.5378675695587699e-01	-7.8850364800505024e-01	9.9564829627336349e-01
-1.2990257929225521e-01	-7.9258584449316183e-01	9.8697947438498101e-01
-1.0591211400696887e-01	-7.9594493314659931e-01	9.7628875130170301e-01
-8.1837242935261775e-02	-7.9857821764269565e-01	9.6557659062494650e-01
-5.7699913828017854e-02	-8.0048366349997346e-01	9.5642929065864124e-01
-3.3522120343251145e-02	-8.0165989960036754e-01	9.5001009361048538e-01
-9.3258820058091888e-03	-8.0210621910684710e-01	9.4705948550277774e-01
1.4866775846569494e-02	-8.0182257977590909e-01	9.4789881220011007e-01
3.9033842112420308e-02	-8.0080960366495169e-01	9.5243332265293812e-01
6.3153339952846527e-02	-7.9906857623510164e-01	9.6015292094978211e-01
8.7203346776621726e-02	-7.9660144485060758e-01	9.7013113695146480e-01
1.1116201416592741e-01	-7.9341081667647473e-01	9.8102500646183621e-01
1.3500758772471114e-01	-7.8949995597653921e-01	9.9108057689385853e-01
1.5871842683149789e-01	-7.8487278081475942e-01	9.9815048457514044e-01
1.8227302427881598e-01	-7.7953385916301232e-01	9.9973129981124431e-01
2.0565002578141328e-01	-7.7348840441922861e-01	9.9302886935986256e-01
2.2882824933547183e-01	-7.6674227034026776e-01	9.7505942998856177e-01
2.5178670441142337e-01	-7.5930194539439599e-01	9.4279254677477509e-01
2.7450461096282280e-01	-7.5117454653884086e-01	8.9333872705475970e-01
2.9696141823416411e-01	-7.4236781242834848e-01	8.2417978754729160e-01
3.1913682335060994e-01	-7.3289009606120514e-01	7.3343383379201765e-01
3.4101078967274773e-01	-7.2275035686973055e-01	6.2013946073809467e-01
3.6256356489986802e-01	-7.1195815226268444e-01	4.8453624512843302e-01
3.8377569890535224e-01	-7.0052362862758388e-01	3.2831183865088265e-01
4.0462806128810230e-01	-6.8845751180137627e-01	1.5478128586555276e-01
4.2510185862411909e-01	-6.7577109701843652e-01	-3.1037049053004036e-02
4.4517865140276208e-01	-6.6247623834525626e-01	-2.2248116361547321e-01
4.6484037063234146e-01	-6.4858533761174475e-01	-4.1146415108592338e-01
4.8406933410013958e-01	-6.3411133284944610e-01	-5.8886128988578879e-01
5.0284826227223123e-01	-6.1906768624744168e-01	-7.4505621856322946e-01
5.2116029381876106e-01	-6.0346837163717648e-01	-8.7061585507505579e-01
5.3898900075080980e-01	-5.8732786151778582e-01	-9.5704292826389414e-01
5.5631840315519643e-01	-5.7066111363400496e-01	-9.9753775370096764e-01
5.7313298351400788e-01	-5.5348355711911668e-01	-9.8769044424808417e-01
5.8941770059609533e-01	-5.3581107821569729e-01	-9.2602367990495882e-01
6.0515800290799193e-01	-5.1766000558748448e-01	-8.1431581154544619e-01
6.2033984169235168e-01	-4.9904709523581925e-01	-6.5765412361046904e-01
6.3494968346219061e-01	-4.7998951503470527e-01	-4.6419643700293339e-01
6.4897452205982220e-01	-4.6050482889868699e-01	-2.4465224625889651e-01
6.6240189022974061e-01	-4.4061098059814185e-01	-1.1527607917334365e-02
6.7521987069511102e-01	-4.2032627723696064e-01	2.2179382351068419e-01
6.8741710672809253e-01	-3.9966937240775413e-01	4.4204207383284716e-01
6.9898281220458758e-01	-3.7865924904012410e-01	6.3702557743398225e-01
7.0990678113452665e-01	-3.5731520195777289e-01	7.9647585504939211e-01
7.2017939665930053e-01	-3.3565682016042586e-01	9.1269554973962363e-01
7.2979163950836901e-01	-3.1370396884692525e-01	9.8095879121991469e-01
7.3873509590767306e-01	-2.9147677119588805e-01	9.9964301674887823e-01
7.4700196493287385e-01	-2.6899558992074069e-01	9.7010167570080930e-01
7.5458506530105229e-01	-2.4628100861593130e-01	8.9631360296030038e-01
7.6147784159492871e-01	-2.2335381291149800e-01	7.8436418662079088e-01
7.6767436991423987e-01	-2.0023497145319533e-01	6.4182408732478757e-01
7.7316936294941963e-01	-1.7694561672558257e-01	4.7709297395557970e-01
7.7795817447323479e-01	-1.5350702573566757e-01	2.9876960311484196e-01
7.8203680324661062e-01	-1.2994060057465137e-01	1.1509759171346719e-01
7.8540189633535251e-01	-1.0626784887566490e-01	-6.6479122710455141e-02
7.8805075183506157e-01	-8.2510364185249110e-02	-2.3963340050926984e-01
7.8998132100205964e-01	-5.8689806266491042e-02	-3.9934192144226882e-01
7.9119220978866800e-01	-3.4827881351880079e-02	-5.4195176929039168e-01
7.9168267978176310e-01	-1.0946322363734535e-02	-6.6514501509812429e-01
7.9145264854403818e-01	1.2933130879624053e-02	-7.6782475158456831e-01
7.9050268935797052e-01	3.6788751454019032e-02	-8.4994760618582632e-01
7.8883403037302535e-01	6.0598845097871175e-02	-9.1232655188082468e-01
7.8644855315717344e-01	8.4341769940890418e-02	-9.5642466796047010e-01
7.8334879065434337e-01	1.0799595617516103e-01	-9.8415621489734506e-01
7.7953792454996662e-01	1.3153992565067910e-01	-9.9770671789663157e-01
7.7501978204730804e-01	1.5495231137757873e-01	-9.9937927851108277e-01
7.6979883205782851e-01	1.7821187691727880e-01	-9.9147044201327705e-01
7.6388018080932119e-01	2.0129753564504857e-01	-9.7617585130306594e-01
7.5726956687613600e-01	2.2418836986642385e-01	-9.5552367899256185e-01
7.4997335563629575e-01	2.4686364977019878e-01	-9.3133240197350120e-01
7.4199853316083841e-01	2.6930285220082001e-01	-9.0518875247155040e-01
7.3335269954125482e-01	2.9148567923313090e-01	-8.7844149809461303e-01
7.2404406166134838e-01	3.1339207653274503e-01	-8.5220691632698009e-01
7.1408142542040354e-01	3.3500225148536728e-01	-8.2738229441610722e-01
7.0347418741502576e-01	3.5629669107867362e-01	-8.0466438479306979e-01
6.9223232608745811e-01	3.7725617952068202e-01	-7.8457038739597817e-01
6.8036639234876861e-01	3.9786181557857070e-01	-7.6745964862850446e-01
6.6788749968564354e-01	4.1809502962243561e-01	-7.5355482084233238e-01
6.5480731376009926e-01	4.3793760035853163e-01	-7.4296169386862054e-01
6.4113804151183207e-01	4.5737167123693667e-01	-7.3568728314758558e-01
6.2689241977335797e-01	4.7637976651889768e-01	-7.3165603915812139e-01
6.1208370340857765e-01	4.9494480698937038e-01	-7.3072423807058573e-01
5.9672565298579339e-01	5.1305012530063965e-01	-7.3269273520837930e-01
5.8083252199664392e-01	5.3067948093323702e-01	-7.3731832386313378e-01
5.6441904363281903e-01	5.4781707476073038e-01	-7.4432395532921536e-01
5.4750041713281816e-01	5.6444756320532319e-01	-7.5340805420848644e-01
5.3009229371140354e-01	5.8055607197158621e-01	-7.6425311759325387e-01
5.1221076208476546e-01	5.9612820934603072e-01	-7.7653372793714948e-01
4.9387233360478727e-01	6.1115007905063645e-01	-7.8992404616775680e-01
4.7509392701614012e-01	6.2560829263885709e-01	-8.0410479129771040e-01
4.5589285285027653e-01	6.3948998142305169e-01	-8.1876966129699347e-01
4.3628679747071658e-01	6.5278280792271948e-01	-8.3363111149716707e-01
4.1629380678432826e-01	6.6547497682335977e-01	-8.4842538382687316e-01
3.9593226963360179e-01	6.7755524543622880e-01	-8.6291667359539415e-01
3.7522090088519966e-01	6.8901293364972216e-01	-8.7690032967987996e-01
3.5417872423033442e-01	6.9983793336358480e-01	-8.9020500683818071e-01
3.3282505471277829e-01	7.1002071739761929e-01	-9.0269372244008184e-01
3.1117948100055109e-01	7.1955234786705025e-01	-9.1426381049633887e-01
2.8926184741756206e-01	7.2842448401718918e-01	-9.2484580950928841e-01
2.6709223575165036e-01	7.3662938951055690e-01	-9.3440136353242209e-01
2.4469094685580908e-01	7.4415993916006395e-01	-9.4292025453194905e-01
2.2207848205926778e-01	7.5100962510247182e-01	-9.5041671603655586e-01
1.9927552440563501e-01	7.5717256240673014e-01	-9.5692520136874726e-01
1.7630291973516785e-01	7.6264349411241295e-01	-9.6249579362960502e-01
1.5318165762846811e-01	7.6741779569394897e-01	-9.6718944908942772e-01
1.2993285222913498e-01	7.7149147894685532e-01	-9.7107326148445938e-01
1.0657772296271036e-01	7.7486119529276820e-01	-9.7421592323333950e-01
8.3137575169675529e-02	7.7752423850052355e-01	-9.7668354237039445e-01
5.9633780670182351e-02	7.7947854682111783e-01	-9.7853595273279603e-01
3.6087758278054625e-02	7.8072270453492232e-01	-9.7982363120665716e-01
1.2520954282135411e-02	7.8125594291001144e-01	-9.8058531094380352e-01
-1.1045177087575506e-02	7.8107814057106206e-01	-9.8084635436867340e-01
-3.4589193190891966e-02	7.8018982327876696e-01	-9.8061792509310863e-01
-5.8089682487933503e-02	7.7859216312028090e-01	-9.7989697379771767e-01
-8.1525284011380941e-02	7.7628697711172290e-01	-9.7866702971817199e-01
-1.0487470678263203e-01	7.7327672521432156e-01	-9.7689976644916821e-01
-1.2811674915439689e-01	7.6956450776629703e-01	-9.7455728819366039e-01
-1.5123031806204992e-01	7.6515406233312244e-01	-9.7159506030306275e-01
-1.7419444816625862e-01	7.6004975997933555e-01	-9.6796538616063810e-01
-1.9698832086962531e-01	7.5425660096556824e-01	-9.6362131163161935e-01
-2.1959128318990317e-01	7.4778020987504235e-01	-9.5852081922781140e-01
-2.4198286647286613e-01	7.4062683017422393e-01	-9.5263115787567498e-01
-2.6414280492776554e-01	7.3280331821290157e-01	-9.4593314198575951e-01
-2.8605105396862601e-01	7.2431713666942699e-01	-9.3842524669439475e-01
-3.0768780834477549e-01	7.1517634744737590e-01	-9.3012732585421098e-01
-3.2903352004421321e-01	7.0538960403037343e-01	-9.2108378643826572e-01
-3.5006891595362849e-01	6.9496614330232320e-01	-9.1136606784347940e-01
-3.7077501525912071e-01	6.8391577684076243e-01	-9.0107429683744600e-01
-3.9113314657190779e-01	6.7224888169153829e-01	-8.9033801756140363e-01
-4.1112496476357474e-01	6.5997639063347158e-01	-8.7931592931531144e-01
-4.3073246749568295e-01	6.4710978194213331e-01	-8.6819460038653773e-01
-4.4993801142884732e-01	6.3366106866230831e-01	-8.5718616103601908e-01
-4.6872432809668990e-01	6.1964278739916734e-01	-8.4652500978624112e-01
-4.8707453943038798e-01	6.0506798663859829e-01	-8.3646359129919390e-01
-5.0497217291986396e-01	5.8995021460757224e-01	-8.2726731873140380e-01
-5.2240117639799843e-01	5.7430350668583297e-01	-8.1920871658286321e-01
-5.3934593243460116e-01	5.5814237238060060e-01	-8.1256085081578666e-01
-5.5579127232723569e-01	5.4148178187637475e-01	-8.0759009175787910e-01
-5.7172248967636619e-01	5.2433715217229770e-01	-8.0454822377682489e-01
-5.8712535353268158e-01	5.0672433281991447e-01	-8.0366387714835152e-01
-6.0198612110484795e-01	4.8865959127451797e-01	-8.0513321664618831e-01
-6.1629155001634273e-01	4.7015959787361394e-01	-8.0910978427941227e-01
-6.3002891010044826e-01	4.5124141045637750e-01	-8.1569336771154932e-01
-6.4318599472289828e-01	4.3192245863828393e-01	-8.2491775977093051e-01
-6.5575113162211429e-01	4.1222052775541734e-01	-8.3673729755655180e-01
-6.6771319325742762e-01	3.9215374249321033e-01	-8.5101213196850489e-01
-6.7906160665605875e-01	3.7174055021477997e-01	-8.6749229009618778e-01
-6.8978636275025063e-01	3.5099970400403147e-01	-8.8580076308811850e-01
-6.9987802519621378e-01	3.2995024543927631e-01	-9.0541608831693632e-01
-7.0932773866718035e-01	3.0861148711309672e-01	-9.2565520074251839e-01
-7.1812723661328526e-01	2.8700299491449754e-01	-9.4565770259584137e-01
-7.2626884848143591e-01	2.6514457008970527e-01	-9.6437313273542469e-01
-7.3374550638896741e-01	2.4305623109785610e-01	-9.8055328571038824e-01
-7.4055075124518088e-01	2.2075819527844356e-01	-9.9275209952647514e-01
-7.4667873831555587e-01	1.9827086034714411e-01	-9.9933604682185373e-01
-7.5212424222384278e-01	1.7561478573695699e-01	-9.9850825418873435e-01
-7.5688266138773008e-01	1.5281067380187449e-01	-9.8834964810310444e-01
-7.6095002188439875e-01	1.2987935090008809e-01	-9.6688017864895537e-01
-7.6432298074269944e-01	1.0684174837412001e-01	-9.3214249388229165e-01
-7.6699882865926350e-01	8.3718883445251469e-02	-8.8230922706054860e-01
-7.6897549213638305e-01	6.0531840039577574e-02	-8.1581324366116581e-01
-7.7025153503998833e-01	3.7301749563371234e-02	-7.3149775641405057e-01
-7.7082615957662892e-01	1.4049771645095268e-02	-6.2878021688141517e-01
-7.7069920668885461e-01	-9.2029251382728348e-03	-5.0782050081086627e-01
-7.6987115586894272e-01	-3.2435182533085402e-02	-3.6968041621358227e-01
-7.6834312439144103e-01	-5.5625871861488145e-02	-2.1645840135908351e-01
-7.6611686596552553e-01	-7.8753913236984177e-02	-5.1380978289623624e-02
-7.6319476880870174e-01	-1.0179829472562311e-01	1.2116831688957597e-01
-7.5957985314390175e-01	-1.2473809143539794e-01	2.9570060945210713e-01
-7.5527576812255603e-01	-1.4755248451650674e-01	4.6576834716725041e-01
-7.5028678817673766e-01	-1.7022078005522748e-01	6.2421488937511893e-01
-7.4461780880399520e-01	-1.9272242784425772e-01	7.6352591751149357e-01
-7.3827434178900975e-01	-2.1503704001249560e-01	8.7627046397964492e-01
-7.3126250986671459e-01	-2.3714440949737153e-01	9.5560724422730681e-01
-7.2358904083202802e-01	-2.5902452834299611e-01	9.9582029935638339e-01
-7.1526126110185062e-01	-2.8065760580755345e-01	9.9283843549559081e-01
-7.0628708873546908e-01	-3.0202408626355398e-01	9.4468734027730783e-01
-6.9667502592000718e-01	-3.2310466687475664e-01	8.5182306368464045e-01
-6.8643415092803850e-01	-3.4388031503378258e-01	7.1730169366598051e-01
-6.7557410955496155e-01	-3.6433228554466801e-01	5.4675262000597924e-01
-6.6410510604420070e-01	-3.8444213753484613e-01	3.4814085453644178e-01
-6.5203789350876162e-01	-4.0419175108129896e-01	1.3132557365957276e-01
-6.3938376385812556e-01	-4.2356334353589381e-01	-9.2555296456067054e-02
-6.2615453723990899e-01	-4.4253948553519262e-01	-3.1182409183899695e-01
-6.1236255100615400e-01	-4.6110311668032683e-01	-5.1506021925951972e-01
-5.9802064821454748e-01	-4.7923756087282637e-01	-6.9188100119817020e-01
-5.8314216567525390e-01	-4.9692654129264974e-01	-8.3363365689248481e-01
-5.6774092155455547e-01	-5.1415419500487591e-01	-9.3393522694729370e-01
-5.5183120254669460e-01	-5.3090508718210028e-01	-9.8901449085570869e-01
-5.3542775062594428e-01	-5.4716422492963868e-01	-9.9783226036149508e-01
-5.1854574939111975e-01	-5.6291707070124331e-01	-9.6198070646654021e-01
-5.0120081001516859e-01	-5.7814955529332601e-01	-8.8538527568668235e-01
-4.8340895681292767e-01	-5.9284809040600261e-01	-7.7385133586164179e-01
-4.6518661244021603e-01	-6.0699958075989457e-01	-6.3450986182706193e-01
-4.4655058273813308e-01	-6.2059143575771292e-01	-4.7522123184175952e-01
-4.2751804123640713e-01	-6.3361158068036849e-01	-3.0399372373648959e-01
-4.0810651333007619e-01	-6.4604846740764821e-01	-1.2846475139374114e-01
-3.8833386014423382e-01	-6.5789108465383894e-01	4.4519855154425116e-02
-3.6821826210144853e-01	-6.6912896770940022e-01	2.0920795613690482e-01
-3.4777820220722022e-01	-6.7975220767991229e-01	3.6111862820929425e-01
-3.2703244906868195e-01	-6.8975146021425182e-01	4.9710186564088921e-01
-3.0600003966214628e-01	-6.9911795371430629e-01	6.1529687054836602e-01
-2.8470026186545405e-01	-7.0784349701895755e-01	7.1501139277368375e-01
-2.6315263677098716e-01	-7.1592048655569474e-01	7.9654704899829676e-01
-2.4137690079566018e-01	-7.2334191295357542e-01	8.6099492932070809e-01
-2.1939298760428785e-01	-7.3010136711180085e-01	9.1002285619970258e-01
-1.9722100986277905e-01	-7.3619304571869648e-01	9.4567127153677377e-01
-1.7488124083804199e-01	-7.4161175621630415e-01	9.7016973063819201e-01
-1.5239409586125105e-01	-7.4635292120641206e-01	9.8578107465735154e-01
-1.2978011367153347e-01	-7.5041258229427033e-01	9.9467604031975831e-01
-1.0705993765708781e-01	-7.5378740336679784e-01	9.9883764846093270e-01
-8.4254297010872031e-02	-7.5647467330258999e-01	9.9999231124527155e-01
-6.1383987818063770e-02	-7.5847230811155875e-01	9.9956319182957198e-01
-3.8469854092547009e-02	-7.5977885250255450e-01	9.9864082684397060e-01
-1.5532768779718129e-02	-7.6039348087784286e-01	9.9796621986380518e-01
7.4063852570750727e-03	-7.6031599775383274e-01	9.9792235761346015e-01
3.0326734249141535e-02	-7.5954683760797115e-01	9.9853122334510813e-01
5.3207432516792379e-02	-7.5808706415224747e-01	9.9945473643089333e-01
7.6027681428139454e-02	-7.5593836903426781e-01	9.9999950622759826e-01
9.8766748305104402e-02	-7.5310306996738374e-01	9.9912673718727840e-01
1.2140398525945251e-01	-7.4958410829187705e-01	9.9546994891335072e-01
1.4391884794173868e-01	-7.4538504596972022e-01	9.8736425934126637e-01
1.6629091418614064e-01	-7.4051006201594571e-01	9.7289168668480341e-01
1.8849990253425905e-01	-7.3496394837016998e-01	9.4994710696785645e-01
2.1052569062108190e-01	-7.2875210521232381e-01	9.1632900485537960e-01
2.3234833340644712e-01	-7.2188053572714905e-01	8.6985783805915295e-01
2.5394808123547902e-01	-7.1435584032251698e-01	8.0852260894275185e-01
2.7530539771168133e-01	-7.0618521030710824e-01	7.3065309621698882e-01
2.9640097736640608e-01	-6.9737642103353459e-01	6.3511126663703099e-01
3.1721576310889449e-01	-6.8793782451336005e-01	5.2149094376369831e-01
3.3773096344094145e-01	-6.7787834151109005e-01	3.9031031727934851e-01
3.5792806942073496e-01	-6.6720745312456442e-01	2.4317795540101950e-01
3.7778887136055489e-01	-6.5593519185968319e-01	8.2910372007894889e-02
3.9729547524317110e-01	-6.4407213220791726e-01	-8.6421340524293039e-02
4.1643031884233334e-01	-6.3162938073533359e-01	-2.5953611599703952e-01
4.3517618753260379e-01	-6.1861856569254725e-01	-4.3009374309723392e-01
4.5351622977446043e-01	-6.0505182615522501e-01	-5.9095844673711861e-01
4.7143397226073946e-01	-5.9094180070526492e-01	-7.3457064034798880e-01
4.8891333471065268e-01	-5.7630161566331461e-01	-8.5340952780416912e-01
5.0593864429833468e-01	-5.6114487288340009e-01	-9.4051636063276256e-01
5.2249464970274018e-01	-5.4548563712119014e-01	-9.9003695227611865e-01
5.3856653476645033e-01	-5.2933842298750922e-01	-9.9773436627100764e-01
5.5413993175114606e-01	-5.1271818149918924e-01	-9.6142011127432847e-01
5.6920093417778828e-01	-4.9564028623982764e-01	-8.8125569248369306e-01
5.8373610924016328e-01	-4.7812051914312964e-01	-7.5988615517383218e-01
5.9773250978063985e-01	-4.6017505591205260e-01	-6.0238252891818800e-01
6.1117768581747056e-01	-4.4182045108722434e-01	-4.1598915085779786e-01
6.2405969561344010e-01	-4.2307362277833011e-01	-2.0969233444040683e-01
6.3636711627591735e-01	-4.0395183707269622e-01	6.3539515662723181e-03
6.4808905387901616e-01	-3.8447269213528945e-01	2.2149442039787709e-01
6.5921515309883683e-01	-3.6465410201486048e-01	4.2527049055353711e-01
6.6973560635329588e-01	-3.4451428017110114e-01	6.0808744383862812e-01
6.7964116243847872e-01	-3.2407172273796625e-01	7.6179320924336047e-01
6.8892313465392374e-01	-3.0334519153853812e-01	8.8012264713670940e-01
6.9757340840970494e-01	-2.8235369686702921e-01	9.5897715442159825e-01
7.0558444830866562e-01	-2.6111648005372429e-01	9.9652761362109887e-01
7.1294930469763251e-01	-2.3965299582885036e-01	9.9314672778999780e-01
7.1966161968192455e-01	-2.1798289450153838e-01	9.5119242948390414e-01
7.2571563259796812e-01	-1.9612600397020166e-01	8.7467568991167888e-01
7.3110618493932178e-01	-1.7410231158079831e-01	7.6885277858724099e-01
7.3582872473191496e-01	-1.5193194584957667e-01	6.3978369585586126e-01
7.3987931035481180e-01	-1.2963515806701723e-01	4.9389565790700923e-01
7.4325461380331226e-01	-1.0723230379978264e-01	3.3758418647349542e-01
7.4595192339171812e-01	-8.4743824307572879e-02	1.7687583833535159e-01
7.4796914589360086e-01	-6.2190227891849720e-02	1.7167235944798694e-02
7.4930480811791922e-01	-3.9592071193449124e-02	-1.3695398758249808e-01
7.4995805791985437e-01	-1.6969940456136458e-02	-2.8180853367486836e-01
7.4992866464573993e-01	5.6555672268179154e-03	-4.1465329856239769e-01
7.4921701901198445e-01	2.8263862665958893e-02	-5.3364996375861562e-01
7.4782413241839762e-01	5.0834383311788203e-02	-6.3778854565855114e-01
7.4575163569684477e-01	7.3346611956677354e-02	-7.2678043296427475e-01
7.4300177729667238e-01	9.5780095385537237e-02	-8.0093441330170001e-01
7.3957742090885037e-01	1.1811446295832172e-01	-8.6102726743201197e-01
7.3548204253130434e-01	1.4032944510740897e-01	-9.0817810390828135e-01
7.3071972697839682e-01	1.6240489173313793e-01	-9.4373307033485543e-01
7.2529516383803239e-01	1.8432079048080474e-01	-9.6916467671510254e-01
7.1921364288037248e-01	2.0605728488246344e-01	-9.8598787915069130e-01
7.1248104892261410e-01	2.2759469234718829e-01	-9.9569339326215134e-01
7.0510385615482341e-01	2.4891352198339625e-01	-9.9969746331651244e-01
6.9708912193225658e-01	2.6999449223716898e-01	-9.9930648275344602e-01
6.8844448004010217e-01	2.9081854833061183e-01	-9.9569439052874131e-01
6.7917813343708655e-01	3.1136687948440478e-01	-9.8989058534970020e-01
6.6929884648478766e-01	3.3162093590907749e-01	-9.8277613250641249e-01
6.5881593667005178e-01	3.5156244554956534e-01	-9.7508621624599046e-01
6.4773926582828523e-01	3.7117343056800456e-01	-9.6741705479002138e-01
6.3607923087588181e-01	3.9043622354989305e-01	-9.6023579741582310e-01
6.2384675406050205e-01	4.0933348341897041e-01	-9.5389222802016727e-01
6.1105327273834764e-01	4.2784821104648152e-01	-9.4863138301784666e-01
5.9771072868795216e-01	4.4596376454083608e-01	-9.4460643859331006e-01
5.8383155697049771e-01	4.6366387420385474e-01	-9.4189142609255128e-01
5.6942867434705380e-01	4.8093265714016209e-01	-9.4049349323872045e-01
5.5451546726345080e-01	4.9775463150669136e-01	-9.4036454535124048e-01
5.3910577941407833e-01	5.1411473038937483e-01	-9.4141217984839276e-01
5.2321389889603775e-01	5.2999831529473007e-01	-9.4350987543504894e-01
5.0685454496563287e-01	5.4539118924418017e-01	-9.4650642150263120e-01
4.9004285440947232e-01	5.6027960945940258e-01	-9.5023458031845387e-01
4.7279436754272153e-01	5.7465029962744774e-01	-9.5451897096744631e-01
4.5512501384758830e-01	5.8849046173455810e-01	-9.5918315531993126e-01
4.3705109726517488e-01	6.0178778745827033e-01	-9.6405589709836115e-01
4.1858928115435629e-01	6.1453046910759068e-01	-9.6897655882836420e-01
3.9975657293153072e-01	6.2670721010154828e-01	-9.7379960033769486e-01
3.8057030840540207e-01	6.3830723497683084e-01	-9.7839814763079780e-01
3.6104813582122336e-01	6.4932029891564358e-01	-9.8266661251186349e-01
3.4120799962918152e-01	6.5973669678537261e-01	-9.8652236049135344e-01
3.2106812399185403e-01	6.6954727168208528e-01	-9.8990644587710730e-01
3.0064699604589618e-01	6.7874342297035317e-01	-9.9278345669770873e-01
2.7996334893329838e-01	6.8731711381236149e-01	-9.9514053624235399e-01
2.5903614461788971e-01	6.9526087817968119e-01	-9.9698567059974663e-01
2.3788455650267756e-01	7.0256782734167023e-01	-9.9834535096595922e-01
2.1652795186412838e-01	7.0923165582480518e-01	-9.9926173439356836e-01
1.9498587411938442e-01	7.1524664683784223e-01	-9.9978943627961603e-01
1.7327802494265052e-01	7.2060767715815321e-01	-9.9999209194888838e-01
1.5142424624721668e-01	7.2531022147504887e-01	-9.9993882336062412e-01
1.2944450204941679e-01	7.2935035618647481e-01	-9.9970074081659566e-01
1.0735886023128278e-01	7.3272476264586950e-01	-9.9934759941650342e-01
8.5187474218416340e-02	7.3543072985655733e-01	-9.9894471688036679e-01
6.2950564589913924e-02	7.3746615661150083e-01	-9.9855024424735594e-01
4.0668400637049157e-02	7.3882955307677511e-01	-9.9821286479027094e-01
1.8361281887529887e-02	7.3952004181762010e-01	-9.9796998000988901e-01
-3.9504803877502270e-03	7.3953735826642886e-01	-9.9784642533051193e-01
-2.6246581668722700e-02	7.3888185063255796e-01	-9.9785374241115876e-01
-4.8506742663968351e-02	7.3755447925433404e-01	-9.9799001990517422e-01
-7.0710727755654623e-02	7.3555681539415374e-01	-9.9824029996527974e-01
-9.2838363394699364e-02	7.3289103947807288e-01	-9.9857753361952362e-01
-1.1486955642954386e-01	7.2955993878178294e-01	-9.9896405412884248e-01
-1.3678431235180352e-01	7.2556690456538575e-01	-9.9935352342354888e-01
-1.5856275344222923e-01	7.2091592865987630e-01	-9.9969329266887419e-01
-1.8018513680058823e-01	7.1561159950872621e-01	-9.9992710406447272e-01
-2.0163187224300830e-01	7.0965909766848223e-01	-9.9999804747170185e-01
-2.2288354005066277e-01	7.0306419077274906e-01	-9.9985167291021748e-01
-2.4392090855364040e-01	6.9583322796444746e-01	-9.9943914905398334e-01
-2.6472495153407927e-01	6.8797313380170966e-01	-9.9872034936142984e-01
-2.8527686543289199e-01	6.7949140164322075e-01	-9.9766674217595164e-01
-3.0555808634442200e-01	6.7039608651934179e-01	-9.9626395971551118e-01
-3.2555030678376945e-01	6.6069579749575091e-01	-9.9451392381729442e-01
-3.4523549221157074e-01	6.5039968953685345e-01	-9.9243641380483827e-01
-3.6459589730131664e-01	6.3951745487664868e-01	-9.9006997372873284e-01
-3.8361408193460494e-01	6.2805931390514069e-01	-9.8747207193371977e-01
-4.0227292690984723e-01	6.1603600557888460e-01	-9.8471844448453971e-01
-4.2055564935028028e-01	6.0345877736466280e-01	-9.8190157419061630e-01
-4.3844581779750413e-01	5.9033937472564335e-01	-9.7912827736255637e-01
-4.5592736697682046e-01	5.7669003015994236e-01	-9.7651638953291009e-01
-4.7298461222125782e-01	5.6252345180171215e-01	-9.7419055785205000e-01
-4.8960226354124120e-01	5.4785281159543653e-01	-9.7227716075118109e-01
-5.0576543932734386e-01	5.3269173305438611e-01	-9.7089838431695452e-01
-5.2145967967375917e-01	5.1705427861468400e-01	-9.7016548993014784e-01
-5.3667095931070297e-01	5.0095493659659085e-01	-9.7017131021358671e-01
-5.5138570013404709e-01	4.8440860778521938e-01	-9.7098201226204173e-01
-5.6559078332107338e-01	4.6743059164303258e-01	-9.7262817147051595e-01
-5.7927356102153649e-01	4.5003657216687604e-01	-9.7509520988654563e-01
-5.9242186761355697e-01	4.3224260340269671e-01	-9.7831327445782601e-01
-6.0502403051444809e-01	4.1406509463118202e-01	-9.8214666788111371e-01
-6.1706888053675801e-01	3.9552079523812805e-01	-9.8638300316630523e-01
-6.2854576178041333e-01	3.7662677928340399e-01	-9.9072233734876880e-01
-6.3944454105220239e-01	3.5740042978272824e-01	-9.9476665387328844e-01
-6.4975561680424332e-01	3.3785942271678343e-01	-9.9801020911019955e-01
-6.5946992758360057e-01	3.1802171078231639e-01	-9.9983143554639486e-01
-6.6857895998561778e-01	2.9790550690015721e-01	-9.9948729776902889e-01
-6.7707475610396206e-01	2.7752926749537499e-01	-9.9611121752593978e-01
-6.8494992047091396e-01	2.5691167556482597e-01	-9.8871590442878443e-01
-6.9219762648182248e-01	2.3607162354772185e-01	-9.7620262505335675e-01
-6.9881162229818605e-01	2.1502819601485099e-01	-9.5737858261939890e-01
-7.0478623622426517e-01	1.9380065219231166e-01	-9.3098412105595929e-01
-7.1011638155259615e-01	1.7240840833583476e-01	-8.9573136299048128e-01
-7.1479756087431201e-01	1.5087101997172672e-01	-8.5035558896621766e-01
-7.1882586985061370e-01	1.2920816402077612e-01	-7.9368011414478123e-01
-7.2219800044227012e-01	1.0743962082138861e-01	-7.2469457688255789e-01
-7.2491124359449921e-01	8.5585256068373444e-02	-6.4264539768188533e-01
-7.2696349137506922e-01	6.3665002683949048e-02	-5.4713570445956894e-01
-7.2835323856399026e-01	4.1698842637409708e-02	-4.3823030106628402e-01
-7.2907958369363357e-01	1.9706788730143070e-02	-3.1655938458913968e-01
-7.2914222953864460e-01	-2.2911336375109172e-03	-1.8341285803743004e-01
-7.2854148305549438e-01	-2.4274904700834377e-02	-4.0815464102526504e-02
-7.2727825477203134e-01	-4.6224528550274799e-02	1.0842814130243859e-01
-7.2535405762788729e-01	-6.8120051319189787e-02	2.6072954680535831e-01
-7.2277100526709626e-01	-8.9941579323431359e-02	4.1176432424988835e-01
-7.1953180978477682e-01	-1.1166929713617592e-01	5.5657952890350926e-01
-7.1563977893023833e-01	-1.3328348558157824e-01	6.8976550296345485e-01
-7.1109881276933462e-01	-1.5476453963101203e-01	8.0569146245358525e-01
-7.0591339980943024e-01	-1.7609298618547692e-01	8.9879812376258761e-01
-7.0008861259077471e-01	-1.9724950172822114e-01	9.6393373487268286e-01
-6.9363010274860559e-01	-2.1821492983147578e-01	9.9671303231247066e-01
-6.8654409555077267e-01	-2.3897029850144164e-01	9.9387272535050475e-01
-6.7883738391611148e-01	-2.5949683734592155e-01	9.5359305356490076e-01
-6.7051732191935387e-01	-2.7977599454889268e-01	8.7575363892621716e-01
-6.6159181778871601e-01	-2.9978945363684023e-01	7.6209389846044806e-01
-6.5206932640284998e-01	-3.1951915002159753e-01	6.1625396613783479e-01
-6.4195884129425640e-01	-3.3894728730478724e-01	4.4368118164697629e-01
-6.3126988616671043e-01	-3.5805635332914237e-01	2.5139900779423935e-01
-6.2001250593469359e-01	-3.7682913596223355e-01	4.7648529768222730e-02
-6.0819725729325025e-01	-3.9524873859837473e-01	-1.5857408205864154e-01
-5.9583519882711600e-01	-4.1329859536474994e-01	-3.5804928273223907e-01
-5.8293788066837982e-01	-4.3096248601807280e-01	-5.4189200285373706e-01
-5.6951733371232138e-01	-4.4822455051841270e-01	-7.0208893279959428e-01
-5.5558605840155539e-01	-4.6506930326701101e-01	-8.3196997031903175e-01
-5.4115701308881903e-01	-4.8148164699545060e-01	-9.2657501054263791e-01
-5.2624360198934472e-01	-4.9744688629357997e-01	-9.8288793115168804e-01
-5.1085966273394812e-01	-5.1295074076415781e-01	-9.9992315024034295e-01
-4.9501945353438243e-01	-5.2797935779243854e-01	-9.7866477140087993e-01
-4.7873763997293423e-01	-5.4251932491921651e-01	-9.2187224869792117e-01
-4.6202928142836514e-01	-5.5655768180640375e-01	-8.3377806007261690e-01
-4.4490981715089450e-01	-5.7008193178434385e-01	-7.1971085077132058e-01
-4.2739505199899380e-01	-5.8308005297067100e-01	-5.8568125154973372e-01
-4.0950114185124792e-01	-5.9554050895075827e-01	-4.3796706155648152e-01
-3.9124457870668744e-01	-6.0745225901032063e-01	-2.8273024542276975e-01
-3.7264217548732737e-01	-6.1880476791109751e-01	-1.2569117999260451e-01
-3.5371105055697949e-01	-6.2958801520092744e-01	2.8123020334948543e-02
-3.3446861197050493e-01	-6.3979250405004640e-01	1.7454825802928403e-01
-3.1493254146809013e-01	-6.4940926960577305e-01	3.1037174538490681e-01
-2.9512077822916305e-01	-6.5842988685829407e-01	4.3334610724790057e-01
-2.7505150240096887e-01	-6.6684647801060704e-01	5.4214141633430768e-01
-2.5474311841683800e-01	-6.7465171934622981e-01	6.3625003045248829e-01
-2.3421423811951866e-01	-6.8183884758866597e-01	7.1585987921036642e-01
-2.1348366370505245e-01	-6.8840166574712169e-01	7.8171099772008512e-01
-1.9257037050274900e-01	-6.9433454844346076e-01	8.3494807989774267e-01
-1.7149348960712743e-01	-6.9963244671580027e-01	8.7697910718987615e-01
-1.5027229037762238e-01	-7.0429089229469422e-01	9.0934714519422410e-01
-1.2892616282213698e-01	-7.0830600134827915e-01	9.3361955358940507e-01
-1.0747459988054806e-01	-7.1167447769327075e-01	9.5129638319560039e-01
-8.5937179624275731e-02	-7.1439361546919877e-01	9.6373779158163686e-01
-6.4333547388272197e-02	-7.1646130127372121e-01	9.7210895622948679e-01
-4.2683397851636350e-02	-7.1787601575739102e-01	9.7734019022851271e-01
-2.1006457083274335e-02	-7.1863683467670858e-01	9.8009970850208983e-01
6.7753543102510715e-04	-7.1874342940480740e-01	9.8077666258206697e-01
2.2348844763796932e-02	-7.1819606689961080e-01	9.7947255636042063e-01
4.3987758506942434e-02	-7.1699560912978666e-01	9.7599986962837337e-01
6.5574604702327954e-02	-7.1514351195932302e-01	9.6988754945825062e-01
8.7089769725517699e-02	-7.1264182349204619e-01	9.6039388468040898e-01
1.0851371610656098e-01	-7.0949318187787980e-01	9.4652806138703804e-01
1.2982700027146363e-01	-7.0570081258314976e-01	9.2708231316762024e-01
1.5101029018833523e-01	-7.0126852512771432e-01	9.0067693337481791e-01
1.7204438290219665e-01	-6.9620070929218203e-01	8.6582041419883127e-01
1.9291022194244348e-01	-6.9050233079898560e-01	8.2098653280401612e-01
2.1358891458736071e-01	-6.8417892647150191e-01	7.6470925216330465e-01
2.3406174896987303e-01	-6.7723659887595167e-01	6.9569481353073725e-01
2.5431021100914314e-01	-6.6968201045122611e-01	6.1294839392830858e-01
2.7431600115269666e-01	-6.6152237713226525e-01	5.1591028471172007e-01
2.9406105091383938e-01	-6.5276546147311210e-01	4.0459390319252519e-01
3.1352753918958903e-01	-6.4341956527612254e-01	2.7971535726141711e-01
3.3269790834421881e-01	-6.3349352173437623e-01	1.4280210271586263e-01
3.5155488004399355e-01	-6.2299668709468314e-01	-3.7331244414380753e-03
3.7008147082881326e-01	-6.1193893184904136e-01	-1.5656704000489410e-01
3.8826100740667197e-01	-6.0033063146285914e-01	-3.1150168340046869e-01
4.0607714165722614e-01	-5.8818265664861391e-01	-4.6357064482096960e-01
4.2351386533096747e-01	-5.7550636319405024e-01	-6.0721980535539144e-01
4.4055552443072515e-01	-5.6231358135447185e-01	-7.3656015348239057e-01
4.5718683326266202e-01	-5.4861660481897245e-01	-8.4568265319827551e-01
4.7339288814407299e-01	-5.3442817926095032e-01	-9.2901735459087253e-01
4.8915918075575832e-01	-5.1976149048351949e-01	-9.8171193075357321e-01
5.0447161112700756e-01	-5.0463015217083351e-01	-9.9999962110746143e-01
5.1931650024152032e-01	-4.8904819325674731e-01	-9.8152408168835636e-01
5.3368060225307312e-01	-4.7303004492246481e-01	-9.2558954241115388e-01
5.4755111629995235e-01	-4.5659052723528948e-01	-8.3330919966866124e-01
5.6091569790767726e-01	-4.3974483544079068e-01	-7.0763269065419709e-01
5.7376246996985181e-01	-4.2250852592106425e-01	-5.5324406675916726e-01
5.8608003329735603e-01	-4.0489750183208872e-01	-3.7633374941201042e-01
5.9785747672651490e-01	-3.8692799843344378e-01	-1.8426008735376800e-01
6.0908438677732668e-01	-3.6861656812386207e-01	1.4873146663659527e-02
6.1975085685316955e-01	-3.4998006519645841e-01	2.1268900242153904e-01
6.2984749597386624e-01	-3.3103563032768035e-01	4.0102074388881281e-01
6.3936543703446580e-01	-3.1180067481416585e-01	5.7236765930266587e-01
6.4829634458240148e-01	-2.9229286457215642e-01	7.2028847854428335e-01
6.5663242210629924e-01	-2.7253010391401400e-01	8.3970491219122489e-01
6.6436641883002434e-01	-2.5253051911682745e-01	9.2709752003901347e-01
6.7149163600606054e-01	-2.3231244179818894e-01	9.8058690355087019e-01
6.7800193270280873e-01	-2.1189439211429154e-01	9.9990378761743681e-01
6.8389173108075629e-01	-1.9129506179591194e-01	9.8626075450497941e-01
6.8915602115306152e-01	-1.7053329703765147e-01	9.4214535382644093e-01
6.9379036502647295e-01	-1.4962808125619201e-01	8.7105855032175195e-01
6.9779090061901661e-01	-1.2859851773334219e-01	7.7722389184658935e-01
7.0115434485138328e-01	-1.0746381215964393e-01	6.6529163687231840e-01
7.0387799630936521e-01	-8.6243255094663837e-02	5.4005888813246961e-01
7.0595973737525541e-01	-6.4956204359814265e-02	4.0622220162924028e-01
7.0739803582654370e-01	-4.3622067379878456e-02	2.6817388235732925e-01
7.0819194590075996e-01	-2.2260283489318286e-02	1.2984788822094676e-01
7.0834110882579582e-01	-8.9030621946579612e-04	-5.3835342944579473e-03
7.0784575281552131e-01	2.0468414417156529e-02	-1.3476530280354285e-01
7.0670669253100382e-01	4.1796449629429480e-02	-2.5617275668340356e-01
7.0492532800811791e-01	6.3074409520856856e-02	-3.6809024605132362e-01
7.0250364305282553e-01	8.4282960717435379e-02	-4.6956338306899226e-01
6.9944420310588218e-01	1.0540284393414864e-01	-5.6013325030574779e-01
6.9575015257922734e-01	1.2641489146402429e-01	-6.3976019086104452e-01
6.9142521166675897e-01	1.4730004457404761e-01	-7.0874371749273823e-01
6.8647367263271586e-01	1.6803937079196410e-01	-7.6764377282849650e-01
6.8090039558132176e-01	1.8861408106842573e-01	-8.1720721639442051e-01
6.7471080371185832e-01	2.0900554679882052e-01	-8.5830213208405892e-01
6.6791087806375948e-01	2.2919531668943818e-01	-8.9186142515563638e-01
6.6050715175679897e-01	2.4916513345270147e-01	-9.1883625616778086e-01
6.5250670373192354e-01	2.6889695031628524e-01	-9.4015915461164967e-01
6.4391715199867972e-01	2.8837294733129032e-01	-9.5671615851991743e-01
6.3474664639570211e-01	3.0757554746463844e-01	-9.6932701410967914e-01
6.2500386087108661e-01	3.2648743246125750e-01	-9.7873230949771606e-01
6.1469798528999220e-01	3.4509155846164818e-01	-9.8558637402819016e-01
6.0383871677715528e-01	3.6337117136083930e-01	-9.9045481640453936e-01
5.9243625060249538e-01	3.8130982189482360e-01	-9.9381567106858637e-01
5.8050127061837387e-01	3.9889138044089517e-01	-9.9606324870254526e-01
5.6804493925742683e-01	4.1610005151863411e-01	-9.9751392445643738e-01
5.5507888710038344e-01	4.3292038797842164e-01	-9.9841323294142637e-01
5.4161520202355518e-01	4.4933730486482470e-01	-9.9894376328882617e-01
5.2766641793615754e-01	4.6533609294234646e-01	-9.9923345565631971e-01
5.1324550311795936e-01	4.8090243187142362e-01	-9.9936399050482139e-01
4.9836584816805202e-01	4.9602240302292477e-01	-9.9937903402692252e-01
4.8304125357600231e-01	5.1068250191961218e-01	-9.9929215902458879e-01
4.6728591692684984e-01	5.2486965029352295e-01	-9.9909430292415080e-01
4.5111441975186023e-01	5.3857120774845113e-01	-9.9876065646740808e-01
4.3454171403721104e-01	5.5177498301714101e-01	-9.9825690090431329e-01
4.1758310840303670e-01	5.6446924480321459e-01	-9.9754473092148643e-01
4.0025425396565373e-01	5.7664273219815354e-01	-9.9658661728561215e-01
3.8257112989602393e-01	5.8828466466409146e-01	-9.9534977890327825e-01
3.6455002868769826e-01	5.9938475157362836e-01	-9.9380934974016732e-01
3.4620754114796443e-01	6.0993320129813478e-01	-9.9195074227472668e-01
3.2756054112587785e-01	6.1992072983662272e-01	-9.8977122586509603e-01
3.0862616999132370e-01	6.2933856897752838e-01	-9.8728075518348579e-01
2.8942182087932466e-01	6.3817847398627459e-01	-9.8450210006848782e-01
2.6996512271417300e-01	6.4643273081183195e-01	-9.8147034299502589e-01
2.5027392402790244e-01	6.5409416280606980e-01	-9.7823182310342194e-01
2.3036627658810932e-01	6.6115613694997544e-01	-9.7484261571594388e-01
2.1026041885005048e-01	6.6761256958140114e-01	-9.7136664304328246e-01
1.8997475924818391e-01	6.7345793161939949e-01	-9.6787351512139563e-01
1.6952785934255402e-01	6.7868725328064872e-01	-9.6443619994356733e-01
1.4893841683528475e-01	6.8329612828401409e-01	-9.6112861851329612e-01
1.2822524847288583e-01	6.8728071753965714e-01	-9.5802325457561088e-01
1.0740727284991171e-01	6.9063775231965685e-01	-9.5518886064776243e-01
8.6503493129686818e-02	6.9336453690754807e-01	-9.5268833228416339e-01
6.5532979697977875e-02	6.9545895072464481e-01	-9.5057681188666632e-01
4.4514852765274594e-02	6.9691944993153843e-01	-9.4890007235633622e-01
2.3468264933722751e-02	6.9774506850358686e-01	-9.4769321991421551e-01
2.4123837445059527e-03	6.9793541877972898e-01	-9.4697974479758751e-01
-1.8633625778415770e-02	6.9749069148442244e-01	-9.4677093842277649e-01
-3.9650618572248213e-02	6.9641165522298432e-01	-9.4706568601967445e-01
-6.0619486951178206e-02	6.9469965545109880e-01	-9.4785063460325636e-01
-8.1521177978218798e-02	6.9235661291972461e-01	-9.4910072729904060e-01
-1.0233671077721672e-01	6.8938502159712611e-01	-9.5078008630231636e-01
-1.2304719376939054e-01	6.8578794607020988e-01	-9.5284321796432681e-01
-1.4363384181864886e-01	6.8156901842784312e-01	-9.5523650456422271e-01
-1.6407799327020198e-01	6.7673243462927823e-01	-9.5789993824183717e-01
-1.8436112686701187e-01	6.7128295036128449e-01	-9.6076904344997360e-01
-2.0446487852867409e-01	6.6522587638806396e-01	-9.6377692537787996e-01
-2.2437105797762746e-01	6.5856707339845855e-01	-9.6685637345702802e-01
-2.4406166519754383e-01	6.5131294635545178e-01	-9.6994194173206894e-01
-2.6351890670907901e-01	6.4347043835337614e-01	-9.7297192205847627e-01
-2.8272521164826181e-01	6.3504702398870139e-01	-9.7589012226633798e-01
-3.0166324763295749e-01	6.2605070225073112e-01	-9.7864736004267683e-01
-3.2031593640307437e-01	6.1648998893896378e-01	-9.8120258465861032e-01
-3.3866646922046606e-01	6.0637390861426432e-01	-9.8352354297579714e-01
-3.5669832201458262e-01	5.9571198609146936e-01	-9.8558691340225990e-01
-3.7439527026022434e-01	5.8451423748144049e-01	-9.8737784143957963e-01
-3.9174140357408743e-01	5.7279116079093273e-01	-9.8888882281599988e-01
-4.0872114001682369e-01	5.6055372608917842e-01	-9.9011789446047116e-01
-4.2531924008790750e-01	5.4781336525030266e-01	-9.9106610922262017e-01
-4.4152082040065860e-01	5.3458196128120417e-01	-9.9173428680838893e-01
-4.5731136702515346e-01	5.2087183724486119e-01	-9.9211905055093041e-01
-4.7267674848714342e-01	5.0669574478932189e-01	-9.9220817728657495e-01
-4.8760322841120585e-01	4.9206685229315611e-01	-9.9197530600549944e-01
-5.0207747779695411e-01	4.7699873263828008e-01	-9.9137407074339956e-01
-5.1608658691726172e-01	4.6150535062155967e-01	-9.9033174544630242e-01
-5.2961807682788731e-01	4.4560105001687050e-01	-9.8874251475187869e-01
-5.4265991047830786e-01	4.2930054029952297e-01	-9.8646051658645961e-01
-5.5520050341375926e-01	4.1261888304546279e-01	-9.8329284215060608e-01
-5.6722873405908636e-01	3.9557147801769321e-01	-9.7899272817876704e-01
-5.7873395357521318e-01	3.7817404895284379e-01	-9.7325323687186205e-01
-5.8970599527952117e-01	3.6044262906098196e-01	-9.6570179142473744e-01
-6.0013518362182683e-01	3.4239354625201024e-01	-9.5589601918634570e-01
-6.1001234270798455e-01	3.2404340810234850e-01	-9.4332144801300333e-01
-6.1932880436370596e-01	3.0540908657559335e-01	-9.2739169976294766e-01
-6.2807641573142692e-01	2.8650770251135727e-01	-9.0745192065634017e-01
-6.3624754639362624e-01	2.6735660989646287e-01	-8.8278627046875902e-01
-6.4383509501637892e-01	2.4797337993293853e-01	-8.5263034655097814e-01
-6.5083249550733280e-01	2.2837578491753069e-01	-8.1618942600938960e-01
-6.5723372268285019e-01	2.0858178194736479e-01	-7.7266334827170069e-01
-6.6303329743936701e-01	1.8860949646685438e-01	-7.2127870677016404e-01
-6.6822629142459689e-01	1.6847720567081073e-01	-6.6132874847898671e-01
-6.7280833120458250e-01	1.4820332177904674e-01	-5.9222097218909642e-01
-6.7677560192311503e-01	1.2780637519770990e-01	-5.1353185605167728e-01
-6.8012485045047655e-01	1.0730499758274271e-01	-4.2506742899147387e-01
-6.8285338801892204e-01	8.6717904821021694e-02	-3.2692754294194465e-01
-6.8495909234281505e-01	6.6063879944624732e-02	-2.1957073961109291e-01
-6.8644040922176952e-01	4.5361755993925688e-02	-1.0387559940643205e-01
-6.8729635362565289e-01	2.4630398845044123e-02	1.8806497136705111e-02
-6.8752651026074907e-01	3.8886900174109331e-03	1.4661305421113577e-01
-6.8713103361687689e-01	-1.6844490522980357e-02	2.7715293043216377e-01
-6.8611064749571193e-01	-3.7550281548901117e-02	4.0751595073104313e-01
-6.8446664402105273e-01	-5.8209857730151068e-02	5.3431543112758351e-01
-6.8220088213222463e-01	-7.8804446749221921e-02	6.5376808010208198e-01
-6.7931578556230121e-01	-9.9315346358702428e-02	7.6181365395706035e-01
-6.7581434030327359e-01	-1.1972394136502310e-01	8.5427390038074735e-01
-6.7170009156077970e-01	-1.4001172052304400e-01	9.2704684981194985e-01
-6.6697714020146981e-01	-1.6016029332615406e-01	9.7632864793042129e-01
-6.6165013869652145e-01	-1.8015140667672425e-01	9.9885121527142418e-01
-6.5572428656530990e-01	-1.9996696142170817e-01	9.9212051081252695e-01
-6.4920532532365449e-01	-2.1958902873850600e-01	9.5463755096350367e-01
-6.4209953294154065e-01	-2.3899986635618495e-01	8.8608306551381244e-01
-6.3441371781565992e-01	-2.5818193459738298e-01	7.8744714423574724e-01
-6.2615521226251158e-01	-2.7711791222645582e-01	6.6108767015531944e-01
-6.1733186553829356e-01	-2.9579071208948737e-01	5.1070575610618452e-01
-6.0795203639221596e-01	-3.1418349653203997e-01	3.4123255091870097e-01
-5.9802458516025092e-01	-3.3227969258082102e-01	1.5862915226780031e-01
-5.8755886540685842e-01	-3.5006300687542591e-01	-3.0390772685001694e-02
-5.7656471512248864e-01	-3.6751744033685851e-01	-2.1869856676059501e-01
-5.6505244748518468e-01	-3.8462730255952804e-01	-3.9912504642673535e-01
-5.5303284119491525e-01	-4.0137722591383856e-01	-5.6484437154403644e-01
-5.4051713038975169e-01	-4.1775217934660680e-01	-7.0973831611440330e-01
-5.2751699415321818e-01	-4.3373748186705868e-01	-8.2871330189157444e-01
-5.1404454562270374e-01	-4.4931881570616777e-01	-9.1794671240957271e-01
-5.0011232070903588e-01	-4.6448223913762182e-01	-9.7504548733218088e-01
-4.8573326643770803e-01	-4.7921419894893730e-01	-9.9910804973599399e-01
-4.7092072892266845e-01	-4.9350154255150031e-01	-9.9068930022704860e-01
-4.5568844098371775e-01	-5.0733152971883844e-01	-9.5167673013468801e-01
-4.4005050941911833e-01	-5.2069184394252988e-01	-8.8509275956352118e-01
-4.2402140194514032e-01	-5.3357060339570295e-01	-7.9484350213057320e-01
-4.0761593381462763e-01	-5.4595637149436649e-01	-6.8543689405076835e-01
-3.9084925412703647e-01	-5.5783816704713141e-01	-5.6169341946700024e-01
-3.7373683184245843e-01	-5.6920547398442523e-01	-4.2847073730792878e-01
-3.5629444151267115e-01	-5.8004825065848054e-01	-2.9041982870468391e-01
-3.3853814874230176e-01	-5.9035693870594275e-01	-1.5178545009200992e-01
-3.2048429539349998e-01	-6.0012247146527165e-01	-1.6258358466976465e-02
-3.0214948454780144e-01	-6.0933628194150591e-01	1.1311840730218634e-01
-2.8355056523895839e-01	-6.1799031031143514e-01	2.3399144568517857e-01
-2.6470461697077402e-01	-6.2607701096261159e-01	3.4469292038642607e-01
-2.4562893403423064e-01	-6.3358935906003444e-01	4.4419869502005077e-01
-2.2634100963822279e-01	-6.4052085663484237e-01	5.3205809010670257e-01
-2.0685851986854584e-01	-6.4686553818971637e-01	6.0830484289498321e-01
-1.8719930748978089e-01	-6.5261797581619496e-01	6.7335817175893320e-01
-1.6738136560491840e-01	-6.5777328381952960e-01	7.2792157784983780e-01
-1.4742282118775291e-01	-6.6232712284713358e-01	7.7288541569680269e-01
-1.2734191850302792e-01	-6.6627570351718457e-01	8.0923756442426520e-01
-1.0715700242959331e-01	-6.6961578954434586e-01	8.3798491989184420e-01
-8.6886501701715538e-02	-6.7234470036007832e-01	8.6008703896826155e-01
-6.6548912083953887e-02	-6.7446031322543343e-01	8.7640217974266132e-01
-4.6162779494835382e-02	-6.7596106483472107e-01	8.8764522714297323e-01
-2.5746683094898509e-02	-6.7684595240887013e-01	8.9435656513034112e-01
-5.3192183543606377e-03	-6.7711453427780499e-01	8.9688081949571530e-01
1.5101019884063923e-02	-6.7676692995159826e-01	8.9535449633296460e-01
3.5495454331768359e-02	-6.7580381968063896e-01	8.8970181725811193e-01
5.5845542154968300e-02	-6.7422644350551619e-01	8.7963843534475150e-01
7.6132791833983804e-02	-6.7203659979778751e-01	8.6468313607724911e-01
9.6338779965927712e-02	-6.6923664329325494e-01	8.4417801635212508e-01
1.1644516799543639e-01	-6.6582948261984443e-01	8.1731792435658546e-01
1.3643371885824970e-01	-6.6181857732263827e-01	7.8319007000890017e-01
1.5628631352262970e-01	-6.5720793438905345e-01	7.4082462166998519e-01
1.7598496741344902e-01	-6.5200210427765060e-01	6.8925674286924943e-01
1.9551184670422730e-01	-6.4620617645445511e-01	6.2759986297635606e-01
2.1484928446225748e-01	-6.3982577444116451e-01	5.5512901374496337e-01
2.3397979663223928e-01	-6.3286705038003166e-01	4.7137182942802258e-01
2.5288609784395522e-01	-6.2533667912066249e-01	3.7620337385744512e-01
2.7155111702969703e-01	-6.1724185183439206e-01	2.6993944254121210e-01
2.8995801283733341e-01	-6.0859026916233661e-01	1.5342155671808153e-01
3.0809018882510325e-01	-5.9939013390363449e-01	2.8085722619804250e-02
3.2593130842442242e-01	-5.8965014325081155e-01	-1.0399360318910829e-01
3.4346530965724437e-01	-5.7937948057958966e-01	-2.4009280428053703e-01
3.6067641959462943e-01	-5.6858780680093157e-01	-3.7686910643518889e-01
3.7754916854365550e-01	-5.5728525128337258e-01	-5.1043672897517167e-01
3.9406840394976461e-01	-5.4548240235424161e-01	-6.3649160028186857e-01
4.1021930400213846e-01	-5.3319029738862711e-01	-7.5048316863039799e-01
4.2598739092988541e-01	-5.2042041249535131e-01	-8.4782738339491837e-01
4.4135854397703922e-01	-5.0718465180964578e-01	-9.2415031481332177e-01
4.5631901204487474e-01	-4.9349533640240584e-01	-9.7554764020583973e-01
4.7085542599009206e-01	-4.7936519281646173e-01	-9.9884190462046574e-01
4.8495481056796969e-01	-4.6480734124044226e-01	-9.9181757906159740e-01
4.9860459600975104e-01	-4.4983528333128409e-01	-9.5341388453591702e-01
5.1179262922398672e-01	-4.3446288969663616e-01	-8.8385732735571099e-01
5.2450718461185575e-01	-4.1870438704875773e-01	-7.8471985961959279e-01
5.3673697448679569e-01	-4.0257434504185730e-01	-6.5889423757273979e-01
5.4847115908925315e-01	-3.8608766280497570e-01	-5.1048496118343734e-01
5.5969935618761002e-01	-3.6925955518293574e-01	-3.4462042640312679e-01
5.7041165025685359e-01	-3.5210553869797989e-01	-1.6719880927693589e-01
5.8059860122682239e-01	-3.3464141724512469e-01	1.5414044319111350e-02
5.9025125279237134e-01	-3.1688326753434110e-01	1.9671246802226225e-01
5.9936114027810883e-01	-2.9884742429302563e-01	3.7038051902007940e-01
6.0792029805081149e-01	-2.8055046524238464e-01	5.3059972033989522e-01
6.1592126647306944e-01	-2.6200919586148314e-01	6.7231424803039452e-01
6.2335709839205866e-01	-2.4324063395304421e-01	7.9143735057318965e-01
6.3022136515784777e-01	-2.2426199402508784e-01	8.8498853972691016e-01
6.3650816216601036e-01	-2.0509067150280494e-01	9.5115736917769311e-01
6.4221211391978139e-01	-1.8574422678514860e-01	9.8929573119722547e-01
6.4732837860745673e-01	-1.6624036916068605e-01	9.9984594852084641e-01
6.5185265219112676e-01	-1.4659694059753300e-01	9.8421606733069622e-01
6.5578117200333919e-01	-1.2683189942211628e-01	9.4461640587838813e-01
6.5911071984868819e-01	-1.0696330390176323e-01	8.8387251715813187e-01
6.6183862460780518e-01	-8.7009295746127119e-02	8.0522939498287749e-01
6.6396276434168977e-01	-6.6988083542456167e-02	7.1216023865077516e-01
6.6548156789474766e-01	-4.6917926139891472e-02	6.0819072431726573e-01
6.6639401599538106e-01	-2.6817115997960959e-02	4.9674687441025495e-01
6.6669964185343333e-01	-6.7039625143605003e-03	3.8103161683740366e-01
6.6639853125423465e-01	1.3403224652617196e-02	2.6393227799675700e-01
6.6549132214947460e-01	3.3486152251979928e-02	1.4795877808314623e-01
6.6397920374556929e-01	5.3526560082982448e-02	3.5210331726252875e-02
6.6186391509065146e-01	7.3506237598046476e-02	-7.2632939624011073e-02
6.5914774316178215e-01	9.3407040450454518e-02	-1.7429791323360264e-01
6.5583352045440646e-01	1.1321090697194588e-01	-2.6889065230995318e-01
6.5192462207656521e-01	1.3289987456508601e-01	-3.5585756122826651e-01
6.4742496235079405e-01	1.5245609599562612e-01	-4.3493981119212910e-01
6.4233899092709734e-01	1.7186185557007519e-01	-5.0612475402793078e-01
6.3667168841085109e-01	1.9109958518372872e-01	-5.6959735181173710e-01
6.3042856150986937e-01	2.1015188022477746e-01	-6.2569393391488970e-01
6.2361563770538109e-01	2.2900151531993906e-01	-6.7485991065700379e-01
6.1623945945203207e-01	2.4763145990745897e-01	-7.1761246452371341e-01
6.0830707791247729e-01	2.6602489362339732e-01	-7.5450872882378683e-01
5.9982604623256885e-01	2.8416522148724438e-01	-7.8611955833232405e-01
5.9080441236351944e-01	3.0203608887321776e-01	-8.1300869465990244e-01
5.8125071143784435e-01	3.1962139625373448e-01	-8.3571692121232699e-01
5.7117395770632429e-01	3.3690531370170412e-01	-8.5475067480207800e-01
5.6058363604355699e-01	3.5387229513866569e-01	-8.7057451760652516e-01
5.4948969303013273e-01	3.7050709231586187e-01	-8.8360685868960498e-01
5.3790252761978052e-01	3.8679476851574229e-01	-8.9421833450018184e-01
5.2583298140022849e-01	4.0272071196158188e-01	-9.0273230047850528e-01
5.1329232845693074e-01	4.1827064892312199e-01	-9.0942694136200142e-01
5.0029226484908063e-01	4.3343065650655704e-01	-9.1453856858027371e-01
4.8684489770778172e-01	4.4818717511733558e-01	-9.1826573404441203e-01
4.7296273396649074e-01	4.6252702058467843e-01	-9.2077384731174072e-01
4.5865866873421768e-01	4.7643739593697038e-01	-9.2220003568489195e-01
4.4394597332230945e-01	4.8990590281748209e-01	-9.2265803354916842e-01
4.2883828293594040e-01	5.0292055253024570e-01	-9.2224292820696396e-01
4.1334958404166799e-01	5.1546977670628902e-01	-9.2103562515064707e-01
3.9749420142280101e-01	5.2754243758070163e-01	-9.1910692687454154e-01
3.8128678493456075e-01	5.3912783787141061e-01	-9.1652114675490404e-01
3.6474229597120328e-01	5.5021573025096060e-01	-9.1333920393129531e-01
3.4787599365773364e-01	5.6079632640282473e-01	-9.0962116704853935e-01
3.3070342077882087e-01	5.7086030565434420e-01	-9.0542823451611376e-01
3.1324038945796207e-01	5.8039882317863534e-01	-9.0082415677234606e-01
2.9550296660009195e-01	5.8940351775825928e-01	-8.9587612190588195e-01
2.7750745911095348e-01	5.9786651910389066e-01	-8.9065513977751110e-01
2.5927039890697162e-01	6.0578045472151432e-01	-8.8523597133716969e-01
2.4080852772926303e-01	6.1313845632224351e-01	-8.7969665897880855e-01
2.2213878177581234e-01	6.1993416576915683e-01	-8.7411772040270841e-01
2.0327827616592317e-01	6.2616174055602136e-01	-8.6858107252581540e-01
1.8424428925110420e-01	6.3181585881322544e-01	-8.6316875356432499e-01
1.6505424678692704e-01	6.3689172383659598e-01	-8.5796151068529902e-01
1.4572570598019935e-01	6.4138506813531704e-01	-8.5303731785926673e-01
1.2627633942615027e-01	6.4529215699552389e-01	-8.4846988409376345e-01
1.0672391895029287e-01	6.4860979155663134e-01	-8.4432720648456439e-01
8.7086299369739786e-02	6.5133531139788525e-01	-8.4067021589576174e-01
6.7381402188811376e-02	6.5346659663308437e-01	-8.3755155595983810e-01
4.7627199243823234e-02	6.5500206951185713e-01	-8.3501452881253180e-01
2.7841696311979681e-02	6.5594069552633927e-01	-8.3309223381083131e-01
8.0429166993269373e-03	6.5628198402254123e-01	-8.3180691860670397e-01
-1.1751115177307477e-02	6.5602598831615178e-01	-8.3116955545665161e-01
-3.1522390199335192e-02	6.5517330531297091e-01	-8.3117964954764101e-01
-5.1252930931612151e-02	6.5372507463462037e-01	-8.3182528035542624e-01
-7.0924807968753070e-02	6.5168297725062896e-01	-8.3308337151681666e-01
-9.0520156227817519e-02	6.4904923361843436e-01	-8.3492017926662687e-01
-1.1002119117246491e-01	6.4582660133330216e-01	-8.3729198404183736e-01
-1.2941022495391422e-01	6.4201837229059577e-01	-8.4014596429995136e-01
-1.4866968245405840e-01	6.3762836936327116e-01	-8.4342122589874613e-01
-1.6778211721611438e-01	6.3266094259793570e-01	-8.4704995457314602e-01
-1.8673022724845936e-01	6.2712096493320513e-01	-8.5095865323180442e-01
-2.0549687068724745e-01	6.2101382744457390e-01	-8.5506942016931453e-01
-2.2406508130369679e-01	6.1434543412039977e-01	-8.5930121910654078e-01
-2.4241808384201752e-01	6.0712219617404328e-01	-8.6357108754050838e-01
-2.6053930917404966e-01	5.9935102589764666e-01	-8.6779522654470387e-01
-2.7841240925700839e-01	5.9103933006340093e-01	-8.7188991325076093e-01
-2.9602127188074423e-01	5.8219500287861881e-01	-8.7577217707740407e-01
-3.1335003519130961e-01	5.7282641850126459e-01	-8.7936018261575488e-01
-3.3038310197765242e-01	5.6294242312306431e-01	-8.8257326612433573e-01
-3.4710515370865391e-01	5.5255232662762943e-01	-8.8533157894542103e-01
-3.6350116430781615e-01	5.4166589383148156e-01	-8.8755529985971848e-01
-3.7955641365321707e-01	5.3029333531621403e-01	-8.8916338941588546e-01
-3.9525650079066432e-01	5.1844529786034965e-01	-8.9007187252934272e-01
-4.1058735684811209e-01	5.0613285447990664e-01	-8.9019165105620335e-01
-4.2553525763983790e-01	4.9336749408692676e-01	-8.8942586555561243e-01
-4.4008683594903336e-01	4.8016111077565909e-01	-8.8766684506419158e-01
-4.5422909347782175e-01	4.6652599274638618e-01	-8.8479270551911371e-01
-4.6794941245407212e-01	4.5247481087716057e-01	-8.8066368168653386e-01
-4.8123556688460140e-01	4.3802060695411110e-01	-8.7511830438015681e-01
-4.9407573344473432e-01	4.2317678157125677e-01	-8.6796956474617537e-01
-5.0645850199458531e-01	4.0795708171097744e-01	-8.5900124077918694e-01
-5.1837288571260765e-01	3.9237558801677141e-01	-8.4796459821357639e-01
-5.2980833083752210e-01	3.7644670176995648e-01	-8.3457571840086442e-01
-5.4075472600992558e-01	3.6018513158243542e-01	-8.1851374913187636e-01
-5.5120241120535829e-01	3.4360587981776564e-01	-7.9942041925580176e-01
-5.6114218625088630e-01	3.2672422875315288e-01	-7.7690120206361857e-01
-5.7056531891778872e-01	3.0955572649499435e-01	-7.5052855217936043e-01
-5.7946355258315008e-01	2.9211617266108553e-01	-7.1984767112220660e-01
-5.8782911345369560e-01	2.7442160384259595e-01	-6.8438527114539438e-01
-5.9565471734555719e-01	2.5648827885918796e-01	-6.4366179719038985e-01
-6.0293357601402719e-01	2.3833266382091803e-01	-5.9720752314340075e-01
-6.0965940302788268e-01	2.1997141701049686e-01	-5.4458285037571819e-01
-6.1582641918313985e-01	2.0142137359993476e-01	-4.8540299289831962e-01
-6.2142935745163153e-01	1.8269953021550792e-01	-4.1936702440796070e-01
-6.2646346746018367e-01	1.6382302936519666e-01	-3.4629098060799707e-01
-6.3092451949657324e-01	1.4480914374294931e-01	-2.6614435249107310e-01
-6.3480880803895690e-01	1.2567526042398927e-01	-1.7908887654838948e-01
-6.3811315480580388e-01	1.0643886496577959e-01	-8.5518039000066978e-02
-6.4083491132387627e-01	8.7117525429095663e-02	1.3904812743780970e-02
-6.4297196101221132e-01	6.7728876333811291e-02	1.1821238012014075e-01
-6.4452272078049644e-01	4.8290602564109351e-02	2.2610644343302888e-01
-6.4548614214069278e-01	2.8820423237743541e-02	3.3594146557300936e-01
-6.4586171183118968e-01	9.3360755540633101e-03	4.4572239271886632e-01
-6.4564945195321832e-01	-1.0144701364405560e-02	5.5312018504275395e-01
-6.4484991961970772e-01	-2.9604182622196201e-02	6.5550819148722761e-01
-6.4346420611720079e-01	-4.9024673678156439e-02	7.5002168197117736e-01
-6.4149393558189538e-01	-6.8388526435120348e-02	8.3364164249470318e-01
-6.3894126319131317e-01	-8.7678155277365055e-02	9.0330233753333355e-01
-6.3580887287354781e-01	-1.0687605304121042e-01	9.5602021302614149e-01
-6.3209997453646893e-01	-1.2596480690434905e-01	9.8903957017257960e-01
-6.2781830081971379e-01	-1.4492711417939469e-01	9.9998825723686813e-01
-6.2296810337271025e-01	-1.6374579799739294e-01	9.8703462094295003e-01
-6.1755414866241232e-01	-1.8240382286707307e-01	9.4903537564433260e-01
-6.1158171331486344e-01	-2.0088431009571103e-01	8.8566313346584069e-01
-6.0505657899512544e-01	-2.1917055305764249e-01	7.9750230728349625e-01
-5.9798502683050192e-01	-2.3724603229667413e-01	6.8610310033828503e-01
-5.9037383138243371e-01	-2.5509443044868552e-01	5.5398538350636684e-01
-5.8223025417284169e-01	-2.7269964697093824e-01	4.0458736483425856e-01
-5.7356203677105144e-01	-2.9004581266488139e-01	2.4215787648904755e-01
-5.6437739344793303e-01	-3.0711730397920806e-01	7.1595520217239278e-02
-5.5468500340414939e-01	-3.2389875708041904e-01	-1.0175759248543066e-01
-5.4449400257989300e-01	-3.4037508167813935e-01	-2.7235566109815440e-01
-5.3381397505383144e-01	-3.5653147459274975e-01	-4.3470747100153612e-01
-5.2265494403930446e-01	-3.7235343305321467e-01	-5.8363599016235768e-01
-5.1102736248630554e-01	-3.8782676771302571e-01	-7.1452163229596322e-01
-4.9894210329796673e-01	-4.0293761537271933e-01	-8.2351261208245974e-01
-4.8641044917074716e-01	-4.1767245139748366e-01	-9.0768841846686543e-01
-4.7344408206781274e-01	-4.3201810181873890e-01	-9.6516629001289389e-01
-4.6005507233536447e-01	-4.4596175510893404e-01	-9.9514528406782388e-01
-4.4625586747215384e-01	-4.5949097361891844e-01	-9.9788758937872002e-01
-4.3205928056252296e-01	-4.7259370466780287e-01	-9.7464161374763525e-01
-4.1747847838377922e-01	-4.8525829127535242e-01	-9.2751559982388654e-01
-4.0252696919891789e-01	-4.9747348252738099e-01	-8.5931369950078096e-01
-3.8721859024598732e-01	-5.0922844356495200e-01	-7.7334832970058021e-01
-3.7156749493575253e-01	-5.2051276518846179e-01	-6.7324316091908709e-01
-3.5558813976937553e-01	-5.3131647306819829e-01	-5.6274033394166945e-01
-3.3929527098832574e-01	-5.4163003655313291e-01	-4.4552367128827458e-01
-3.2270391096877510e-01	-5.5144437707022731e-01	-3.2506705180448259e-01
-3.0582934437302656e-01	-5.6075087610686181e-01	-2.0451409706510382e-01
-2.8868710407081910e-01	-5.6954138276932631e-01	-8.6592221239028655e-02
-2.7129295684333793e-01	-5.7780822091083506e-01	2.6438777331153195e-02
-2.5366288888322669e-01	-5.8554419582276152e-01	1.3280582516003822e-01
-2.3581309110382828e-01	-5.9274260048332850e-01	2.3121345024098050e-01
-2.1775994427123921e-01	-5.9939722135829954e-01	3.2081166585957399e-01
-1.9952000397276681e-01	-6.0550234374869472e-01	4.0114664261267263e-01
-1.8110998543558154e-01	-6.1105275668094339e-01	4.7209994004301142e-01
-1.6254674820954820e-01	-6.1604375733528016e-01	5.3382162717124115e-01
-1.4384728072818612e-01	-6.2047115500867156e-01	5.8666188228582750e-01
-1.2502868476198675e-01	-6.2433127460892623e-01	6.3110476131844373e-01
-1.0610815977821984e-01	-6.2762095967712739e-01	6.6770688077537699e-01
-8.7102987221622755e-02	-6.3033757493590514e-01	6.9704287159572675e-01
-6.8030514730251720e-02	-6.3247900836154569e-01	7.1965869284789397e-01
-4.8908140300976802e-02	-6.3404367277833129e-01	7.3603328946996482e-01
-2.9753296419075235e-02	-6.3503050697396635e-01	7.4654865188202246e-01
-1.0583434166331904e-02	-6.3543897633537472e-01	7.5146808209767291e-01
8.5839926777755218e-03	-6.3526907300458690e-01	7.5092236994159378e-01
2.7731543527412344e-02	-6.3452131555487845e-01	7.4490360197759975e-01
4.6841806859707014e-02	-6.3319674818775007e-01	7.3326642548733045e-01
6.5897416047616203e-02	-6.3129693945178977e-01	7.1573672719914183e-01
8.4881065142004927e-02	-6.2882398048487620e-01	6.9192781713580354e-01
1.0377552458850986e-01	-6.2578048278163023e-01	6.6136428868383368e-01
1.2256365686500176e-01	-6.2216957548843865e-01	6.2351371686733048e-01
1.4122843202538710e-01	-6.1799490222881370e-01	5.7782622381761939e-01
1.5975294313565180e-01	-6.1326061746228411e-01	5.2378165855929826e-01
1.7812042158821731e-01	-6.0797138238040815e-01	4.6094369515060546e-01
1.9631425228067992e-01	-6.0213236034395268e-01	3.8901955325362608e-01
2.1431798864519111e-01	-5.9574921186568519e-01	3.0792331316502819e-01
2.3211536751496895e-01	-5.8882808914360463e-01	2.1783998132637902e-01
2.4969032381435408e-01	-5.8137563014992577e-01	1.1928663473833137e-01
2.6702700505929094e-01	-5.7339895228142657e-01	1.3166228227551714e-02
2.8410978565505335e-01	-5.6490564557725342e-01	-9.9190901466090317e-02
3.0092328097837773e-01	-5.5590376551060805e-01	-2.1600303808762539e-01
3.1745236123122617e-01	-5.4640182536119375e-01	-3.3503561132267584e-01
3.3368216505384446e-01	-5.3640878817556170e-01	-4.5362656350350433e-01
3.4959811288472964e-01	-5.2593405832301021e-01	-5.6874161953795754e-01
3.6518592005557737e-01	-5.1498747265494405e-01	-6.7706071949153457e-01
3.8043160960944905e-01	-5.0357929127598977e-01	-7.7509460518498541e-01
3.9532152483058419e-01	-4.9172018793557254e-01	-8.5932797254537741e-01
4.0984234147475712e-01	-4.7942124004885300e-01	-9.2638293115886861e-01
4.2398107968909898e-01	-4.6669391835643753e-01	-9.7319402185457593e-01
4.3772511561079952e-01	-4.5355007623245880e-01	-9.9718402398596262e-01
4.5106219263432312e-01	-4.4000193865098003e-01	-9.9642851373974151e-01
4.6398043233702418e-01	-4.2606209082105478e-01	-9.6979683719112220e-01
4.7646834505353763e-01	-4.1174346650089061e-01	-9.1705797092827412e-01
4.8851484008942431e-01	-3.9705933600207322e-01	-8.3894167543651155e-01
5.0010923556506148e-01	-3.8202329389491224e-01	-7.3714828795591258e-01
5.1124126788104085e-01	-3.6664924642629432e-01	-6.1430421203674079e-01
5.2190110079665664e-01	-3.5095139866173264e-01	-4.7386429740268138e-01
5.3207933411350028e-01	-3.3494424136344980e-01	-3.1996645909951149e-01
5.4176701195649946e-01	-3.1864253761661043e-01	-1.5724763846013920e-01
5.5095563064507846e-01	-3.0206130921609975e-01	9.3668213763355660e-03
5.5963714614757831e-01	-2.8521582282632479e-01	1.7488641972957117e-01
5.6780398111236530e-01	-2.6812157592686353e-01	3.3447675136848648e-01
5.7544903146952808e-01	-2.5079428255684105e-01	4.8366478736915525e-01
5.8256567259741832e-01	-2.3324985887114305e-01	6.1851599605672480e-01
5.8914776504866784e-01	-2.1550440852180236e-01	7.3577383901688675e-01
5.9518965983078242e-01	-1.9757420787790275e-01	8.3295551120526090e-01
6.0068620323675304e-01	-1.7947569109764730e-01	9.0840137984300895e-01
6.0563274122159461e-01	-1.6122543506621859e-01	9.6127905893544630e-01
6.1002512332111003e-01	-1.4284014421323923e-01	9.9154612508379880e-01
6.1385970610959240e-01	-1.2433663522377046e-01	9.9987790197422644e-01
6.1713335619360887e-01	-1.0573182165684766e-01	9.8756837514373297e-01
6.1984345273945074e-01	-8.7042698485560330e-02	9.5641310192313878e-01
6.2198788953222761e-01	-6.8286326572862946e-02	9.0858299850993263e-01
6.2356507656503335e-01	-4.9479817097302883e-02	8.4649723146673039e-01
6.2457394115704334e-01	-3.0640315942793674e-02	7.7270227537246350e-01
6.2501392859980953e-01	-1.1784988066829006e-02	6.8976270394658179e-01
6.2488500233148014e-01	7.0689981387656387e-03	6.0016763916128035e-01
6.2418764363907675e-01	2.5904486480206410e-02	5.0625515215706418e-01
6.2292285088940569e-01	4.4704348573015563e-02	4.1015541936923494e-01
6.2109213828960019e-01	6.3451499418060248e-02	3.1375217686729462e-01
6.1869753417872986e-01	8.2128912928046138e-02	2.1866103614694671e-01
6.1574157885232328e-01	1.0071963739051087e-01	1.2622254083067752e-01
6.1222732192209151e-01	1.1920681085318083e-01	3.7507442623896090e-02
6.0815831921354835e-01	1.3757367641775861e-01	-4.6668477477313966e-02
6.0353862920465251e-01	1.5580359742826563e-01	-1.2572266666528287e-01
5.9837280900900514e-01	1.7388007254017318e-01	-1.9927955937782746e-01
5.9266590990755574e-01	1.9178675065667325e-01	-2.6714195939509144e-01
5.8642347243317194e-01	2.0950744571856925e-01	-3.2926181014324962e-01
5.7965152101283901e-01	2.2702615133440618e-01	-3.8571174505703915e-01
5.7235655817264219e-01	2.4432705523764475e-01	-4.3665844855896807e-01
5.6454555831112063e-01	2.6139455355773678e-01	-4.8233852919428355e-01
5.5622596104688793e-01	2.7821326489236642e-01	-5.2303732201112341e-01
5.4740566414690417e-01	2.9476804416802255e-01	-5.5907080302340806e-01
5.3809301604207904e-01	3.1104399627649720e-01	-5.9077061502205186e-01
5.2829680793728329e-01	3.2702648947502966e-01	-6.1847206793222320e-01
5.1802626552325948e-01	3.4270116853796839e-01	-6.4250488288314778e-01
5.0729104029815963e-01	3.5805396764826292e-01	-6.6318639052541350e-01
4.9610120050694245e-01	3.7307112301707479e-01	-6.8081686396256647e-01
4.8446722170706819e-01	3.8773918522028877e-01	-6.9567665834408488e-01
4.7239997696937536e-01	4.0204503124079305e-01	-7.0802483678612038e-01
4.5991072672326072e-01	4.1597587620580362e-01	-7.1809898085061230e-01
4.4701110825563717e-01	4.2951928480873558e-01	-7.2611590930030101e-01
4.3371312487350100e-01	4.4266318240537023e-01	-7.3227305816905086e-01
4.2002913474013659e-01	4.5539586577448798e-01	-7.3675030608531356e-01
4.0597183939540110e-01	4.6770601353331309e-01	-7.3971205969419596e-01
3.9155427197067960e-01	4.7958269619857558e-01	-7.4130944391692255e-01
3.7678978510950789e-01	4.9101538588418986e-01	-7.4168247004218779e-01
3.6169203860498955e-01	5.0199396562700860e-01	-7.4096208091513804e-01
3.4627498676549806e-01	5.1250873833235444e-01	-7.3927199660303822e-01
3.3055286552035029e-01	5.2255043533142964e-01	-7.3673030579624554e-01
3.1454017927730871e-01	5.3211022454309520e-01	-7.3345076781823226e-01
2.9825168754411485e-01	5.4117971823279287e-01	-7.2954380745392600e-01
2.8170239132631852e-01	5.4975098036184866e-01	-7.2511719984919243e-01
2.6490751931399065e-01	5.5781653352069072e-01	-7.2027645547766106e-01
2.4788251387004082e-01	5.6536936543994221e-01	-7.1512492561844543e-01
2.3064301683296998e-01	5.7240293507375672e-01	-7.0976365696896881e-01
2.1320485514718815e-01	5.7891117825009419e-01	-7.0429102999780235e-01
1.9558402633401720e-01	5.8488851288310573e-01	-6.9880221953552257e-01
1.7779668381677502e-01	5.9032984374313513e-01	-6.9338851806965651e-01
1.5985912211340353e-01	5.9523056678028419e-01	-6.8813656246267563e-01
1.4178776191015452e-01	5.9958657299790741e-01	-6.8312750359944097e-01
1.2359913503006811e-01	6.0339425187278140e-01	-6.7843615606953023e-01
1.0530986930994814e-01	6.0665049431913820e-01	-6.7413016168835238e-01
8.6936673399763062e-02	6.0935269519414137e-01	-6.7026919674157259e-01
6.8496321498217216e-02	6.1149875534284759e-01	-6.6690424855966468e-01
5.0005638038587832e-02	6.1308708318105998e-01	-6.6407698261684200e-01
3.1481482338722978e-02	6.1411659581494771e-01	-6.6181921697656065e-01
1.2940733229204434e-02	6.1458671969670819e-01	-6.6015251669656905e-01
-5.5997263262213296e-03	6.1449739081597188e-01	-6.5908791682755874e-01
-2.4123024604083526e-02	6.1384905442708182e-01	-6.5862577890763685e-01
-4.2612316474347135e-02	6.1264266431279246e-01	-6.5875578234477239e-01
-6.1050798719408744e-02	6.1087968158536265e-01	-6.5945704873493693e-01
-7.9421725304996749e-02	6.0856207302642840e-01	-6.6069839391314877e-01
-9.7708422589011079e-02	6.0569230896748039e-01	-6.6243869930541865e-01
-1.1589430445464123e-01	6.0227336071315596e-01	-6.6462739088388512e-01
-1.3396288735387640e-01	5.9830869751000626e-01	-6.6720501069560467e-01
-1.5189780524784993e-01	5.9380228306378779e-01	-6.7010386254720078e-01
-1.6968282443047183e-01	5.8875857160873735e-01	-6.7324871003858366e-01
-1.8730185822186823e-01	5.8318250353271961e-01	-6.7655750185431929e-01
-2.0473898151838826e-01	5.7707950056250501e-01	-6.7994209619303836e-01
-2.2197844518601770e-01	5.7045546051384810e-01	-6.8330895363694910e-01
-2.3900469028412935e-01	5.6331675161145067e-01	-6.8655976585905576e-01
-2.5580236210680646e-01	5.5567020638423481e-01	-6.8959198657750953e-01
-2.7235632402898752e-01	5.4752311514179675e-01	-6.9229923134004256e-01
-2.8865167114500861e-01	5.3888321903822878e-01	-6.9457151429107855e-01
-3.0467374368725403e-01	5.2975870272989634e-01	-6.9629529324977357e-01
-3.2040814021277808e-01	5.2015818663414970e-01	-6.9735329938361135e-01
-3.3584073054611524e-01	5.1009071879624346e-01	-6.9762413463262307e-01
-3.5095766846657267e-01	4.9956576637216871e-01	-6.9698162891224424e-01
-3.6574540412867251e-01	4.8859320673537493e-01	-6.9529396004424437e-01
-3.8019069620459922e-01	4.7718331821572768e-01	-6.9242255234140038e-01
-3.9428062373774370e-01	4.6534677047939527e-01	-6.8822078477515591e-01
-4.0800259769673619e-01	4.5309461455866917e-01	-6.8253255662766055e-01
-4.2134437221968452e-01	4.4043827254098838e-01	-6.7519077737828781e-01
-4.3429405553853423e-01	4.2738952692681687e-01	-6.6601586816464775e-01
-4.4684012057380917e-01	4.1396050966629039e-01	-6.5481438428765593e-01
-4.5897141519035600e-01	4.0016369088476533e-01	-6.4137789159495018e-01
-4.7067717210486792e-01	3.8601186730785264e-01	-6.2548225371631616e-01
-4.8194701843649740e-01	3.7151815039656594e-01	-6.0688751135125896e-01
-4.9277098489202870e-01	3.5669595420364508e-01	-5.8533855812570745e-01
-5.0313951457748984e-01	3.4155898296229925e-01	-5.6056683854086697e-01
-5.1304347142846929e-01	3.2612121841878172e-01	-5.3229331033489802e-01
-5.2247414825162175e-01	3.1039690692062349e-01	-5.0023292369239969e-01
-5.3142327437038084e-01	2.9440054627232448e-01	-4.6410087006192491e-01
-5.3988302286812162e-01	2.7814687237069768e-01	-4.2362084014501883e-01
-5.4784601742244599e-01	2.6165084563218682e-01	-3.7853549961331923e-01
-5.5530533872466903e-01	2.4492763722457889e-01	-3.2861933763247009e-01
-5.6225453047886642e-01	2.2799261511591629e-01	-2.7369396260102830e-01
-5.6868760497535908e-01	2.1086132995330165e-01	-2.1364580732552158e-01
-5.7459904823379915e-01	1.9354950078465014e-01	-1.4844605886199755e-01
-5.7998382471146881e-01	1.7607300063647136e-01	-7.8172444990251569e-02
-5.8483738157278564e-01	1.5844784196091646e-01	-3.0322910295847824e-03
-5.8915565251641500e-01	1.4069016196543185e-01	7.6613987526999092e-02
-5.9293506115679373e-01	1.2281620783845970e-01	1.6023005956629516e-01
-5.9617252395727771e-01	1.0484232188471164e-01	2.4708289661555996e-01
-5.9886545271253677e-01	8.6784926583618915e-02	3.3622566871400739e-01
-6.0101175657823636e-01	6.8660509584589982e-02	4.2648616607207662e-01
-6.0260984364644110e-01	5.0485608652874027e-02	5.1646273393583775e-01
-6.0365862206562837e-01	3.2276796579626524e-02	6.0452973725776493e-01
-6.0415750070456642e-01	1.4050666070098868e-02	6.8885445565877390e-01
-6.0410638935977101e-01	-4.1761853763835127e-03	7.6742701624315379e-01
-6.0350569850664115e-01	-2.2387170580786628e-02	8.3810447911818320e-01
-6.0235633859481053e-01	-4.0565727779377662e-02	8.9866948883725017e-01
-6.0065971888864900e-01	-5.8695335685641815e-02	9.4690300430981256e-01
-5.9841774585427543e-01	-7.6759528505343982e-02	9.8066955320704463e-01
-5.9563282109484794e-01	-9.4741910891174910e-02	9.9801228355829152e-01
-5.9230783883631366e-01	-1.1262617282331412e-01	9.9725388971112772e-01
-5.8844618296620355e-01	-1.3039610440246832e-01	9.7709837871310845e-01
-5.8405172362845859e-01	-1.4803561054196737e-01	9.3672773751842908e-01
-5.7912881337769584e-01	-1.6552872554553885e-01	8.7588698549580968e-01
-5.7368228289669221e-01	-1.8285962755764187e-01	7.9495096374991603e-01
-5.6771743628129656e-01	-2.0001265287319428e-01	6.9496660915049180e-01
-5.6124004589732635e-01	-2.1697231009384246e-01	5.7766543082567212e-01
-5.5425634681444291e-01	-2.3372329411789455e-01	4.4544243952446577e-01
-5.4677303082232742e-01	-2.5025049995136472e-01	3.0129980277821267e-01
-5.3879724003490670e-01	-2.6653903632760517e-01	1.4875587590562994e-01
-5.3033656008872998e-01	-2.8257423912324936e-01	-8.2771988603046603e-03
-5.2139901294193403e-01	-2.9834168455843713e-01	-1.6564165257741792e-01
-5.1199304928065770e-01	-3.1382720216936494e-01	-3.1910015944410575e-01
-5.0212754054004338e-01	-3.2901688754157049e-01	-4.6451032001639364e-01
-4.9181177054737946e-01	-3.4389711479245466e-01	-5.9799713072810146e-01
-4.8105542679524849e-01	-3.5845454879183963e-01	-7.1611291589557813e-01
-4.6986859135284226e-01	-3.7267615710965774e-01	-8.1597496943270242e-01
-4.5826173142400906e-01	-3.8654922167999817e-01	-8.9537273464613298e-01
-4.4624568956081784e-01	-4.0006135017114458e-01	-9.5283859741746124e-01
-4.3383167354182300e-01	-4.1320048705138968e-01	-9.8767906619976109e-01
-4.2103124592447200e-01	-4.2595492434075272e-01	-9.9996600224326959e-01
-4.0785631328135241e-01	-4.3831331203905677e-01	-9.9049037241322457e-01
-3.9431911513033285e-01	-4.5026466822103645e-01	-9.6068347055120873e-01
-3.8043221256884724e-01	-4.6179838878953894e-01	-9.1251248441532062e-01
-3.6620847662294331e-01	-4.7290425687810156e-01	-8.4835853499442637e-01
-3.5166107632178439e-01	-4.8357245189467052e-01	-7.7088582409794659e-01
-3.3680346650876353e-01	-4.9379355819836512e-01	-6.8291031506005906e-01
-3.2164937540044425e-01	-5.0355857340168331e-01	-5.8727553078862127e-01
-3.0621279190482598e-01	-5.1285891629083347e-01	-4.8674172661175996e-01
-2.9050795271071966e-01	-5.2168643435718576e-01	-3.8389305662775408e-01
-2.7454932916001873e-01	-5.3003341093332290e-01	-2.8106558358944156e-01
-2.5835161391509731e-01	-5.3789257192737316e-01	-1.8029725281490830e-01
-2.4192970743354250e-01	-5.4525709214980478e-01	-8.3299400018480407e-02
-2.2529870426266965e-01	-5.5212060122718876e-01	8.5519083939178848e-03
-2.0847387916650312e-01	-5.5847718909778232e-01	9.4207339280020452e-02
-1.9147067309783525e-01	-5.6432141108426925e-01	1.7292178169614464e-01
-1.7430467902838145e-01	-5.6964829253925664e-01	2.4422133464437884e-01
-1.5699162764995647e-01	-5.7445333305961721e-01	3.0786323651450764e-01
-1.3954737295978575e-01	-5.7873251026612160e-01	3.6379192735746740e-01
-1.2198787774321303e-01	-5.8248228314519457e-01	4.1209403250180843e-01
-1.0432919896704063e-01	-5.8569959495006008e-01	4.5295457073728285e-01
-8.6587473096866499e-02	-5.8838187565892519e-01	4.8661618256133449e-01
-6.8778901351905924e-02	-5.9052704398824674e-01	5.1334269200013738e-01
-5.0919734910688942e-02	-5.9213350895956152e-01	5.3338789350513671e-01
-3.3026260081226042e-02	-5.9320017101873879e-01	5.4697011350632752e-01
-1.5114783449112011e-02	-5.9372642270694442e-01	5.5425284151849619e-01
2.7983829828883058e-03	-5.9371214888300428e-01	5.5533155434972448e-01
2.0696936650166912e-02	-5.9315772649725884e-01	5.5022675634616691e-01
3.8564599263067517e-02	-5.9206402391742308e-01	5.3888320981305793e-01
5.6385131611561334e-02	-5.9043239980736373e-01	5.2117530987582961e-01
7.4142348324402710e-02	-5.8826470156011545e-01	4.9691854234198696e-01
9.1820132569346263e-02	-5.8556326328686237e-01	4.6588692701983558e-01
1.0940245068104014e-01	-5.8233090336401228e-01	4.2783626999255003e-01
1.2687336670331592e-01	-5.7857092154090495e-01	3.8253290816942043e-01
1.4421705683274325e-01	-5.7428709561107061e-01	3.2978741577348075e-01
1.6141782375030425e-01	-5.6948367765037355e-01	2.6949245113309517e-01
1.7846011082820507e-01	-5.6416538982576248e-01	2.0166355909573802e-01
1.9532851619904670e-01	-5.5833741977871132e-01	1.2648132697664149e-01
2.1200780667449151e-01	-5.5200541558788319e-01	4.4332849920699746e-02
2.2848293150098767e-01	-5.4517548031584728e-01	-4.4149963375433858e-02
2.4473903594005128e-01	-5.3785416614512094e-01	-1.3805806951808475e-01
2.6076147466085364e-01	-5.3004846810915784e-01	-2.3618200704143669e-01
2.7653582493311735e-01	-5.2176581742423156e-01	-3.3700074480206188e-01
2.9204789960830430e-01	-5.1301407442861857e-01	-4.3868555547483412e-01
3.0728375987754603e-01	-5.0380152113571541e-01	-5.3912132524616463e-01
3.2222972779476972e-01	-4.9413685340817048e-01	-6.3594692912644490e-01
3.3687239855377249e-01	-4.8402917276041779e-01	-7.2661523187479737e-01
3.5119865250829474e-01	-4.7348797779728313e-01	-8.0847196353374395e-01
3.6519566692419625e-01	-4.6252315529679167e-01	-8.7885124804581793e-01
3.7885092745333071e-01	-4.5114497094545508e-01	-9.3518404797999033e-01
3.9215223931878240e-01	-4.3936405973476472e-01	-9.7511436686984398e-01
4.0508773820149319e-01	-4.2719141602785388e-01	-9.9661687306255009e-01
4.1764590081857933e-01	-4.1463838330558134e-01	-9.9810881977755828e-01
4.2981555518385067e-01	-4.0171664360165749e-01	-9.7854885589868690e-01
4.4158589054150360e-01	-3.8843820663654316e-01	-9.3751563011498062e-01
4.5294646696405477e-01	-3.7481539866032759e-01	-8.7526001125150876e-01
4.6388722460606130e-01	-3.6086085101488696e-01	-7.9272624046470896e-01
4.7439849260542649e-01	-3.4658748842593018e-01	-6.9153929319336904e-01
4.8447099762437201e-01	-3.3200851703584805e-01	-5.7395800151846754e-01
4.9409587202262806e-01	-3.1713741218832536e-01	-4.4279587228178324e-01
5.0326466165555495e-01	-3.0198790597613373e-01	-3.0131381629713644e-01
5.1196933329041383e-01	-2.8657397456351524e-01	-1.5309096927804774e-01
5.2020228163424032e-01	-2.7090982529493468e-01	-1.8812566863409107e-03
5.2795633596721692e-01	-2.5500988360203397e-01	1.4853579507543049e-01
5.3522476637576644e-01	-2.3888877972085193e-01	2.9450133238626341e-01
5.4200128957993310e-01	-2.2256133523159496e-01	4.3261237404399683e-01
5.4828007435005344e-01	-2.0604254943326517e-01	5.5983888903132895e-01
5.5405574650802847e-01	-1.8934758556575096e-01	6.7361728761048234e-01
5.5932339350895621e-01	-1.7249175689195007e-01	7.7191674854447778e-01
5.6407856859920646e-01	-1.5549051265277977e-01	8.5327681366197650e-01
5.6831729454746616e-01	-1.3835942390787820e-01	9.1681663088850640e-01
5.7203606694562326e-01	-1.2111416927503012e-01	9.6221796188052966e-01
5.7523185707678259e-01	-1.0377052058137980e-01	9.8968547097398241e-01
5.7790211434810701e-01	-8.6344328439500018e-02	9.9988880355695586e-01
5.8004476828654550e-01	-6.8851507761590131e-02	9.9389151614245630e-01
5.8165823009594642e-01	-5.1308023224959247e-02	9.7307205235033123e-01
5.8274139377442158e-01	-3.3729874702129778e-02	9.3904171889779653e-01
5.8329363679124857e-01	-1.6133082668858607e-02	8.9356407847314190e-01
5.8331482032299997e-01	1.4663263966784631e-03	8.3847943031895744e-01
5.8280528904897744e-01	1.9052334610149265e-02	7.7563718536520609e-01
5.8176587050644268e-01	3.6608947259563977e-02	7.0683804526435379e-01
5.8019787400653100e-01	5.4120207352679299e-02	6.3378703507131140e-01
5.7810308911213748e-01	7.1570210120077277e-02	5.5805767196738010e-01
5.7548378367945818e-01	8.8943117460794974e-02	4.8106691335505020e-01
5.7234270146527122e-01	1.0622317231733053e-01	4.0406003520886385e-01
5.6868305930243868e-01	1.2339471296697564e-01	3.2810424876272798e-01
5.6450854384648030e-01	1.4044218721659321e-01	2.5408966134262817e-01
5.5982330789650570e-01	1.5735016648783320e-01	1.8273610781343200e-01
5.5463196629411882e-01	1.7410335978017275e-01	1.1460440010810165e-01
5.4893959140433801e-01	1.9068662749905430e-01	5.0110639166257569e-02
5.4275170818292040e-01	2.0708499513667356e-01	-1.0457617600228897e-02
5.3607428883489594e-01	2.2328366679296899e-01	-6.6924361072292396e-02
5.2891374706941052e-01	2.3926803852474149e-01	-1.1920814391914428e-01
5.2127693195643576e-01	2.5502371151072445e-01	-1.6730575023504060e-01
5.1317112139118792e-01	2.7053650502081639e-01	-2.1127699220427695e-01
5.0460401517247666e-01	2.8579246917779333e-01	-2.5123094751037034e-01
4.9558372770159070e-01	3.0077789749994499e-01	-2.8731381709847159e-01
4.8611878030856792e-01	3.1547933921348736e-01	-3.1969847310279131e-01
4.7621809321316017e-01	3.2988361132356431e-01	-3.4857568067126782e-01
4.6589097712803229e-01	3.4397781043308262e-01	-3.7414691322001564e-01
4.5514712451208567e-01	3.5774932429878309e-01	-3.9661863573754330e-01
4.4399660048216444e-01	3.7118584311413605e-01	-4.1619790219695041e-01
4.3244983339157395e-01	3.8427537050908589e-01	-4.3308909793918193e-01
4.2051760508430724e-01	3.9700623425670301e-01	-4.4749165323706519e-01
4.0821104083403487e-01	4.0936709667725779e-01	-4.5959855760277518e-01
3.9554159897723873e-01	4.2134696473044170e-01	-4.6959551357212076e-01
3.8252106025018390e-01	4.3293519978671752e-01	-4.7766058186524107e-01
3.6916151683960519e-01	4.4412152706916175e-01	-4.8396418550942022e-01
3.5547536115728062e-01	4.5489604475742090e-01	-4.8866935755027968e-01
3.4147527434895214e-01	4.6524923274568036e-01	-4.9193213447219708e-01
3.2717421454818618e-01	4.7517196104696169e-01	-4.9390201471450540e-01
3.1258540488611158e-01	4.8465549783628220e-01	-4.9472241819694984e-01
2.9772232126808096e-01	4.9369151712563880e-01	-4.9453109818376823e-01
2.8259867992854848e-01	5.0227210606407502e-01	-4.9346047085476624e-01
2.6722842477570591e-01	5.1038977185640622e-01	-4.9163784043402153e-01
2.5162571453748467e-01	5.1803744829460863e-01	-4.8918550854271659e-01
2.3580490972083912e-01	5.2520850189614676e-01	-4.8622076554234200e-01
2.1978055939627253e-01	5.3189673764395096e-01	-4.8285576902172478e-01
2.0356738781974471e-01	5.3809640432309191e-01	-4.7919732030748169e-01
1.8718028090434380e-01	5.4380219944953667e-01	-4.7534655403696763e-01
1.7063427255410010e-01	5.4900927378680342e-01	-4.7139855855713003e-01
1.5394453087245885e-01	5.5371323544669371e-01	-4.6744194636397091e-01
1.3712634425808545e-01	5.5791015357064144e-01	-4.6355839415940225e-01
1.2019510740083446e-01	5.6159656158859439e-01	-4.5982217157186001e-01
1.0316630719052169e-01	5.6476946005280493e-01	-4.5629967636318081e-01
8.6055508551585266e-02	5.6742631904419050e-01	-4.5304899221892492e-01
6.8878340216505740e-02	5.6956508014939400e-01	-4.5011948316782813e-01
5.1650480450964022e-02	5.7118415800704381e-01	-4.4755143644993178e-01
3.4387642743806270e-02	5.7228244142209150e-01	-4.4537576337406187e-01
1.7105561474910026e-02	5.7285929404751501e-01	-4.4361376546332926e-01
-1.8002242600838469e-04	5.7291455463306984e-01	-4.4227697103882885e-01
-1.7453375816607011e-02	5.7244853684116437e-01	-4.4136704536325588e-01
-3.4698787662068652e-02	5.7146202863032025e-01	-4.4087577555812074e-01
-5.1900583325064996e-02	5.6995629120708768e-01	-4.4078512970206468e-01
-6.9043138812732260e-02	5.6793305754766410e-01	-4.4106738778352778e-01
-8.6110894967513618e-02	5.6539453049086696e-01	-4.4168534048627234e-01
-1.0308837158906947e-01	5.6234338040449894e-01	-4.4259255010467474e-01
-1.1996018147446184e-01	5.5878274242751969e-01	-4.4373366620509069e-01
-1.3671104436384610e-01	5.5471621329083443e-01	-4.4504478697863653e-01
-1.5332580077899952e-01	5.5014784771989655e-01	-4.4645385560395467e-01
-1.6978942574217903e-01	5.4508215442269481e-01	-4.4788107941884375e-01
-1.8608704236297863e-01	5.3952409166703896e-01	-4.4923935837877638e-01
-2.0220393528071287e-01	5.3347906245151400e-01	-4.5043470827650456e-01
-2.1812556395036864e-01	5.2695290927473315e-01	-4.5136666365048056e-01
-2.3383757576004344e-01	5.1995190850795547e-01	-4.5192864537618632e-01
-2.4932581896801595e-01	5.1248276437648621e-01	-4.5200827877683031e-01
-2.6457635544781993e-01	5.0455260255560352e-01	-4.5148764986943757e-01
-2.7957547322987364e-01	4.9616896338710359e-01	-4.5024349022944987e-01
-2.9430969882834918e-01	4.8733979472291544e-01	-4.4814728504135920e-01
-3.0876580934217562e-01	4.7807344440258775e-01	-4.4506530430586849e-01
-3.2293084431933128e-01	4.6837865237174542e-01	-4.4085856395980633e-01
-3.3679211737385678e-01	4.5826454244889797e-01	-4.3538273185438608e-01
-3.5033722754500773e-01	4.4774061374845792e-01	-4.2848800310082130e-01
-3.6355407038858745e-01	4.3681673176788061e-01	-4.2001898014290151e-01
-3.7643084879033256e-01	4.2550311914743510e-01	-4.0981460490234634e-01
-3.8895608349189936e-01	4.1381034611109319e-01	-3.9770820323647554e-01
-4.0111862331986314e-01	4.0174932059763452e-01	-3.8352771543342418e-01
-4.1290765510880956e-01	3.8933127809101126e-01	-3.6709620012403621e-01
-4.2431271330953935e-01	3.7656777115958145e-01	-3.4823271226222052e-01
-4.3532368927392506e-01	3.6347065871389034e-01	-3.2675366801240013e-01
-4.4593084020819890e-01	3.5005209499296186e-01	-3.0247481960088696e-01
-4.5612479778673048e-01	3.3632451828934073e-01	-2.7521397034826239e-01
-4.6589657641863258e-01	3.2230063942341308e-01	-2.4479456288739568e-01
-4.7523758116002945e-01	3.0799342997752144e-01	-2.1105027043755284e-01
-4.8413961526488070e-01	2.9341611030096360e-01	-1.7383071018183641e-01
-4.9259488736788265e-01	2.7858213729675224e-01	-1.3300837733228948e-01
-5.0059601829302014e-01	2.6350519200163192e-01	-8.8486866323613661e-02
-5.0813604748196217e-01	2.4819916697060163e-01	-4.0210399740344960e-02
-5.1520843903660618e-01	2.3267815347774562e-01	1.1825375724057780e-02
-5.2180708737058878e-01	2.1695642854508929e-01	6.7561445057955999e-02
-5.2792632246489291e-01	2.0104844181139342e-01	1.2686254660705409e-01
-5.3356091472303202e-01	1.8496880225298479e-01	1.8950368572776718e-01
-5.3870607942164006e-01	1.6873226476890818e-01	2.5515649283329145e-01
-5.4335748075276480e-01	1.5235371664253694e-01	3.2337601471749533e-01
-5.4751123545440372e-01	1.3584816389224433e-01	3.9358866811487375e-01
-5.5116391602629677e-01	1.1923071752356619e-01	4.6508221903198071e-01
-5.5431255352834441e-01	1.0251657969542667e-01	5.3699876875340125e-01
-5.5695463995938244e-01	8.5721029813120089e-02	6.0833181349632059e-01
-5.5908813021444137e-01	6.8859410560803816e-02	6.7792848357314395e-01
-5.6071144361901126e-01	5.1947113886238433e-02	7.4449804292131261e-01
-5.6182346503921798e-01	3.4999566950545964e-02	8.0662762488716910e-01
-5.6242354556718988e-01	1.8032218055842823e-02	8.6280598157564736e-01
-5.6251150278129169e-01	1.0605225636160364e-03	9.1145572288400489e-01
-5.6208762058129513e-01	-1.5900071183345028e-02	9.5097411543484034e-01
-5.6115264859893288e-01	-3.2834135922726229e-02	9.7978200805444249e-01
-5.5970780118467489e-01	-4.9726279505183837e-02	9.9637986717192084e-01
-5.5775475597195057e-01	-6.6561158884985511e-02	9.9940927243363409e-01
-5.5529565202042075e-01	-8.3323494055992056e-02	9.8771758159962275e-01
-5.5233308754029464e-01	-9.9998081920298409e-02	9.6042287626917788e-01
-5.4887011720006451e-01	-1.1656981007697079e-01	9.1697580499179310e-01
-5.4491024902038632e-01	-1.3302367051845987e-01	8.5721460882943823e-01
-5.4045744085726821e-01	-1.4934477322208134e-01	7.8140950340545801e-01
-5.3551609647801135e-01	-1.6551835962449749e-01	6.9029274685746012e-01
-5.3009106123382654e-01	-1.8152981596675849e-01	5.8507117282205934e-01
-5.2418761733328945e-01	-1.9736468649808309e-01	4.6741871531951701e-01
-5.1781147872129396e-01	-2.1300868652621252e-01	3.3944747341411347e-01
-5.1096878556839198e-01	-2.2844771530274779e-01	2.0365710306544993e-01
-5.0366609837583864e-01	-2.4366786873176247e-01	6.2863698950273467e-02
-4.9591039170200196e-01	-2.5865545189021782e-01	-7.9889264826616679e-02
-4.8770904751611349e-01	-2.7339699134893058e-01	-2.2143404759306515e-01
-4.7906984818564319e-01	-2.8787924728307934e-01	-3.5859080975787616e-01
-4.7000096910401190e-01	-3.0208922536123739e-01	-4.8828304102306291e-01
-4.6051097096558197e-01	-3.1601418840233197e-01	-6.0765005964578489e-01
-4.5060879169520052e-01	-3.2964166779009202e-01	-7.1415044771973879e-01
-4.4030373803990325e-01	-3.4295947463473636e-01	-8.0565079963299779e-01
-4.2960547683073391e-01	-3.5595571067184406e-01	-8.8049509470923415e-01
-4.1852402592276527e-01	-3.6861877888881844e-01	-9.3755128350959194e-01
-4.0706974482191555e-01	-3.8093739386930292e-01	-9.7623319023993016e-01
-3.9525332500727606e-01	-3.9290059184639936e-01	-9.9649744989809874e-01
-3.8308577995796517e-01	-4.0449774045575076e-01	-9.9881678007613839e-01
-3.7057843489382564e-01	-4.1571854817979287e-01	-9.8413230356603953e-01
-3.5774291623954113e-01	-4.2655307347476951e-01	-9.5378878034713654e-01
-3.4459114082194836e-01	-4.3699173357244692e-01	-9.0945739907234546e-01
-3.3113530481055203e-01	-4.4702531294876074e-01	-8.5305117943047015e-01
-3.1738787241151795e-01	-4.5664497145189809e-01	-7.8663804731559639e-01
-3.0336156432569383e-01	-4.6584225208260405e-01	-7.1235629982214677e-01
-2.8906934598118966e-01	-4.7460908841998711e-01	-6.3233654057446620e-01
-2.7452441555155238e-01	-4.8293781168619554e-01	-5.4863332076791071e-01
-2.5974019177053737e-01	-4.9082115744384486e-01	-4.6316875903759230e-01
-2.4473030155470193e-01	-4.9825227192036359e-01	-3.7768942371721947e-01
-2.2950856744526071e-01	-5.0522471795374502e-01	-2.9373682374101545e-01
-2.1408899488080493e-01	-5.1173248055454812e-01	-2.1263103236663758e-01
-1.9848575931258172e-01	-5.1776997207936759e-01	-1.3546630399997872e-01
-1.8271319317410595e-01	-5.2333203701136954e-01	-6.3117060795416943e-02
-1.6678577271725412e-01	-5.2841395634374777e-01	3.7476747818051995e-03
-1.5071810472675679e-01	-5.3301145156246299e-01	6.4643455786170562e-02
-1.3452491312535983e-01	-5.3712068822488979e-01	1.1924523481911088e-01
-1.1822102548196090e-01	-5.4073827913139572e-01	1.6735974830471526e-01
-1.0182135943505431e-01	-5.4386128708726977e-01	2.0889716660739896e-01
-8.5340909043883251e-02	-5.4648722725278032e-01	2.4384346375832577e-01
-6.8794731079817178e-02	-5.4861406907951027e-01	2.7223469268324912e-01
-5.2197931270519131e-02	-5.5024023783149811e-01	2.9413409133167873e-01
-3.5565650509447030e-02	-5.5136461569010586e-01	3.0961270859627810e-01
-1.8913051043192370e-02	-5.5198654244191347e-01	3.1873403601946176e-01
-2.2553026494524699e-03	-5.5210581574929307e-01	3.2154296517018705e-01
1.4392431182005859e-02	-5.5172269100373783e-01	3.1805925883548369e-01
3.1015007052552033e-02	-5.5083788076236750e-01	3.0827562002161818e-01
4.7597315429752748e-02	-5.4945255376842828e-01	2.9216035635177462e-01
6.4124294381507269e-02	-5.4756833355698287e-01	2.6966455723430760e-01
8.0580943257023308e-02	-5.4518729664735033e-01	2.4073361528113554e-01
9.6952336301957182e-02	-5.4231197032425860e-01	2.0532282100932697e-01
1.1322363619560981e-01	-5.3894533001000300e-01	1.6341663228332176e-01
1.2938010749765258e-01	-5.3509079623033284e-01	1.1505106218602619e-01
1.4540712999244398e-01	-5.3075223117708570e-01	6.0338440569421066e-02
1.6129021191860715e-01	-5.2593393487103790e-01	-5.0640956982324706e-04
1.7701500307214096e-01	-5.2064064092870244e-01	-6.7139768508774053e-02
1.9256730777097653e-01	-5.1487751193728171e-01	-1.3906380294241205e-01
2.0793309766950585e-01	-5.0865013444220009e-01	-2.1560415098800159e-01
2.2309852441127875e-01	-5.0196451355214444e-01	-2.9589207331888578e-01
2.3804993210868500e-01	-4.9482706716672004e-01	-3.7885300260432991e-01
2.5277386963819215e-01	-4.8724461983232531e-01	-4.6320328156502388e-01
2.6725710274015435e-01	-4.7922439623208568e-01	-5.4745670387528667e-01
2.8148662591232609e-01	-4.7077401431602778e-01	-6.2994214530243908e-01
2.9544967408637374e-01	-4.6190147807802412e-01	-7.0883308994631933e-01
3.0913373407682915e-01	-4.5261516998638956e-01	-7.8218922804178104e-01
3.2252655579238715e-01	-4.4292384307517935e-01	-8.4800955403100942e-01
3.3561616319929910e-01	-4.3283661270376700e-01	-9.0429556999525840e-01
3.4839086502726074e-01	-4.2236294799231527e-01	-9.4912235877537610e-01
3.6083926520802495e-01	-4.1151266294132133e-01	-9.8071450314138608e-01
3.7295027303761297e-01	-4.0029590724341285e-01	-9.9752316734504509e-01
3.8471311305291545e-01	-3.8872315679611064e-01	-9.9830019804856063e-01
3.9611733461395798e-01	-3.7680520392436723e-01	-9.8216490496999720e-01
4.0715282118333262e-01	-3.6455314732198441e-01	-9.4865929076750188e-01
4.1780979929453355e-01	-3.5197838172129764e-01	-8.9778793230251253e-01
4.2807884720123385e-01	-3.3909258730076181e-01	-8.3003945926526823e-01
4.3795090319987395e-01	-3.2590771884026704e-01	-7.4638758816958306e-01
4.4741727361826605e-01	-3.1243599463417943e-01	-6.4827087866385324e-01
4.5646964046306576e-01	-2.9868988517253103e-01	-5.3755169162291927e-01
4.6510006871950582e-01	-2.8468210160069768e-01	-4.1645613820634181e-01
4.7330101329693919e-01	-2.7042558396830307e-01	-2.8749800748981258e-01
4.8106532561411330e-01	-2.5593348927823451e-01	-1.5339064810773925e-01
4.8838625981845135e-01	-2.4121917934678536e-01	-1.6951476904082798e-02
4.9525747863398117e-01	-2.2629620848604851e-01	1.1899585713331458e-01
5.0167305883276303e-01	-2.1117831102008372e-01	2.5171663194342841e-01
5.0762749632521476e-01	-1.9587938864614207e-01	3.7865286733860881e-01
5.1311571086487029e-01	-1.8041349765280015e-01	4.9749978689683744e-01
5.1813305036366386e-01	-1.6479483600652819e-01	6.0626781085199466e-01
5.2267529481400432e-01	-1.4903773031877640e-01	7.0332800688146713e-01
5.2673865981442358e-01	-1.3315662270536260e-01	7.8744002699074767e-01
5.3031979969584331e-01	-1.1716605755029096e-01	8.5776262990739149e-01
5.3341581024590157e-01	-1.0108066818615574e-01	9.1384785210439412e-01
5.3602423102915941e-01	-8.4915163503306315e-02	9.5562068660545041e-01
5.3814304730138518e-01	-6.8684314499942153e-02	9.8334671780614891e-01
5.3977069151643331e-01	-5.2402940785626503e-02	9.9759052530495385e-01
5.4090604442468282e-01	-3.6085897050314196e-02	9.9916781335000615e-01
5.4154843576230116e-01	-1.9748059511492545e-02	9.8909416544416884e-01
5.4169764453103286e-01	-3.4043123515550104e-03	9.6853309923217890e-01
5.4135389886853746e-01	1.2930465841981629e-02	9.3874574617679130e-01
5.4051787550970942e-01	2.9241415621309410e-02	9.0104404781478731e-01
5.3919069883976667e-01	4.5513710195633897e-02	8.5674888830369544e-01
5.3737393954026624e-01	6.1732568908901095e-02	8.0715410952962352e-01
5.3506961282959231e-01	7.7883270665449325e-02	7.5349691125809559e-01
5.3228017629980073e-01	9.3951167291629153e-02	6.9693474752050610e-01
5.2900852735210380e-01	1.0992169682107193e-01	6.3852850615782131e-01
5.2525800023362468e-01	1.2578039669164273e-01	5.7923150797025669e-01
5.2103236267840491e-01	1.4151291684214048e-01	5.1988368545543839e-01
5.1633581215602020e-01	1.5710503269686144e-01	4.6121019374278099e-01
5.1117297173153697e-01	1.7254265802619767e-01	4.0382365956636268e-01
5.0554888554081756e-01	1.8781185767182026e-01	3.4822927738829679e-01
4.9946901388563225e-01	2.0289886012477512e-01	2.9483200371436291e-01
4.9293922795330530e-01	2.1779006994522074e-01	2.4394517006981950e-01
4.8596580416597435e-01	2.3247208001262931e-01	1.9579992183273565e-01
4.7855541816489228e-01	2.4693168359538376e-01	1.5055498539061379e-01
4.7071513843553892e-01	2.6115588622887986e-01	1.0830636279642668e-01
4.6245241957960587e-01	2.7513191739148080e-01	6.9096645863754774e-02
4.5377509524022869e-01	2.8884724196786060e-01	3.2923726678127992e-02
4.4469137068717812e-01	3.0228957148942587e-01	-2.5124354839155277e-04
4.3520981506906581e-01	3.1544687514167052e-01	-3.0496731671899934e-02
4.2533935333977130e-01	3.2830739052875885e-01	-5.7904568099927452e-02
4.1508925786678685e-01	3.4085963418555476e-01	-8.2584551751888544e-02
4.0446913972931908e-01	3.5309241182777712e-01	-1.0465987485561712e-01
3.9348893971428983e-01	3.6499482833115260e-01	-1.2426330616629587e-01
3.8215891901868060e-01	3.7655629743064756e-01	-1.4153405718584250e-01
3.7048964966693326e-01	3.8776655113112646e-01	-1.5661524840022648e-01
3.5849200465233705e-01	3.9861564882109746e-01	-1.6965189017573459e-01
3.4617714781152648e-01	4.0909398608151432e-01	-1.8078929460044171e-01
3.3355652344165343e-01	4.1919230318170558e-01	-1.9017183919001737e-01
3.2064184566971199e-01	4.2890169325508043e-01	-1.9794201010295448e-01
3.0744508758406941e-01	4.3821361014723975e-01	-2.0423966057106793e-01
2.9397847013809636e-01	4.4711987592973967e-01	-2.0920142902237929e-01
2.8025445083636169e-01	4.5561268807276289e-01	-2.1296027034790971e-01
2.6628571221371194e-01	4.6368462627053231e-01	-2.1564506254459570e-01
2.5208515011795252e-01	4.7132865891345238e-01	-2.1738025924911547e-01
2.3766586180697491e-01	4.7853814920133464e-01	-2.1828556624256903e-01
2.2304113387129654e-01	4.8530686089241887e-01	-2.1847562670580983e-01
2.0822442999307184e-01	4.9162896368325731e-01	-2.1805970575474667e-01
1.9322937855302058e-01	4.9749903821475105e-01	-2.1714136955268806e-01
1.7806976009646808e-01	5.0291208070015614e-01	-2.1581815809646154e-01
1.6275949467024386e-01	5.0786350717102680e-01	-2.1418125365462876e-01
1.4731262904185083e-01	5.1234915733760222e-01	-2.1231514887882441e-01
1.3174332381286444e-01	5.1636529806032261e-01	-2.1029731991235986e-01
1.1606584043816265e-01	5.1990862642967717e-01	-2.0819791049611591e-01
1.0029452816306408e-01	5.2297627245181233e-01	-2.0607943323809791e-01
8.4443810890261053e-02	5.2556580133777397e-01	-2.0399649398587916e-01
6.8528173988543731e-02	5.2767521539459750e-01	-2.0199554472961165e-01
5.2562151055400325e-02	5.2930295551681017e-01	-2.0011466976389269e-01
3.6560310645673652e-02	5.3044790227727789e-01	-1.9838340903085661e-01
2.0537242978204737e-02	5.3110937661672675e-01	-1.9682262171811984e-01
4.5075466328260263e-03	5.3128714013158418e-01	-1.9544439233932356e-01
-1.1514184750407351e-02	5.3098139496019858e-01	-1.9425198071074587e-01
-2.7513375757388749e-02	5.3019278326782959e-01	-1.9323981646882915e-01
-4.3475482459671547e-02	5.2892238633118316e-01	-1.9239353805290124e-01
-5.9386005635469669e-02	5.2717172322362649e-01	-1.9169007540039368e-01
-7.5230503940011878e-02	5.2494274910258021e-01	-1.9109777496065050e-01
-9.0994607013309067e-02	5.2223785310094517e-01	-1.9057656502273762e-01
-1.0666402851340673e-01	5.1905985582477887e-01	-1.9007815877273729e-01
-1.2222457906327264e-01	5.1541200645980545e-01	-1.8954629195776976e-01
-1.3766217909961015e-01	5.1129797948969136e-01	-1.8891699156058223e-01
-1.5296287161204208e-01	5.0672187102934352e-01	-1.8811887151802817e-01
-1.6811283476096417e-01	5.0168819477690507e-01	-1.8707345130189104e-01
-1.8309839436283645e-01	4.9620187758838069e-01	-1.8569549318806192e-01
-1.9790603623155389e-01	4.9026825467922530e-01	-1.8389335434820470e-01
-2.1252241836473848e-01	4.8389306445755881e-01	-1.8156935059277834e-01
-2.2693438296399410e-01	4.7708244299398628e-01	-1.7862012976453970e-01
-2.4112896827832261e-01	4.6984291813332141e-01	-1.7493705451322764e-01
-2.5509342026001325e-01	4.6218140325385831e-01	-1.7040659655159773e-01
-2.6881520402249887e-01	4.5410519068015875e-01	-1.6491074755993126e-01
-2.8228201508991002e-01	4.4562194475561245e-01	-1.5832745570643320e-01
-2.9548179042830147e-01	4.3673969458129447e-01	-1.5053110128888647e-01
-3.0840271924850959e-01	4.2746682642808020e-01	-1.4139303024394706e-01
-3.2103325357112306e-01	4.1781207582908680e-01	-1.3078217013327284e-01
-3.3336211854404740e-01	4.0778451935992832e-01	-1.1856575956554655e-01
-3.4537832250343070e-01	3.9739356611452686e-01	-1.0461022865354803e-01
-3.5707116676899781e-01	3.8664894888446538e-01	-8.8782274770240088e-02
-3.6843025516512745e-01	3.7556071505008987e-01	-7.0950184214991566e-02
-3.7944550325906229e-01	3.6413921719200038e-01	-5.0985456005030780e-02
-3.9010714730822010e-01	3.5239510343154351e-01	-2.8764788351483675e-02
-4.0040575290850011e-01	3.4033930750947955e-01	-4.1724908564231182e-03
-4.1033222333609698e-01	3.2798303861189099e-01	2.2896614626968181e-02
-4.1987780757529503e-01	3.1533777095296667e-01	5.2533744981952277e-02
-4.2903410802529141e-01	3.0241523312419771e-01	8.4812106849897040e-02
-4.3779308787920929e-01	2.8922739721992963e-01	1.1978220867556436e-01
-4.4614707816881710e-01	2.7578646774936716e-01	1.5746651360750344e-01
-4.5408878446880158e-01	2.6210487034528446e-01	1.9785343881711001e-01
-4.6161129325478217e-01	2.4819524027981704e-01	2.4089074013268671e-01
-4.6870807790946145e-01	2.3407041079806074e-01	2.8647836228066786e-01
-4.7537300437175112e-01	2.1974340128018757e-01	3.3446088457399381e-01
-4.8160033642400252e-01	2.0522740524297267e-01	3.8461974914928032e-01
-4.8738474061278603e-01	1.9053577819180809e-01	4.3666552271002179e-01
-4.9272129079898325e-01	1.7568202533446312e-01	4.9023051121928640e-01
-4.9760547233339764e-01	1.6067978916772768e-01	5.4486211715500732e-01
-5.0203318585429357e-01	1.4554283694851250e-01	6.0001739675623178e-01
-5.0600075070372375e-01	1.3028504806083593e-01	6.5505933499804803e-01
-5.0950490795982828e-01	1.1492040129026718e-01	7.0925540262038200e-01
-5.1254282308262111e-01	9.9462962017520265e-02	7.6177898532304100e-01
-5.1511208817114107e-01	8.3926869342959842e-02	8.1171427262465323e-01
-5.1721072383022104e-01	6.8326323153776986e-02	8.5806515525707205e-01
-5.1883718064546813e-01	5.2675571145633607e-02	8.9976859839809797e-01
-5.1999034026540902e-01	3.6988895810659339e-02	9.3571282811939427e-01
-5.2066951609010337e-01	2.1280601403765226e-02	9.6476048718927276e-01
-5.2087445356591699e-01	5.5650008989913792e-03	9.8577668430072962e-01
-5.2060533008647158e-01	-1.0143597052040243e-02	9.9766158270213312e-01
-5.1986275450016795e-01	-2.5830901147766171e-02	9.9938685993128562e-01
-5.1864776622503383e-01	-4.1482650438575734e-02	9.9003503510348490e-01
-5.1696183397199746e-01	-5.7084627291100934e-02	9.6884032443591539e-01
-5.1480685407805349e-01	-7.2622670303086653e-02	9.3522937436545661e-01
-5.1218514845114316e-01	-8.8082687157132619e-02	8.8885996280379898e-01
-5.0909946212890156e-01	-1.0345066740172006e-01	8.2965558188915545e-01
-5.0555296045381926e-01	-1.1871269514775644e-01	7.5783374757650590e-01
-5.0154922586766082e-01	-1.3385496166930796e-01	6.7392594551147300e-01
-4.9709225432836091e-01	-1.4886377789702898e-01	5.7878733414654360e-01
-4.9218645135296346e-01	-1.6372558679296453e-01	4.7359468978370256e-01
-4.8683662769048830e-01	-1.7842697559556939e-01	3.5983158633974494e-01
-4.8104799462894549e-01	-1.9295468792391154e-01	2.3926043358340443e-01
-4.7482615894105784e-01	-2.0729563573010848e-01	1.1388171638100870e-01
-4.6817711747358931e-01	-2.2143691108919394e-01	-1.4118462567003089e-02
-4.6110725138547792e-01	-2.3536579781581718e-01	-1.4243068795099384e-01
-4.5362332004025652e-01	-2.4906978289739384e-01	-2.6869186309643217e-01
-4.4573245455867344e-01	-2.6253656773326456e-01	-3.9055910161442192e-01
-4.3744215103754708e-01	-2.7575407916997213e-01	-5.0578444943926038e-01
-4.2876026344140222e-01	-2.8871048032254892e-01	-6.1228685869460542e-01
-4.1969499617349965e-01	-3.0139418117232364e-01	-7.0821792154537611e-01
-4.1025489633340029e-01	-3.1379384893155854e-01	-7.9201819362829506e-01
-4.0044884566823546e-01	-3.2589841816584442e-01	-8.6246147183328847e-01
-3.9028605222535739e-01	-3.3769710066506037e-01	-9.1868510029868145e-01
-3.7977604171416340e-01	-3.4917939505416767e-01	-9.6020520656851127e-01
-3.6892864858517305e-01	-3.6033509613529202e-01	-9.8691665227153103e-01
-3.5775400683471859e-01	-3.7115430395277094e-01	-9.9907835141199008e-01
-3.4626254054389782e-01	-3.8162743257306114e-01	-9.9728539967886953e-01
-3.3446495416048866e-01	-3.9174521857185640e-01	-9.8243011469852115e-01
-3.2237222253304071e-01	-4.0149872922074753e-01	-9.5565456866497300e-01
-3.0999558070624689e-01	-4.1087937036635475e-01	-9.1829747731903488e-01
-2.9734651348725466e-01	-4.1987889399483597e-01	-8.7183838715637973e-01
-2.8443674479242886e-01	-4.2848940547526554e-01	-8.1784198775474892e-01
-2.7127822678458535e-01	-4.3670337047541491e-01	-7.5790509469125333e-01
-2.5788312881069714e-01	-4.4451362154393870e-01	-6.9360843796889171e-01
-2.4426382615028785e-01	-4.5191336435323570e-01	-6.2647489472212858e-01
-2.3043288858493610e-01	-4.5889618359753909e-01	-5.5793526830087015e-01
-2.1640306879947302e-01	-4.6545604854111577e-01	-4.8930218100526435e-01
-2.0218729062555654e-01	-4.7158731821180289e-01	-4.2175215100968383e-01
-1.8779863713838377e-01	-4.7728474623545569e-01	-3.5631549320160238e-01
-1.7325033861766270e-01	-4.8254348530710350e-01	-2.9387333705557167e-01
-1.5855576038376074e-01	-4.8735909129509675e-01	-2.3516080098935896e-01
-1.4372839052028516e-01	-4.9172752697475308e-01	-1.8077520200342556e-01
-1.2878182749439285e-01	-4.9564516538838060e-01	-1.3118810481230364e-01
-1.1372976768616573e-01	-4.9910879282892190e-01	-8.6760014070416239e-02
-9.8585992838457315e-02	-5.0211561144479511e-01	-4.7756571578482586e-02
-8.3364357438737866e-02	-5.0466324146384256e-01	-1.4365221352417804e-02
-6.8078776044519618e-02	-5.0674972303465293e-01	1.3288566450217507e-02
-5.2743210563935508e-02	-5.0837351768388406e-01	3.5126280256348036e-02
-3.7371657503019129e-02	-5.0953350938856334e-01	5.1103184116299091e-02
-2.1978135191506078e-02	-5.1022900526266823e-01	6.1197452391585291e-02
-6.5766709986430335e-03	-5.1045973585768067e-01	6.5401979295884233e-02
8.8187114492580751e-03	-5.1022585507713281e-01	6.3719104232814780e-02
2.4194005037850672e-02	-5.0952793970552168e-01	5.6158388640333061e-02
3.9535231908764165e-02	-5.0836698855232887e-01	4.2737483089018903e-02
5.4828456167079327e-02	-5.0674442121221830e-01	2.3486030740382094e-02
7.0059796540535069e-02	-5.0466207644284877e-01	-1.5475394314389578e-03
8.5215438979191038e-02	-5.0212221016206782e-01	-3.2286573068072685e-02
1.0028164918387925e-01	-4.9912749306662524e-01	-6.8614451836789034e-02
1.1524478505231210e-01	-4.9568100787484815e-01	-1.1036101543798944e-01
1.3009130903134641e-01	-4.9178624619611472e-01	-1.5728772346971326e-01
1.4480780036439794e-01	-4.8744710503024324e-01	-2.0907225975249713e-01
1.5938096722284734e-01	-4.8266788290028695e-01	-2.6529340227568843e-01
1.7379765871045177e-01	-4.7745327562255285e-01	-3.2541709049230227e-01
1.8804487672994341e-01	-4.7180837171798329e-01	-3.8878470674968540e-01
2.0210978770117452e-01	-4.6573864746933386e-01	-4.5460463713956301e-01
2.1597973412012320e-01	-4.5924996162897253e-01	-5.2194817548689831e-01
2.2964224594841920e-01	-4.5234854978237826e-01	-5.8975077005242138e-01
2.4308505182316201e-01	-4.4504101837273186e-01	-6.5681947586880340e-01
2.5629609007693316e-01	-4.3733433839231789e-01	-7.2184726082612205e-01
2.6926351955804062e-01	-4.2923583874678789e-01	-7.8343452089155075e-01
2.8197573024144229e-01	-4.2075319929850646e-01	-8.4011779651815921e-01
2.9442135362069050e-01	-4.1189444359565575e-01	-8.9040526347559634e-01
3.0658927287166882e-01	-4.0266793129393430e-01	-9.3281811985164587e-01
3.1846863277905507e-01	-3.9308235027798544e-01	-9.6593653640437371e-01
3.3004884941662288e-01	-3.8314670848998411e-01	-9.8844841424037355e-01
3.4131961957273266e-01	-3.7287032547307924e-01	-9.9919883853917779e-01
3.5227092991264658e-01	-3.6226282363760898e-01	-9.9723786508098111e-01
3.6289306586954356e-01	-3.5133411925824387e-01	-9.8186415808033078e-01
3.7317662025632681e-01	-3.4009441321048828e-01	-9.5266203518288495e-01
3.8311250159054144e-01	-3.2855418145524556e-01	-9.0952967879352919e-01
3.9269194212516118e-01	-3.1672416528019420e-01	-8.5269663890943959e-01
4.0190650557803559e-01	-3.0461536130718403e-01	-7.8272926372686469e-01
4.1074809455324968e-01	-2.9223901127488983e-01	-7.0052331930045186e-01
4.1920895764788429e-01	-2.7960659160619072e-01	-6.0728375601581397e-01
4.2728169623792900e-01	-2.6672980276997732e-01	-5.0449229749783842e-01
4.3495927093740117e-01	-2.5362055844726550e-01	-3.9386421364893764e-01
4.4223500772505903e-01	-2.4029097451163367e-01	-2.7729624255288837e-01
4.4910260373342176e-01	-2.2675335783410014e-01	-1.5680810154314201e-01
4.5555613269500378e-01	-2.1302019492293378e-01	-3.4480342316141339e-02
4.6159005004115572e-01	-1.9910414040873167e-01	8.7608561038279978e-02
4.6719919764909712e-01	-1.8501800538544913e-01	2.0744305304429941e-01
4.7237880823308753e-01	-1.7077474561814263e-01	3.2312665353131936e-01
4.7712450937602946e-01	-1.5638744962825285e-01	4.3293119075141168e-01
4.8143232719812146e-01	-1.4186932666735780e-01	5.3533736018354716e-01
4.8529868965949169e-01	-1.2723369459046924e-01	6.2906541954108341e-01
4.8872042949408712e-01	-1.1249396764003421e-01	7.1309542030725592e-01
4.9169478677244383e-01	-9.7663644151825046e-02	7.8667695187842168e-01
4.9421941109131401e-01	-8.2756294193908814e-02	8.4932889861226923e-01
4.9629236338841043e-01	-6.7785547150188433e-02	9.0083015307255776e-01
4.9791211738095525e-01	-5.2765079259660244e-02	9.4120257028446930e-01
4.9907756062698327e-01	-3.7708601123004115e-02	9.7068767758160734e-01
4.9978799520876271e-01	-2.2629845187693651e-02	9.8971877189359470e-01
5.0004313803798572e-01	-7.5425532232757898e-03	9.9889004859858221e-01
4.9984312078277060e-01	7.5395362019835422e-03	9.9892432730991154e-01
4.9918848941682875e-01	2.2602700231455074e-02	9.9064078846515913e-01
4.9808020339151793e-01	3.7633244206288552e-02	9.7492393081783801e-01
4.9651963443182789e-01	5.2617514115902791e-02	9.5269472459299109e-01
4.9450856495770162e-01	6.7541909001482756e-02	9.2488468744897567e-01
4.9204918613243054e-01	8.2392893301238057e-02	8.9241336716471142e-01
4.8914409554018501e-01	9.7157009126293922e-02	8.5616948945611016e-01
4.8579629449512041e-01	1.1182088845590669e-01	8.1699583114199570e-01
4.8200918498476891e-01	1.2637126524116213e-01	7.7567771400721253e-01
4.7778656625082677e-01	1.4079498740602386e-01	7.3293488581807953e-01
4.7313263101073288e-01	1.5507902873494600e-01	6.8941646190035011e-01
4.6805196132374272e-01	1.6921050063637938e-01	6.4569854118918202e-01
4.6254952410561595e-01	1.8317666377133965e-01	6.0228408086908314e-01
4.5663066629618632e-01	1.9696493953684846e-01	5.5960460887784380e-01
4.5030110968459830e-01	2.1056292139359584e-01	5.1802336850816477e-01
4.4356694539714631e-01	2.2395838602779256e-01	4.7783951898500338e-01
4.3643462805299083e-01	2.3713930433719388e-01	4.3929305547458897e-01
4.2891096959341812e-01	2.5009385223127001e-01	4.0257015730318957e-01
4.2100313279043500e-01	2.6281042123601767e-01	3.6780872072669035e-01
4.1271862444095170e-01	2.7527762889374635e-01	3.3510387962341853e-01
4.0406528825298027e-01	2.8748432894858966e-01	3.0451336190789052e-01
3.9505129743052986e-01	2.9941962130869110e-01	2.7606256985819810e-01
3.8568514696432543e-01	3.1107286177598542e-01	2.4974930804550927e-01
3.7597564563542829e-01	3.2243367153514962e-01	2.2554811273940348e-01
3.6593190773946194e-01	3.3349194639301361e-01	2.0341416149305136e-01
3.5556334453911126e-01	3.4423786576035253e-01	1.8328676130199378e-01
3.4487965545287708e-01	3.5466190136809744e-01	1.6509242868702559e-01
3.3389081898844497e-01	3.6475482571010959e-01	1.4874758579340505e-01
3.2260708342899297e-01	3.7450772020519557e-01	1.3416090370323802e-01
3.1103895728124625e-01	3.8391198307102392e-01	1.2123532822206146e-01
2.9919719949413287e-01	3.9295933690305113e-01	1.0986982500168813e-01
2.8709280945708021e-01	4.0164183595182695e-01	9.9960880542310157e-02
2.7473701678737922e-01	4.0995187309218462e-01	9.1403793867695871e-02
2.6214127091596306e-01	4.1788218647831632e-01	8.4093790918580200e-02
2.4931723048130672e-01	4.2542586587887488e-01	7.7926990330562357e-02
2.3627675254133240e-01	4.3257635868655137e-01	7.2801245559426200e-02
2.2303188161315579e-01	4.3932747559700092e-01	6.8616884535446052e-02
2.0959483855094596e-01	4.4567339595211952e-01	6.5277364359578358e-02
1.9597800927210937e-01	4.5160867274311300e-01	6.2689855137671183e-02
1.8219393334212983e-01	4.5712823726909663e-01	6.0765763978809881e-02
1.6825529242874324e-01	4.6222740344718699e-01	5.9421207515848597e-02
1.5417489863588454e-01	4.6690187177052239e-01	5.8577439062436155e-02
1.3996568272829774e-01	4.7114773291082040e-01	5.8161234697372124e-02
1.2564068225756744e-01	4.7496147096250724e-01	5.8105241138882976e-02
1.1121302960039940e-01	4.7833996632576831e-01	5.8348287198802147e-02
9.6695939920332763e-02	4.8128049822612845e-01	5.8835659840540969e-02
8.2102699063614629e-02	4.8378074686863753e-01	5.9519345351404483e-02
6.7446651400627888e-02	4.8583879522491719e-01	6.0358235825156162e-02
5.2741187623829962e-02	4.8745313045178423e-01	6.1318300983541622e-02
3.7999732513330532e-02	4.8862264494044932e-01	6.2372725300221254e-02
2.3235732681452403e-02	4.8934663699561659e-01	6.3502010388691035e-02
8.4626443072555301e-03	4.8962481114418688e-01	6.4694042647102490e-02
-6.3060791276144815e-03	4.8945727807356770e-01	6.5944126194899658e-02
-2.1056999090644943e-02	4.8884455419995571e-01	6.7254981174020539e-02
-3.5776704226660981e-02	4.8778756086728142e-01	6.8636707511851233e-02
-5.0451822551174592e-02	4.8628762317785257e-01	7.0106714249337065e-02
-6.5069033598104120e-02	4.8434646845604779e-01	7.1689614522849554e-02
-7.9615080510516467e-02	4.8196622434677533e-01	7.3417086249720029e-02
-9.4076782063591533e-02	4.7914941655072174e-01	7.5327698499901452e-02
-1.0844104460893104e-01	4.7589896619873667e-01	7.7466703431223985e-02
-1.2269487392922540e-01	4.7221818686807115e-01	7.9885793509230890e-02
-1.3682538699274935e-01	4.6811078124344202e-01	8.2642823504833901e-02
-1.5081982359688445e-01	4.6358083742628925e-01	8.5801496438200092e-02
-1.6466555789021436e-01	4.5863282489586682e-01	8.9431012184452555e-02
-1.7835010976285401e-01	4.5327159012610663e-01	9.3605676841280419e-02
-1.9186115609458004e-01	4.4750235186258525e-01	9.8404470144224335e-02
-2.0518654185078378e-01	4.4133069606412223e-01	1.0391056716808307e-01
-2.1831429101618932e-01	4.3476257051391443e-01	1.1021080924313414e-01
-2.3123261735644213e-01	4.2780427910542040e-01	1.1739511742337039e-01
-2.4392993499805485e-01	4.2046247580839463e-01	1.2555583996534503e-01
-2.5639486881702395e-01	4.1274415832092870e-01	1.3478702312383667e-01
-2.6861626462699195e-01	4.0465666141344170e-01	1.4518359218266977e-01
-2.8058319915768309e-01	3.9620764997102287e-01	1.5684042708155976e-01
-2.9228498981474893e-01	3.8740511174068448e-01	1.6985131437361364e-01
-3.0371120421236131e-01	3.7825734979033315e-01	1.8430775469068802e-01
-3.1485166946991028e-01	3.6877297468667364e-01	2.0029760258397775e-01
-3.2569648126469170e-01	3.5896089639927942e-01	2.1790351376850295e-01
-3.3623601263240038e-01	3.4883031593853464e-01	2.3720117369857524e-01
-3.4646092250764116e-01	3.3839071673527826e-01	2.5825728134894932e-01
-3.5636216399700754e-01	3.2765185577009620e-01	2.8112726342405475e-01
-3.6593099237718402e-01	3.1662375446076996e-01	3.0585269734916826e-01
-3.7515897281122723e-01	3.0531668931616857e-01	3.3245842672221115e-01
-3.8403798777607429e-01	2.9374118236544644e-01	3.6094936083353835e-01
-3.9256024419480101e-01	2.8190799137140532e-01	3.9130696079355631e-01
-4.0071828026740797e-01	2.6982809983705952e-01	4.2348542909437387e-01
-4.0850497199405600e-01	2.5751270681482352e-01	4.5740763733949458e-01
-4.1591353938517639e-01	2.4497321652760595e-01	4.9296084854569683e-01
-4.2293755235295843e-01	2.3222122781155960e-01	5.2999231580718098e-01
-4.2957093627912829e-01	2.1926852339024025e-01	5.6830486793135104e-01
-4.3580797725428633e-01	2.0612705898994366e-01	6.0765262431784928e-01
-4.4164332698417191e-01	1.9280895230650119e-01	6.4773701490166014e-01
-4.4707200735874097e-01	1.7932647183357228e-01	6.8820331504774346e-01
-4.5208941468017311e-01	1.6569202556270282e-01	7.2863793803520993e-01
-4.5669132354617348e-01	1.5191814956570754e-01	7.6856675690502874e-01
-4.6087389038538973e-01	1.3801749646969114e-01	8.0745475022191315e-01
-4.6463365664194783e-01	1.2400282383546184e-01	8.4470727959083280e-01
-4.6796755160652015e-01	1.0988698244994834e-01	8.7967330719993608e-01
-4.7087289489165329e-01	9.5682904543288913e-02	9.1165084579482036e-01
-4.7334739854934316e-01	8.1403591941602252e-02	9.3989489808079829e-01
-4.7538916882929105e-01	6.7062104165992800e-02	9.6362808487149110e-01
-4.7699670757646961e-01	5.2671546488984006e-02	9.8205407949851353e-01
-4.7816891326706290e-01	3.8245057959135687e-02	9.9437385949874346e-01
-4.7890508168213020e-01	2.3795799404759847e-02	9.9980465649077954e-01
-4.7920490621866529e-01	9.3369414278508481e-03	9.9760133454445321e-01
-4.7906847783808437e-01	-5.1183476010212342e-03	9.8707976159313482e-01
-4.7849628465247890e-01	-1.9556913535741502e-02	9.6764156524180556e-01
-4.7748921114931869e-01	-3.3965628424750774e-02	9.3879949363075621e-01
-4.7604853705560429e-01	-4.8331402447390974e-02	9.0020244565892560e-01
-4.7417593584281420e-01	-6.2641195805472963e-02	8.5165910596230243e-01
-4.7187347287429343e-01	-7.6882030559466977e-02	7.9315903208497496e-01
-4.6914360319708159e-01	-9.1041002398409454e-02	7.2489000707634987e-01
-4.6598916898049469e-01	-1.0510529233288046e-01	6.4725050113515459e-01
-4.6241339660405267e-01	-1.1906217830062227e-01	5.6085618847629282e-01
-4.5841989339775985e-01	-1.3289904667399305e-01	4.6653964342440257e-01
-4.5401264403793468e-01	-1.4660340365914565e-01	3.6534259047421846e-01
-4.4919600660220971e-01	-1.6016288657642566e-01	2.5850039831487709e-01
-4.4397470828756569e-01	-1.7356527501187763e-01	1.4741887306496659e-01
-4.3835384079555856e-01	-1.8679850182986399e-01	3.3643801101515818e-02
-4.3233885538928279e-01	-1.9985066403671503e-01	-8.1175907663317753e-02
-4.2593555762677726e-01	-2.1271003348581988e-01	-1.9533024667309809e-01
-4.1915010177600387e-01	-2.2536506741438100e-01	-3.0709375159919700e-01
-4.1198898491675467e-01	-2.3780441880239611e-01	-4.1477293984286745e-01
-4.0445904073503908e-01	-2.5001694654471951e-01	-5.1675358333024479e-01
-3.9656743301601421e-01	-2.6199172542681909e-01	-6.1154580346340826e-01
-3.8832164884149062e-01	-2.7371805589556547e-01	-6.9782505229897307e-01
-3.7972949149856927e-01	-2.8518547361613378e-01	-7.7446723589963706e-01
-3.7079907310607874e-01	-2.9638375880655432e-01	-8.4057653283612332e-01
-3.6153880696572771e-01	-3.0730294534163671e-01	-8.9550484312349032e-01
-3.5195739964527956e-01	-3.1793332961803056e-01	-9.3886224391165118e-01
-3.4206384280106317e-01	-3.2826547917269794e-01	-9.7051829714018534e-01
-3.3186740474759685e-01	-3.3829024104702293e-01	-9.9059451864585479e-01
-3.2137762178220919e-01	-3.4799874988917107e-01	-9.9944874669741057e-01
-3.1060428927264905e-01	-3.5738243578764883e-01	-9.9765251336216010e-01
-2.9955745251622551e-01	-3.6643303182893500e-01	-9.8596280332189523e-01
-2.8824739737878208e-01	-3.7514258137273576e-01	-9.6528976817217438e-01
-2.7668464072237886e-01	-3.8350344503832556e-01	-9.3666204452810620e-01
-2.6487992063053206e-01	-3.9150830739590092e-01	-9.0119130419256044e-01
-2.5284418644003548e-01	-3.9915018335713026e-01	-8.6003755418040073e-01
-2.4058858858875137e-01	-4.0642242425923086e-01	-8.1437651919697251e-01
-2.2812446828861432e-01	-4.1331872363739813e-01	-7.6537019872085543e-01
-2.1546334703354908e-01	-4.1983312268049311e-01	-7.1414141642373086e-01
-2.0261691595195180e-01	-4.2596001536532241e-01	-6.6175289239953383e-01
-1.8959702501350456e-01	-4.3169415326512867e-01	-6.0919108786176701e-01
-1.7641567210047210e-01	-4.3703065002809383e-01	-5.5735481376015372e-01
-1.6308499195328549e-01	-4.4196498552217633e-01	-5.0704837136401726e-01
-1.4961724500086951e-01	-4.4649300964266087e-01	-4.5897881217043141e-01
-1.3602480608584352e-01	-4.5061094577930583e-01	-4.1375677021031892e-01
-1.2232015309494038e-01	-4.5431539394021436e-01	-3.7190023189398996e-01
-1.0851585550519678e-01	-4.5760333352983412e-01	-3.3384056384525607e-01
-9.4624562856372343e-02	-4.6047212577886953e-01	-2.9993011239643458e-01
-8.0658993160101958e-02	-4.6291951582419588e-01	-2.7045071290075617e-01
-6.6631921256565502e-02	-4.6494363443713971e-01	-2.4562249559860591e-01
-5.2556167129137313e-02	-4.6654299939888710e-01	-2.2561244048044352e-01
-3.8444584187861564e-02	-4.6771651652203361e-01	-2.1054221020077499e-01
-2.4310047532435541e-02	-4.6846348031765644e-01	-2.0049487249567743e-01
-1.0165442205252151e-02	-4.6878357430761047e-01	-1.9552020792364086e-01
3.9763485544819510e-03	-4.6867687098204130e-01	-1.9563838258609309e-01
1.8102455045144215e-02	-4.6814383140247429e-01	-2.0084184749270820e-01
3.2200032814715840e-02	-4.6718530445113160e-01	-2.1109540610240879e-01
4.6256274339838102e-02	-4.6580252572746766e-01	-2.2633446965123871e-01
6.0258420661352084e-02	-4.6399711609321975e-01	-2.4646159686002689e-01
7.4193772965585547e-02	-4.6177107986761246e-01	-2.7134149114457268e-01
8.8049704101072948e-02	-4.5912680267463940e-01	-3.0079470478675263e-01
1.0181367002010545e-01	-4.5606704894469680e-01	-3.3459037521867807e-01
1.1547322113477157e-01	-4.5259495907314384e-01	-3.7243839223129677e-01
1.2901601357736953e-01	-4.4871404623863442e-01	-4.1398146405066699e-01
1.4242982035471566e-01	-4.4442819288447405e-01	-4.5878761120187150e-01
1.5570254238656042e-01	-4.3974164686642914e-01	-5.0634366524987051e-01
1.6882221941794759e-01	-4.3465901727083478e-01	-5.5605037942702584e-01
1.8177704079574772e-01	-4.2918526990707850e-01	-6.0721976401921418e-01
1.9455535609971650e-01	-4.2332572247881894e-01	-6.5907523553105551e-01
2.0714568561835681e-01	-4.1708603943867850e-01	-7.1075511024178828e-01
2.1953673066034937e-01	-4.1047222653129323e-01	-7.6131987647203747e-01
2.3171738369213901e-01	-4.0349062503002681e-01	-8.0976354459219235e-01
2.4367673829264574e-01	-3.9614790567284131e-01	-8.5502920124017689e-01
2.5540409891624100e-01	-3.8845106230306892e-01	-8.9602868936997238e-01
2.6688899045507747e-01	-3.8040740522124150e-01	-9.3166610707387754e-01
2.7812116759247868e-01	-3.7202455425412817e-01	-9.6086457738475217e-01
2.8909062393878709e-01	-3.6331043154770093e-01	-9.8259550304564480e-01
2.9978760094167073e-01	-3.5427325409074950e-01	-9.9590930105503839e-01
3.1020259656297167e-01	-3.4492152597616782e-01	-9.9996642888925280e-01
3.2032637371426559e-01	-3.3526403040729430e-01	-9.9406738417943685e-01
3.3014996844379768e-01	-3.2530982145668458e-01	-9.7768029648796539e-01
3.3966469786742087e-01	-3.1506821558514897e-01	-9.5046474407683923e-01
3.4886216783657564e-01	-3.0454878292895293e-01	-9.1229052546180256e-01
3.5773428033659260e-01	-2.9376133836326473e-01	-8.6325029434072253e-01
3.6627324060866956e-01	-2.8271593235034437e-01	-8.0366521999720342e-01
3.7447156398945880e-01	-2.7142284158077712e-01	-7.3408315012493264e-01
3.8232208246208121e-01	-2.5989255941668699e-01	-6.5526911045126535e-01
3.8981795091295074e-01	-2.4813578614569137e-01	-5.6818835283782165e-01
3.9695265308896477e-01	-2.3616341905461721e-01	-4.7398253586070377e-01
4.0372000724980317e-01	-2.2398654233231555e-01	-3.7393996433813659e-01
4.1011417151054791e-01	-2.1161641681076246e-01	-2.6946110407468671e-01
4.1612964886993448e-01	-1.9906446955407711e-01	-1.6202080645870284e-01
4.2176129191995765e-01	-1.8634228330502617e-01	-5.3128811262569339e-02
4.2700430723283878e-01	-1.7346158579869100e-01	5.5709861592553755e-02
4.3185425942155053e-01	-1.6043423895334158e-01	1.6303306916455712e-01
4.3630707487059539e-01	-1.4727222794820685e-01	2.6745682213084571e-01
4.4035904513380486e-01	-1.3398765019846856e-01	3.6770645581922395e-01
4.4400682999641694e-01	-1.2059270423746950e-01	4.6264272925848293e-01
4.4724746019892797e-01	-1.0709967851632467e-01	5.5128217937076862e-01
4.5007833982048617e-01	-9.3520940131370023e-02	6.3281136498347790e-01
4.5249724831999921e-01	-7.9868923489599078e-02	7.0659493704342557e-01
4.5450234223334923e-01	-6.6156118922633678e-02	7.7217774959292840e-01
4.5609215652548463e-01	-5.2395061259591445e-02	8.2928146643981082e-01
4.5726560559645946e-01	-3.8598318369245488e-02	8.7779631083239296e-01
4.5802198394078464e-01	-2.4778479682065691e-02	9.1776874404281528e-01
4.5836096645980329e-01	-1.0948144702559727e-02	9.4938594204357252e-01
4.5828260842710339e-01	2.8800884776303062e-03	9.7295796971573845e-01
4.5778734510729785e-01	1.6693634655337995e-02	9.8889853464884225e-01
4.5687599102881904e-01	3.0479932969801449e-02	9.9770514523547871e-01
4.5554973891169320e-01	4.4226458324421312e-02	9.9993940944434168e-01
4.5381015825157411e-01	5.7920732765988379e-02	9.9620810089943856e-01
4.5165919356161421e-01	7.1550336811113516e-02	9.8714549698499887e-01
4.4909916227409230e-01	8.5102920709417357e-02	9.7339736808485799e-01
4.4613275230398225e-01	9.8566215633458645e-02	9.5560687494300312e-01
4.4276301927699951e-01	1.1192804478510153e-01	9.3440251818574960e-01
4.3899338342493927e-01	1.2517633440833298e-01	9.1038818437091718e-01
4.3482762615140330e-01	1.3829912469863895e-01	8.8413524907690488e-01
4.3026988627138907e-01	1.5128458059888839e-01	8.5617663067147076e-01
4.2532465592837032e-01	1.6412100247226141e-01	8.2700263848068867e-01
4.1999677619295728e-01	1.7679683664231677e-01	7.9705842516470038e-01
4.1429143234738364e-01	1.8930068579086182e-01	7.6674283357409267e-01
4.0821414886037394e-01	2.0162131920428822e-01	7.3640842116811067e-01
4.0177078405730954e-01	2.1374768285902240e-01	7.0636244797210612e-01
3.9496752449073474e-01	2.2566890933721090e-01	6.7686862475724563e-01
3.8781087901666922e-01	2.3737432756360222e-01	6.4814943447537476e-01
3.8030767258235770e-01	2.4885347235496313e-01	6.2038886001271842e-01
3.7246503973133288e-01	2.6009609377354465e-01	5.9373537334609872e-01
3.6429041783206967e-01	2.7109216627607197e-01	5.6830506379695755e-01
3.5579154003648511e-01	2.8183189765033806e-01	5.4418480518093681e-01
3.4697642797510314e-01	2.9230573773119639e-01	5.2143538243287169e-01
3.3785338419568811e-01	3.0250438688833575e-01	5.0009451718568665e-01
3.2843098435244111e-01	3.1241880427831081e-01	4.8017974846199180e-01
3.1871806915320355e-01	3.2204021585339626e-01	4.6169113894228286e-01
3.0872373607209291e-01	3.3136012212031807e-01	4.4461378919161521e-01
2.9845733083544074e-01	3.4037030564188792e-01	4.2892015185679616e-01
2.8792843868895490e-01	3.4906283827497719e-01	4.1457214536060050e-01
2.7714687545420774e-01	3.5743008813849986e-01	4.0152307224295286e-01
2.6612267838291381e-01	3.6546472630518473e-01	3.8971935128113150e-01
2.5486609681735883e-01	3.7315973321140522e-01	3.7910207511944433e-01
2.4338758266582389e-01	3.8050840477934483e-01	3.6960840660825767e-01
2.3169778070172367e-01	3.8750435824626955e-01	3.6117282762904046e-01
2.1980751869550824e-01	3.9414153769580385e-01	3.5372825408359682e-01
2.0772779738853125e-01	4.0041421928640314e-01	3.4720703014066284e-01
1.9546978031803222e-01	4.0631701617259613e-01	3.4154181392337835e-01
1.8304478350277412e-01	4.1184488311470452e-01	3.3666636572003139e-01
1.7046426499881104e-01	4.1699312077314599e-01	3.3251624861292922e-01
1.5773981433496173e-01	4.2175737968370386e-01	3.2902945022654090e-01
1.4488314183787707e-01	4.2613366391035945e-01	3.2614693315307597e-01
1.3190606785635320e-01	4.3011833437271174e-01	3.2381312055823719e-01
1.1882051189494880e-01	4.3370811184518049e-01	3.2197632252286629e-01
1.0563848166687224e-01	4.3690007962556549e-01	3.2058910784427136e-01
9.2372062076036876e-02	4.3969168587085672e-01	3.1960862530164652e-01
7.9033404138671395e-02	4.4208074559838756e-01	3.1899687777293179e-01
6.5634713854362065e-02	4.4406544235087236e-01	3.1872095206140794e-01
5.2188241036911477e-02	4.4564432952406091e-01	3.1875320683283859e-01
3.8706268115166087e-02	4.4681633135611737e-01	3.1907142066135036e-01
2.5201098913987072e-02	4.4758074357812361e-01	3.1965890181888001e-01
1.1685047425770345e-02	4.4793723372539773e-01	3.2050456110554770e-01
-1.8295734174272635e-03	4.4788584110966212e-01	3.2160294869567807e-01
-1.5330462960765963e-02	4.4742697645237312e-01	3.2295425565821095e-01
-2.8805344022312003e-02	4.4656142117985786e-01	3.2456428049488673e-01
-4.2241974057500374e-02	4.4529032638119093e-01	3.2644436072093341e-01
-5.5628156281976905e-02	4.4361521143006744e-01	3.2861126918798134e-01
-6.8951750742867288e-02	4.4153796227222875e-01	3.3108707451536651e-01
-8.2200685328447723e-02	4.3906082938028612e-01	3.3389896465105118e-01
-9.5362966706082256e-02	4.3618642537812680e-01	3.3707903222347374e-01
-1.0842669117870436e-01	4.3291772233733206e-01	3.4066401996609325e-01
-1.2138005544985939e-01	4.2925804874839091e-01	3.4469502409066272e-01
-1.3421136728763630e-01	4.2521108616975312e-01	3.4921715304624351e-01
-1.4690905607791455e-01	4.2078086555804178e-01	3.5427913862036187e-01
-1.5946168325725568e-01	4.1597176328310037e-01	3.5993289580891602e-01
-1.7185795261617925e-01	4.1078849683174434e-01	3.6623302729672563e-01
-1.8408672046348179e-01	4.0523612020442878e-01	3.7323626774823215e-01
-1.9613700564239664e-01	3.9932001900933040e-01	3.8100086241113540e-01
-2.0799799938973837e-01	3.9304590525852390e-01	3.8958587379561876e-01
-2.1965907502900361e-01	3.8641981187134683e-01	3.9905040942897374e-01
-2.3110979748891325e-01	3.7944808689013831e-01	4.0945276293435018e-01
-2.4233993263873127e-01	3.7213738741395641e-01	4.2084945999093554e-01
-2.5333945643206923e-01	3.6449467325603097e-01	4.3329420016765335e-01
-2.6409856385106023e-01	3.5652720033094415e-01	4.4683668526745490e-01
-2.7460767764279431e-01	3.4824251377790050e-01	4.6152132477826940e-01
-2.8485745684038960e-01	3.3964844082648410e-01	4.7738580942401093e-01
-2.9483880506099797e-01	3.3075308341172632e-01	4.9445954478563986e-01
-3.0454287857340384e-01	3.2156481054543529e-01	5.1276193867723285e-01
-3.1396109412817991e-01	3.1209225045085232e-01	5.3230053858477977e-01
-3.2308513654326237e-01	3.0234428246821077e-01	5.5306901918026796e-01
-3.3190696603845682e-01	2.9233002873859260e-01	5.7504502488465814e-01
-3.4041882531226864e-01	2.8205884567399819e-01	5.9818787882553270e-01
-3.4861324635488961e-01	2.7154031522155497e-01	6.2243617744979407e-01
-3.5648305699140043e-01	2.6078423592996375e-01	6.4770529959124157e-01
-3.6402138714936794e-01	2.4980061382663055e-01	6.7388486997537678e-01
-3.7122167484548402e-01	2.3859965311382406e-01	7.0083622990220373e-01
-3.7807767188594826e-01	2.2719174669262565e-01	7.2838998200021465e-01
-3.8458344927567467e-01	2.1558746652345240e-01	7.5634369117908029e-01
-3.9073340233172926e-01	2.0379755383195305e-01	7.8445983975208189e-01
-3.9652225549645820e-01	1.9183290916959153e-01	8.1246415050271681e-01
-4.0194506684632869e-01	1.7970458233786796e-01	8.4004440639962508e-01
-4.0699723229255108e-01	1.6742376218565844e-01	8.6684990868754019e-01
-4.1167448946996460e-01	1.5500176628903270e-01	8.9249172499456875e-01
-4.1597292131094188e-01	1.4245003052300681e-01	9.1654388453490399e-01
-4.1988895930128084e-01	1.2978009853498496e-01	9.3854567698749758e-01
-4.2341938641546717e-01	1.1700361112940222e-01	9.5800520370185682e-01
-4.2656133972886962e-01	1.0413229557346984e-01	9.7440431309032338e-01
-4.2931231270479148e-01	9.1177954833825681e-02	9.8720502517077058e-01
-4.3167015715462148e-01	7.8152456753814797e-02	9.9585751230566810e-01
-4.3363308486952662e-01	6.5067723181596621e-02	9.9980965380467857e-01
-4.3519966892255796e-01	5.1935719058764401e-02	9.9851812141806051e-01
-4.3636884464024162e-01	3.8768441479651972e-02	9.9146088182538128e-01
-4.3713991024308319e-01	2.5577908731265100e-02	9.7815092290180461e-01
-4.3751252715470423e-01	1.2376149323787318e-02	9.5815092567703897e-01
-4.3748671997961769e-01	-8.2480897817248930e-04	9.3108851732899556e-01
-4.3706287614997436e-01	-1.4012950113774512e-02	8.9667165702078300e-01
-4.3624174524189469e-01	-2.7176280663445525e-02	8.5470363138237304e-01
-4.3502443796231666e-01	-4.0302840755785989e-02	8.0509707590896251e-01
-4.3341242480757419e-01	-5.3380714934023528e-02	7.4788639854879935e-01
-4.3140753439523383e-01	-6.6398042972034402e-02	6.8323796798195668e-01
-4.2901195147101506e-01	-7.9343030630134301e-02	6.1145744637927557e-01
-4.2622821459287857e-01	-9.2203960341037353e-02	5.3299369821834197e-01
-4.2305921349473313e-01	-1.0496920181602602e-01	4.4843879457719482e-01
-4.1950818613240998e-01	-1.1762722256200700e-01	3.5852375547089055e-01
-4.1557871541492292e-01	-1.3016659829975413e-01	2.6410982793505927e-01
-4.1127472562427214e-01	-1.4257602327399507e-01	1.6617527871888435e-01
-4.0660047852731751e-01	-1.5484432044609556e-01	6.5797879163535453e-02
-4.0156056918359750e-01	-1.6696045156000619e-01	-3.5866534471673012e-02
-3.9615992145313367e-01	-1.7891352707258276e-01	-1.3760884139398805e-01
-3.9040378320863983e-01	-1.9069281593920773e-01	-2.3819399079124259e-01
-3.8429772125677164e-01	-2.0228775524594644e-01	-3.3639001144773584e-01
-3.7784761597324151e-01	-2.1368795967973175e-01	-4.3099764641322719e-01
-3.7105965565707777e-01	-2.2488323082783879e-01	-5.2087952192175835e-01
-3.6394033060930692e-01	-2.3586356629857311e-01	-6.0498775500432056e-01
-3.5649642694180117e-01	-2.4661916865484823e-01	-6.8238895747256867e-01
-3.4873502012215413e-01	-2.5714045415273790e-01	-7.5228570316322740e-01
-3.4066346826067567e-01	-2.6741806127726064e-01	-8.1403368453016445e-01
-3.3228940514595362e-01	-2.7744285906767308e-01	-8.6715398430753743e-01
-3.2362073303545491e-01	-2.8720595522501985e-01	-9.1134011566618844e-01
-3.1466561520805464e-01	-2.9669870399462850e-01	-9.4645972580597615e-01
-3.0543246828549314e-01	-3.0591271381659024e-01	-9.7255109832506226e-01
-2.9592995432986791e-01	-3.1483985473757242e-01	-9.8981481449439879e-01
-2.8616697272476532e-01	-3.2347226557722097e-01	-9.9860112983286287e-01
-2.7615265184744009e-01	-3.3180236084304188e-01	-9.9939377973030197e-01
-2.6589634053996736e-01	-3.3982283738755076e-01	-9.9279103908497113e-01
-2.5540759938728141e-01	-3.4752668080190641e-01	-9.7948492235086837e-01
-2.4469619181018451e-01	-3.5490717154047363e-01	-9.6023942195506229e-01
-2.3377207498174071e-01	-3.6195789077088586e-01	-9.3586864799602132e-01
-2.2264539057535385e-01	-3.6867272594463263e-01	-9.0721565651406455e-01
-2.1132645535324704e-01	-3.7504587608326073e-01	-8.7513264556227666e-01
-1.9982575160402635e-01	-3.8107185677566713e-01	-8.4046306719543384e-01
-1.8815391743812740e-01	-3.8674550488222170e-01	-8.0402605917301795e-01
-1.7632173695029471e-01	-3.9206198294161176e-01	-7.6660345215225967e-01
-1.6434013025794408e-01	-3.9701678327678858e-01	-7.2892946496912392e-01
-1.5222014342485310e-01	-4.0160573179642506e-01	-6.9168306937458879e-01
-1.3997293827934071e-01	-4.0582499148877088e-01	-6.5548289167263585e-01
-1.2760978213629323e-01	-4.0967106560500283e-01	-6.2088442562812096e-01
-1.1514203743263814e-01	-4.1314080052940672e-01	-5.8837926052487888e-01
-1.0258115128562539e-01	-4.1623138833412199e-01	-5.5839598051679973e-01
-8.9938644983655697e-02	-4.1894036901636184e-01	-5.3130236528935060e-01
-7.7226103419245906e-02	-4.2126563241638593e-01	-5.0740851542604914e-01
-6.4455164473756210e-02	-4.2320541981478016e-01	-4.8697053603365226e-01
-5.1637508363790705e-02	-4.2475832520785051e-01	-4.7019443611168021e-01
-3.8784846958754338e-02	-4.2592329626031217e-01	-4.5723993584113437e-01
-2.5908913079605356e-02	-4.2669963493465934e-01	-4.4822391661843813e-01
-1.3021449788431633e-02	-4.2708699779697068e-01	-4.4322329683439432e-01
-1.3419967860255207e-04	-4.2708539599916340e-01	-4.4227716809940321e-01
1.2741105824590163e-02	-4.2669519493800950e-01	-4.4538808029181043e-01
2.5592757143235959e-02	-4.2591711359152923e-01	-4.5252241830052703e-01
3.8409077196180030e-02	-4.2475222353366515e-01	-4.6360986779268043e-01
5.1178432008844699e-02	-4.2320194762843777e-01	-4.7854202108574667e-01
6.3889241273923536e-02	-4.2126805840506232e-01	-4.9717022660595039e-01
7.6529988853175482e-02	-4.1895267611582676e-01	-5.1930283573732683e-01
8.9089233211065391e-02	-4.1625826647876363e-01	-5.4470204816084622e-01
1.0155561777052843e-01	-4.1318763810750420e-01	-5.7308059979385495e-01
1.1391788118163614e-01	-4.0974393963093381e-01	-6.0409857456391136e-01
1.2616486749389555e-01	-4.0593065650555299e-01	-6.3736065053775415e-01
1.3828553622289372e-01	-4.0175160752376277e-01	-6.7241411015199071e-01
1.5026897230225841e-01	-3.9721094102153442e-01	-7.0874795108792144e-01
1.6210439591202075e-01	-3.9231313078917857e-01	-7.4579342636913526e-01
1.7378117217438957e-01	-3.8706297168927395e-01	-7.8292631748606700e-01
1.8528882070838673e-01	-3.8146557498596073e-01	-8.1947120126572393e-01
1.9661702503462036e-01	-3.7552636339018480e-01	-8.5470790912681549e-01
2.0775564182181602e-01	-3.6925106582565737e-01	-8.8788029670430912e-01
2.1869470996687587e-01	-3.6264571192053163e-01	-9.1820734429885043e-01
2.2942445950017804e-01	-3.5571662623016731e-01	-9.4489649734066583e-01
2.3993532030839138e-01	-3.4847042219637070e-01	-9.6715903563720618e-01
2.5021793066678649e-01	-3.4091399584900256e-01	-9.8422713650557347e-01
2.6026314557357183e-01	-3.3305451925586793e-01	-9.9537217696335600e-01
2.7006204487885255e-01	-3.2489943372707608e-01	-9.9992371161975180e-01
2.7960594120087701e-01	-3.1645644278038970e-01	-9.9728847359028894e-01
2.8888638762269153e-01	-3.0773350487409096e-01	-9.8696868302276974e-01
2.9789518516227270e-01	-2.9873882591430723e-01	-9.6857891795499573e-01
3.0662439000958452e-01	-2.8948085154380548e-01	-9.4186080981941411e-01
3.1506632052422306e-01	-2.7996825921944551e-01	-9.0669487334050458e-01
3.2321356398736234e-01	-2.7020995008585186e-01	-8.6310886762616612e-01
3.3105898310225840e-01	-2.6021504065271045e-01	-8.1128220895969094e-01
3.3859572223743545e-01	-2.4999285428366549e-01	-7.5154611048671349e-01
3.4581721340720717e-01	-2.3955291250464839e-01	-6.8437930158830163e-01
3.5271718198433227e-01	-2.2890492613971317e-01	-6.1039937030020663e-01
3.5928965213976483e-01	-2.1805878628274350e-01	-5.3034996457630135e-01
3.6552895200489588e-01	-2.0702455511327345e-01	-4.4508427106129744e-01
3.7142971855175722e-01	-1.9581245656507157e-01	-3.5554535244245206e-01
3.7698690218703729e-01	-1.8443286685608898e-01	-2.6274405685965274e-01
3.8219577105601582e-01	-1.7289630488848162e-01	-1.6773530783119522e-01
3.8705191505268421e-01	-1.6121342252775117e-01	-7.1593635874327294e-02
3.9155124953278775e-01	-1.4939499476974441e-01	2.4611178454272506e-02
3.9569001872656845e-01	-1.3745190980482835e-01	1.1983751494229869e-01
3.9946479884844760e-01	-1.2539515898826856e-01	2.1309361626601489e-01
4.0287250090109750e-01	-1.1323582672602189e-01	3.0345692848387962e-01
4.0591037317159168e-01	-1.0098508028538628e-01	3.9009055757651057e-01
4.0857600341770145e-01	-8.8654159539702473e-02	4.7225646871357213e-01
4.1086732074259508e-01	-7.6254366656667336e-02	5.4932521044372651e-01
4.1278259715654630e-01	-6.3797055739661795e-02	6.2078209946008756e-01
4.1432044882452951e-01	-5.1293622431527609e-02	6.8622994491959155e-01
4.1547983699884045e-01	-3.8755493490458190e-02	7.4538851782638704e-01
4.1626006863621529e-01	-2.6194116347362819e-02	7.9809107577491312e-01
4.1666079669916606e-01	-1.3620948654387975e-02	8.4427833327648238e-01
4.1668202014156691e-01	-1.0474478341151398e-03	8.8399032170217418e-01
4.1632408357880679e-01	1.1514939361181043e-02	9.1735661097926235e-01
4.1558767664310198e-01	2.4054787270433493e-02	9.4458536942830784e-01
4.1447383302486124e-01	3.6560701715621625e-02	9.6595172148984332e-01
4.1298392920127663e-01	4.9021330354913475e-02	9.8178582927532287e-01
4.1111968285360062e-01	6.1425372987769261e-02	9.9246107701611663e-01
4.0888315097483868e-01	7.3761591802710053e-02	9.9838268177918699e-01
4.0627672766989975e-01	8.6018821558312392e-02	9.9997699328377831e-01
4.0330314165047809e-01	9.8185979688380151e-02	9.9768168389959300e-01
3.9996545342726547e-01	1.1025207632200854e-01	9.9193696999044267e-01
3.9626705220234643e-01	1.2220622420950578e-01	9.8317795011352938e-01
3.9221165246485629e-01	1.3403764854534930e-01	9.7182809595837283e-01
3.8780329029336169e-01	1.4573569667905922e-01	9.5829388944274385e-01
3.8304631936854466e-01	1.5728984770549229e-01	9.4296056463003997e-01
3.7794540670015697e-01	1.6868972192574877e-01	9.2618888615803463e-01
3.7250552807240112e-01	1.7992509017024899e-01	9.0831287634043678e-01
3.6673196321213586e-01	1.9098588297565353e-01	8.8963839039506154e-01
3.6063029068462416e-01	2.0186219960729926e-01	8.7044243254203657e-01
3.5420638252172237e-01	2.1254431691911901e-01	8.5097310406663818e-01
3.4746639858763156e-01	2.2302269804317273e-01	8.3145007688204620e-01
3.4041678068769710e-01	2.3328800090087048e-01	8.1206549170649023e-01
3.3306424642573845e-01	2.4333108652851973e-01	7.9298518779930449e-01
3.2541578281589401e-01	2.5314302720955628e-01	7.7435018049291493e-01
3.1747863965497020e-01	2.6271511440635231e-01	7.5627831283126923e-01
3.0926032266154929e-01	2.7203886648457254e-01	7.3886601792310191e-01
3.0076858638842896e-01	2.8110603622312341e-01	7.2219013869949056e-01
2.9201142691496562e-01	2.8990861810318486e-01	7.0630976129969048e-01
2.8299707432629334e-01	2.9843885536977799e-01	6.9126802707006607e-01
2.7373398498645030e-01	3.0668924685969129e-01	6.7709389600438041e-01
2.6423083361261340e-01	3.1465255358979960e-01	6.6380384131096448e-01
2.5449650515797262e-01	3.2232180509989944e-01	6.5140346065112231e-01
2.4454008651069789e-01	3.2969030554462880e-01	6.3988899448463032e-01
2.3437085801688809e-01	3.3675163952904258e-01	6.2924874594722802e-01
2.2399828483529224e-01	3.4349967768285877e-01	6.1946439985462887e-01
2.1343200813189503e-01	3.4992858196850218e-01	6.1051224087527900e-01
2.0268183612260707e-01	3.5603281071833520e-01	6.0236427273989657e-01
1.9175773497225787e-01	3.6180712339681392e-01	5.9498924165952727e-01
1.8066981955845340e-01	3.6724658508341806e-01	5.8835356800000793e-01
1.6942834410880547e-01	3.7234657067256921e-01	5.8242219079462054e-01
1.5804369272014393e-01	3.7710276878700133e-01	5.7715932994466124e-01
1.4652636976860647e-01	3.8151118540123130e-01	5.7252917102438183e-01
1.3488699021930212e-01	3.8556814717217469e-01	5.6849647752589605e-01
1.2313626984461294e-01	3.8927030447409788e-01	5.6502713519491754e-01
1.1128501536012816e-01	3.9261463413543851e-01	5.6208863285273314e-01
9.9344114487149318e-02	3.9559844187532878e-01	5.5965048379898108e-01
8.7324525951153253e-02	3.9821936443781247e-01	5.5768459156145989e-01
7.5237269425149952e-02	4.0047537142217765e-01	5.5616556341502810e-01
6.3093415427335792e-02	4.0236476680798194e-01	5.5507097473957390e-01
5.0904075182242429e-02	4.0388619017369576e-01	5.5438158693083195e-01
3.8680390454608519e-02	4.0503861760815435e-01	5.5408152121968046e-01
2.6433523365418710e-02	4.0582136231426846e-01	5.5415839039598436e-01
1.4174646199246171e-02	4.0623407490476215e-01	5.5460339007214099e-01
1.9149312123437001e-03	4.0627674338995340e-01	5.5541135075913006e-01
-1.0334459549241786e-02	4.0594969285789734e-01	5.5658075166424970e-01
-2.2562384412396514e-02	4.0525358484748147e-01	5.5811369675543232e-01
-3.4757732210996338e-02	4.0418941641534545e-01	5.6001585327304404e-01
-4.6909432382334373e-02	4.0275851889777198e-01	5.6229635250792886e-01
-5.9006465016566770e-02	4.0096255636898159e-01	5.6496765230575730e-01
-7.1037870850117799e-02	3.9880352379753631e-01	5.6804536040459175e-01
-8.2992761194038506e-02	3.9628374490281454e-01	5.7154801736704486e-01
-9.4860327788182569e-02	3.9340586971383318e-01	5.7549683753261871e-01
-1.0662985257245169e-01	3.9017287183290306e-01	5.7991540609263903e-01
-1.1829071736613572e-01	3.8658804540693076e-01	5.8482933008230586e-01
-1.2983241344666957e-01	3.8265500180940704e-01	5.9026584079610589e-01
-1.4124455101918762e-01	3.7837766603638212e-01	5.9625334486945436e-01
-1.5251686856828872e-01	3.7376027282001545e-01	6.0282092103851737e-01
-1.6363924208364888e-01	3.6880736246350193e-01	6.0999775940239298e-01
-1.7460169415113563e-01	3.6352377640146954e-01	6.1781253988133900e-01
-1.8539440290128401e-01	3.5791465249016385e-01	6.2629274651072475e-01
-1.9600771080716600e-01	3.5198542003195016e-01	6.3546391425743554e-01
-2.0643213332364660e-01	3.4574179453899911e-01	6.4534880522421034e-01
-2.1665836736045313e-01	3.3918977224111152e-01	6.5596651145618168e-01
-2.2667729958136465e-01	3.3233562434301084e-01	6.6733148212667048e-01
-2.3648001452217263e-01	3.2518589103656642e-01	6.7945247370843964e-01
-2.4605780252022541e-01	3.1774737527361901e-01	6.9233142288942995e-01
-2.5540216744842736e-01	3.1002713630538054e-01	7.0596224353067416e-01
-2.6450483424684706e-01	3.0203248299452895e-01	7.2032955095388362e-01
-2.7335775624537056e-01	2.9377096690623022e-01	7.3540731935106252e-01
-2.8195312227072855e-01	2.8525037518477431e-01	7.5115748118711667e-01
-2.9028336353182055e-01	2.7647872322236938e-01	7.6752848116996863e-01
-2.9834116027714069e-01	2.6746424712710537e-01	7.8445380172247758e-01
-3.0611944821850573e-01	2.5821539599711774e-01	8.0185048191842945e-01
-3.1361142471548981e-01	2.4874082400814679e-01	8.1961765751881388e-01
-3.2081055471506759e-01	2.3904938232200459e-01	8.3763515600298033e-01
-3.2771057644139923e-01	2.2915011082337886e-01	8.5576218722268615e-01
-3.3430550683072557e-01	2.1905222969278793e-01	8.7383617734539232e-01
-3.4058964670668695e-01	2.0876513082352455e-01	8.9167180086390829e-01
-3.4655758569167672e-01	1.9829836909045348e-01	9.0906027232598730e-01
-3.5220420684987119e-01	1.8766165347899089e-01	9.2576896569828859e-01
-3.5752469105810225e-01	1.7686483808228246e-01	9.4154143447136196e-01
-3.6251452110076365e-01	1.6591791297507527e-01	9.5609790921017768e-01
-3.6716948548532347e-01	1.5483099497268127e-01	9.6913635068173254e-01
-3.7148568197525839e-01	1.4361431828352358e-01	9.8033413533128111e-01
-3.7545952083741280e-01	1.3227822506403167e-01	9.8935044510962200e-01
-3.7908772780116728e-01	1.2083315588444274e-01	9.9582942488319603e-01
-3.8236734672695438e-01	1.0928964011442371e-01	9.9940415736651700e-01
-3.8529574198198796e-01	9.7658286237346542e-02	9.9970148731204445e-01
-3.8787060052136818e-01	8.5949772101988828e-02	9.9634770336762357e-01
-3.9008993367288747e-01	7.4174835120861676e-02	9.8897505760264193e-01
-3.9195207862427062e-01	6.2344262423915872e-02	9.7722906954803701e-01
-3.9345569961174642e-01	5.0468880976824955e-02	9.6077652437846606e-01
-3.9459978880918190e-01	3.8559547672836945e-02	9.3931403465849128e-01
-3.9538366691726967e-01	2.6627139407205333e-02	9.1257699334825859e-01
-3.9580698345251714e-01	1.4682543143413230e-02	8.8034870437505086e-01
-3.9586971673608828e-01	2.7366459800950297e-03	8.4246943822219456e-01
-3.9557217358279795e-01	-9.1996747721416888e-03	7.9884512612770242e-01
-3.9491498869084979e-01	-2.1115561495005347e-02	7.4945538022314317e-01
-3.9389912373316799e-01	-3.3000186138964271e-02	6.9436051087441275e-01
-3.9252586615146051e-01	-4.4842760062687392e-02	6.3370720901704602e-01
-3.9079682765439666e-01	-5.6632543826792857e-02	5.6773257242184638e-01
-3.8871394242158247e-01	-6.8358856932761891e-02	4.9676618201228612e-01
-3.8627946501526222e-01	-8.0011087498326944e-02	4.2122997821430580e-01
-3.8349596800193309e-01	-9.1578701860590347e-02	3.4163574755208481e-01
-3.8036633928636160e-01	-1.0305125409805173e-01	2.5858010494962097e-01
-3.7689377916068861e-01	-1.1441839546310141e-01	1.7273694500042314e-01
-3.7308179707163269e-01	-1.2566988371632623e-01	8.4847432326860608e-02
-3.6893420810901606e-01	-1.3679559235426447e-01	-4.2922973693029741e-03
-3.6445512921907275e-01	-1.4778551972235432e-01	-9.3845452991146619e-02
-3.5964897514633293e-01	-1.5862979800471286e-01	-1.8295055296345819e-01
-3.5452045410796929e-01	-1.6931870208290237e-01	-2.7073858858712480e-01
-3.4907456320491370e-01	-1.7984265825549681e-01	-3.5635086860166743e-01
-3.4331658357414896e-01	-1.9019225281076538e-01	-4.3895698265536820e-01
-3.3725207528684309e-01	-2.0035824044481365e-01	-5.1777230104531491e-01
-3.3088687199730288e-01	-2.1033155251754071e-01	-5.9207443446638242e-01
-3.2422707534779971e-01	-2.2010330513918794e-01	-6.6121811097301109e-01
-3.1727904913468963e-01	-2.2966480708015066e-01	-7.2464798659036345e-01
-3.1004941324136581e-01	-2.3900756749706359e-01	-7.8190898807532705e-01
-3.0254503734378119e-01	-2.4812330346833858e-01	-8.3265388682488684e-01
-2.9477303439459424e-01	-2.5700394733236448e-01	-8.7664791631928340e-01
-2.8674075389202885e-01	-2.6564165382197907e-01	-9.1377036547517043e-01
-2.7845577493983925e-01	-2.7402880698886423e-01	-9.4401320025939772e-01
-2.6992589910496528e-01	-2.8215802691171787e-01	-9.6747687943368244e-01
-2.6115914307950916e-01	-2.9002217618239939e-01	-9.8436363151768058e-01
-2.5216373115401952e-01	-2.9761436616425591e-01	-9.9496854410883229e-01
-2.4294808750910682e-01	-3.0492796301719460e-01	-9.9966887999475784e-01
-2.3352082833256399e-01	-3.1195659348427113e-01	-9.9891207489620415e-01
-2.2389075376947010e-01	-3.1869415043466853e-01	-9.9320288855331362e-01
-2.1406683971266308e-01	-3.2513479815836127e-01	-9.8309017502601892e-01
-2.0405822944134464e-01	-3.3127297740779738e-01	-9.6915371160852426e-01
-1.9387422511555982e-01	-3.3710341018229489e-01	-9.5199148177637760e-01
-1.8352427913440539e-01	-3.4262110425107434e-01	-9.3220774993792610e-01
-1.7301798536614080e-01	-3.4782135741098136e-01	-9.1040219869988959e-01
-1.6236507025811817e-01	-3.5269976147540666e-01	-8.8716032721180471e-01
-1.5157538383498440e-01	-3.5725220599091578e-01	-8.6304523606075034e-01
-1.4065889059336431e-01	-3.6147488167854547e-01	-8.3859085383793108e-01
-1.2962566030141620e-01	-3.6536428359690787e-01	-8.1429659597978421e-01
-1.1848585871187635e-01	-3.6891721402445316e-01	-7.9062339017008210e-01
-1.0724973819700176e-01	-3.7213078505860570e-01	-7.6799095609749513e-01
-9.5927628314165958e-02	-3.7500242092964281e-01	-7.4677619159291342e-01
-8.4529926310738010e-02	-3.7752986002752004e-01	-7.2731249235837059e-01
-7.3067087576911854e-02	-3.7971115664009530e-01	-7.0988981833105758e-01
-6.1549616055418310e-02	-3.8154468240142564e-01	-6.9475531545558444e-01
-4.9988054616673945e-02	-3.8302912744916312e-01	-6.8211430621581048e-01
-3.8392975408428086e-02	-3.8416350129024085e-01	-6.7213147447737975e-01
-2.6774970188606698e-02	-3.8494713337438968e-01	-6.6493208870603249e-01
-1.5144640650169839e-02	-3.8537967337525675e-01	-6.6060313116045488e-01
-3.5125887469516478e-03	-3.8546109117915944e-01	-6.5919422797995608e-01
8.1105929708533593e-03	-3.8519167658179648e-01	-6.6071830506392104e-01
1.9714331002611052e-02	-3.8457203869348572e-01	-6.6515192624601827e-01
3.1288080515846396e-02	-3.8360310505377582e-01	-6.7243530256948714e-01
4.2821334928830126e-02	-3.8228612045653271e-01	-6.8247199360836774e-01
5.4303635448276252e-02	-3.8062264548688313e-01	-6.9512835292513864e-01
6.5724580553737352e-02	-3.7861455477162631e-01	-7.1023279907978054e-01
7.7073835419851883e-02	-3.7626403494502808e-01	-7.2757502024767939e-01
8.8341141268045389e-02	-3.7357358233213828e-01	-7.4690524355388932e-01
9.9516324639243550e-02	-3.7054600035202351e-01	-7.6793371872227645e-01
1.1058930657908859e-01	-3.6718439664360547e-01	-7.9033057856537181e-01
1.2155011172752594e-01	-3.6349217991697552e-01	-8.1372624520021197e-01
1.3238887730443150e-01	-3.5947305653337552e-01	-8.3771254971815112e-01
1.4309586198324087e-01	-3.5513102681723602e-01	-8.6184472355353414e-01
1.5366145464464731e-01	-3.5047038110389239e-01	-8.8564440140295730e-01
1.6407618300237647e-01	-3.4549569552690867e-01	-9.0860374798632093e-01
1.7433072209345002e-01	-3.4021182754906204e-01	-9.3019078437865299e-01
1.8441590262520816e-01	-3.3462391124138224e-01	-9.4985594474278279e-01
1.9432271917164515e-01	-3.2873735231481160e-01	-9.6703984228710738e-01
2.0404233821185033e-01	-3.2255782290920954e-01	-9.8118216596796148e-01
2.1356610600316916e-01	-3.1609125614482658e-01	-9.9173156922023120e-01
2.2288555628228185e-01	-3.0934384044134738e-01	-9.9815635168927297e-01
2.3199241778720547e-01	-3.0232201361001321e-01	-9.9995567776489336e-01
2.4087862159359244e-01	-2.9503245672442407e-01	-9.9667102509065197e-01
2.4953630825886400e-01	-2.8748208777580725e-01	-9.8789751551752247e-01
2.5795783476775219e-01	-2.7967805511885258e-01	-9.7329475330860382e-01
2.6613578127324355e-01	-2.7162773071421098e-01	-9.5259678339124099e-01
2.7406295762688526e-01	-2.6333870317411762e-01	-9.2562078796705594e-01
2.8173240969273322e-01	-2.5481877061768388e-01	-8.9227416376786561e-01
2.8913742543949372e-01	-2.4607593334248004e-01	-8.5255966455387311e-01
2.9627154080538487e-01	-2.3711838631943688e-01	-8.0657835282520829e-01
3.0312854533069733e-01	-2.2795451151801036e-01	-7.5453017877557083e-01
3.0970248755316154e-01	-2.1859287006876837e-01	-6.9671208987503686e-01
3.1598768016136869e-01	-2.0904219427082701e-01	-6.3351366693185163e-01
3.2197870490188962e-01	-1.9931137945146302e-01	-5.6541037730263377e-01
3.2767041723579204e-01	-1.8940947568559571e-01	-4.9295462812123031e-01
3.3305795074060129e-01	-1.7934567938280058e-01	-4.1676488711443793e-01
3.3813672125397964e-01	-1.6912932474961845e-01	-3.3751321132522361e-01
3.4290243075553289e-01	-1.5876987513522942e-01	-2.5591158115999429e-01
3.4735107098358908e-01	-1.4827691426829945e-01	-1.7269747587295328e-01
3.5147892678381260e-01	-1.3766013739332611e-01	-8.8619145310913111e-02
3.5528257918694511e-01	-1.2692934231456093e-01	-4.4210310720590546e-03
3.5875890821314810e-01	-1.1609442035575712e-01	7.9170230993380719e-02
3.6190509540063043e-01	-1.0516534724420319e-01	1.6145883388886562e-01
3.6471862605659722e-01	-9.4152173927291069e-02	2.4179150884192283e-01
3.6719729122871242e-01	-8.3065017330198401e-02	3.1956764663511789e-01
3.6933918939559057e-01	-7.1914051063132811e-02	3.9424762905960958e-01
3.7114272787507752e-01	-6.0709496086619824e-02	4.6535924450413035e-01
3.7260662394930488e-01	-4.9461611343530061e-02	5.3250213702307714e-01
3.7372990570582088e-01	-3.8180684366273816e-02	5.9535030950236290e-01
3.7451191259430316e-01	-2.6877021867888776e-02	6.5365276576238440e-01
3.7495229569865779e-01	-1.5560940325605441e-02	7.0723243129531466e-01
3.7505101772455995e-01	-4.2427565653598374e-03	7.5598353625283521e-01
3.7480835270273383e-01	7.0672216439138149e-03	7.9986767645828316e-01
3.7422488540855497e-01	1.8358704977875034e-02	8.3890878850943928e-01
3.7330151049879845e-01	2.9621431917538896e-02	8.7318728397099743e-01
3.7203943136662365e-01	4.0845178074750556e-02	9.0283358626372279e-01
3.7044015871613095e-01	5.2019765473950465e-02	9.2802130354535961e-01
3.6850550885810146e-01	6.3135071781671978e-02	9.4896025330360989e-01
3.6623760172875225e-01	7.4181039475560567e-02	9.6588953131820532e-01
3.6363885863362450e-01	8.5147684944482438e-02	9.7907079086724003e-01
3.6071199971895795e-01	9.6025107511511415e-02	9.8878186923081957e-01
3.5746004117311481e-01	1.0680349837176821e-01	9.9531086918467038e-01
3.5388629216095074e-01	1.1747314943681156e-01	9.9895077455823256e-01
3.4999435149415603e-01	1.2802446207783913e-01	9.9999465208579530e-01
3.4578810404092836e-01	1.3844795575966518e-01	9.9873146747208408e-01
3.4127171687851965e-01	1.4873427655776766e-01	9.9544252234319752e-01
3.3644963519241755e-01	1.5887420555080198e-01	9.9039850084452197e-01
3.3132657792622772e-01	1.6885866708093131e-01	9.8385710016436956e-01
3.2590753318642696e-01	1.7867873687471911e-01	9.7606120812435349e-01
3.2019775340649725e-01	1.8832565001720364e-01	9.6723758297573970e-01
3.1420275027510525e-01	1.9779080877205349e-01	9.5759598537327295e-01
3.0792828943314016e-01	2.0706579024094213e-01	9.4732870980384831e-01
3.0138038494481839e-01	2.1614235385511735e-01	9.3661046213777399e-01
2.9456529354801908e-01	2.2501244869270828e-01	9.2559853104947343e-01
2.8748950868942258e-01	2.3366822061513839e-01	9.1443320344353696e-01
2.8015975435009616e-01	2.4210201921637334e-01	9.0323837736809076e-01
2.7258297866735276e-01	2.5030640457889880e-01	8.9212232988754536e-01
2.6476634735900578e-01	2.5827415383036734e-01	8.8117860175070428e-01
2.5671723695613274e-01	2.6599826749526101e-01	8.7048696520246183e-01
2.4844322785081560e-01	2.7347197563589326e-01	8.6011444576897222e-01
2.3995209716537050e-01	2.8068874377740971e-01	8.5011637315822430e-01
2.3125181144972110e-01	2.8764227861164787e-01	8.4053744046129941e-01
2.2235051921388996e-01	2.9432653347477844e-01	8.3141275454762020e-01
2.1325654330242122e-01	3.0073571359412332e-01	8.2276886388093018e-01
2.0397837311804581e-01	3.0686428109945696e-01	8.1462475292717174e-01
1.9452465670175223e-01	3.1270695979455526e-01	8.0699279488134867e-01
1.8490419267662847e-01	3.1825873968489687e-01	7.9987965662439586e-01
1.7512592206305147e-01	3.2351488125759648e-01	7.9328715165703678e-01
1.6519891997279623e-01	3.2847091950995927e-01	7.8721303827581568e-01
1.5513238718972913e-01	3.3312266772326926e-01	7.8165176149060367e-01
1.4493564164501044e-01	3.3746622097858286e-01	7.7659513816698078e-01
1.3461810979456063e-01	3.4149795941166439e-01	7.7203298564400369e-01
1.2418931790688124e-01	3.4521455120431815e-01	7.6795369465977859e-01
1.1365888326926248e-01	3.4861295530968600e-01	7.6434474784197259e-01
1.0303650532037029e-01	3.5169042390934890e-01	7.6119318531359836e-01
9.2331956717608923e-02	3.5444450460020221e-01	7.5848601914820812e-01
8.1555074347261947e-02	3.5687304230947492e-01	7.5621059850160577e-01
7.0715750285834350e-02	3.5897418093638894e-01	7.5435492726583175e-01
5.9823922720846037e-02	3.6074636471927446e-01	7.5290793604846107e-01
4.8889566839357364e-02	3.6218833932719702e-01	7.5185971018767361e-01
3.7922685692707889e-02	3.6329915267537555e-01	7.5120167538047689e-01
2.6933301045680067e-02	3.6407815546397049e-01	7.5092674233585299e-01
1.5931444218582266e-02	3.6452500144003097e-01	7.5102941167360526e-01
4.9271469305992932e-03	3.6463964738267068e-01	7.5150584007941879e-01
-6.0695678473611497e-03	3.6442235281178859e-01	7.5235386850294639e-01
-1.7048695021752425e-02	3.6387367942089144e-01	7.5357301295407764e-01
-2.8000256479321424e-02	3.6299449023484254e-01	7.5516441821816171e-01
-3.8914310155446892e-02	3.6178594849360129e-01	7.5713077457920730e-01
-4.9780959059699301e-02	3.6024951626327462e-01	7.5947619741625139e-01
-6.0590360250479834e-02	3.5838695277603400e-01	7.6220606932766233e-01
-7.1332733750472277e-02	3.5620031250072670e-01	7.6532684424672581e-01
-8.1998371394985919e-02	3.5369194294621364e-01	7.6884581284558839e-01
-9.2577645605056796e-02	3.5086448219974947e-01	7.7277082838968514e-01
-1.0306101807743588e-01	3.4772085620293475e-01	7.7710999210835663e-01
-1.1343904838364059e-01	3.4426427576800495e-01	7.8187129709707948e-01
-1.2370240247026837e-01	3.4049823333747803e-01	7.8706222977126605e-01
-1.3384186105296814e-01	3.3642649949038272e-01	7.9268932796092961e-01
-1.4384832789647362e-01	3.3205311919855113e-01	7.9875769488073733e-01
-1.5371283797328389e-01	3.2738240783666334e-01	8.0527046844409167e-01
-1.6342656549372536e-01	3.2241894694992851e-01	8.1222824572737662e-01
-1.7298083180008769e-01	3.1716757978358773e-01	8.1962846284749513e-01
-1.8236711311791456e-01	3.1163340657851346e-01	8.2746473111075214e-01
-1.9157704815741280e-01	3.0582177963751339e-01	8.3572613104267857e-01
-2.0060244555825146e-01	2.9973829816707448e-01	8.4439646683747205e-01
-2.0943529117117102e-01	2.9338880289946895e-01	8.5345348489237072e-01
-2.1806775516980123e-01	2.8677937050046204e-01	8.6286806143591954e-01
-2.2649219898657100e-01	2.7991630776783227e-01	8.7260336583755971e-01
-2.3470118206638121e-01	2.7280614562636191e-01	8.8261400801131162e-01
-2.4268746843218100e-01	2.6545563292493418e-01	8.9284518040673833e-01
-2.5044403305667123e-01	2.5787173004159752e-01	9.0323180741314646e-01
-2.5796406803443955e-01	2.5006160230273194e-01	9.1369771757512352e-01
-2.6524098854922407e-01	2.4203261322242434e-01	9.2415485680180931e-01
-2.7226843863098954e-01	2.3379231756851318e-01	9.3450256370235751e-01
-2.7904029669783065e-01	2.2534845426178959e-01	9.4462693123079200e-01
-2.8555068087791241e-01	2.1670893911497799e-01	9.5440028188453063e-01
-2.9179395410673165e-01	2.0788185741842466e-01	9.6368078665670498e-01
-2.9776472899543610e-01	1.9887545637925452e-01	9.7231226065091092e-01
-3.0345787246586714e-01	1.8969813742124084e-01	9.8012417055641365e-01
-3.0886851014843220e-01	1.8035844835247430e-01	9.8693189085690081e-01
-3.1399203053905878e-01	1.7086507540810814e-01	9.9253724648571462e-01
-3.1882408891163860e-01	1.6122683517568756e-01	9.9672937940853679e-01
-3.2336061098273688e-01	1.5145266641043506e-01	9.9928597506475214e-01
-3.2759779632543157e-01	1.4155162174819708e-01	9.9997488148645675e-01
-3.3153212152947126e-01	1.3153285932368899e-01	9.9855614901178857e-01
-3.3516034310516191e-01	1.2140563430175337e-01	9.9478451162121506e-01
-3.3847950012857891e-01	1.1117929032954489e-01	9.8841232190847772e-01
-3.4148691662599939e-01	1.0086325091748882e-01	9.7919294048137140e-01
-3.4418020369566893e-01	9.0467010756941871e-02	9.6688456719460192e-01
-3.4655726136524417e-01	8.0000126982602421e-02	9.5125448618557840e-01
-3.4861628018352037e-01	6.9472210387660729e-02	9.3208367948404136e-01
-3.5035574254527446e-01	5.8892916599812703e-02	9.0917174541430179e-01
-3.5177442374831891e-01	4.8271937226218878e-02	8.8234203867306116e-01
-3.5287139278210311e-01	3.7618990975473519e-02	8.5144692956635259e-01
-3.5364601284742608e-01	2.6943814764841308e-02	8.1637306128574116e-01
-3.5409794160710295e-01	1.6256154820748256e-02	7.7704646726852855e-01
-3.5422713116764232e-01	5.5657577807859638e-03	7.3343739667378693e-01
-3.5403382779225956e-01	-5.1176381946971879e-03	6.8556468589372910e-01
-3.5351857134578490e-01	-1.5784312293367752e-02	6.3349950885871908e-01
-3.5268219447227411e-01	-2.6424569895805241e-02	5.7736833963318313e-01
-3.5152582150636724e-01	-3.7028751386704764e-02	5.1735496820785065e-01
-3.5005086711969263e-01	-4.7587240924149794e-02	4.5370142500088156e-01
-3.4825903470384822e-01	-5.8090475159120088e-02	3.8670769158344726e-01
-3.4615231449172168e-01	-6.8528951897347284e-02	3.1673010437881954e-01
-3.4373298141917802e-01	-7.8893238695554119e-02	2.4417839396095070e-01
-3.4100359272933189e-01	-8.9173981384449250e-02	1.6951134408067176e-01
-3.3796698532190467e-01	-9.9361912510653252e-02	9.3231100250208435e-02
-3.3462627285036456e-01	-1.0944785968998801e-01	1.5876205811063873e-02
-3.3098484256976618e-01	-1.1942275386465213e-01	-6.1986508197728295e-02
-3.2704635193849407e-01	-1.2927763745670323e-01	-1.3977100665329190e-01
-3.2281472497721980e-01	-1.3900367241073017e-01	-2.1688189267638847e-01
-3.1829414838874259e-01	-1.4859214811828317e-01	-2.9272475846746404e-01
-3.1348906744248811e-01	-1.5803448921707744e-01	-3.6671676767924494e-01
-3.0840418162767358e-01	-1.6732226325800348e-01	-4.3829717592216050e-01
-3.0304444007942299e-01	-1.7644718823298561e-01	-5.0693749108319164e-01
-2.9741503678219755e-01	-1.8540113995710283e-01	-5.7215098232721706e-01
-2.9152140555523021e-01	-1.9417615929828574e-01	-6.3350126586972366e-01
-2.8536921482476829e-01	-2.0276445924820310e-01	-6.9060972613549076e-01
-2.7896436218810916e-01	-2.1115843182810085e-01	-7.4316157137869832e-01
-2.7231296877469524e-01	-2.1935065482337426e-01	-7.9091037131318542e-01
-2.6542137340958033e-01	-2.2733389834101492e-01	-8.3368097842742606e-01
-2.5829612658484713e-01	-2.3510113118410236e-01	-8.7137079177832699e-01
-2.5094398424473280e-01	-2.4264552703768910e-01	-9.0394937939680764e-01
-2.4337190139026732e-01	-2.4996047046073686e-01	-9.3145653026808517e-01
-2.3558702550957311e-01	-2.5703956267873751e-01	-9.5399885665827222e-01
-2.2759668983991674e-01	-2.6387662717206534e-01	-9.7174511020335441e-01
-2.1940840646794413e-01	-2.7046571505510070e-01	-9.8492040898622313e-01
-2.1102985927455090e-01	-2.7680111024148651e-01	-9.9379959669654994e-01
-2.0246889673096621e-01	-2.8287733439107127e-01	-9.9869996837952346e-01
-1.9373352455289686e-01	-2.8868915163419406e-01	-9.9997360030558569e-01
-1.8483189821948229e-01	-2.9423157306933789e-01	-9.9799951474851800e-01
-1.7577231536414234e-01	-2.9949986103023113e-01	-9.9317589502057879e-01
-1.6656320804439984e-01	-3.0448953311877908e-01	-9.8591254342171319e-01
-1.5721313489776700e-01	-3.0919636600046724e-01	-9.7662374650030048e-01
-1.4773077319118236e-01	-3.1361639895893167e-01	-9.6572168000757341e-01
-1.3812491077118685e-01	-3.1774593720683136e-01	-9.5361045197718930e-01
-1.2840443792243908e-01	-3.2158155495020480e-01	-9.4068084820504538e-01
-1.1857833914206230e-01	-3.2512009820382054e-01	-9.2730581159323089e-01
-1.0865568483738516e-01	-3.2835868735525031e-01	-9.1383665666946767e-01
-9.8645622954861470e-02	-3.3129471947556532e-01	-9.0059999413543768e-01
-8.8557370547754130e-02	-3.3392587037488664e-01	-8.8789531827576806e-01
-7.8400205290466110e-02	-3.3625009640116343e-01	-8.7599319292912925e-01
-6.8183456947312343e-02	-3.3826563598084236e-01	-8.6513395966829221e-01
-5.7916498803461405e-02	-3.3997101090033960e-01	-8.5552688480771288e-01
-4.7608739066097722e-02	-3.4136502732739971e-01	-8.4734965961007569e-01
-3.7269612243578686e-02	-3.4244677657173683e-01	-8.4074817019759307e-01
-2.6908570510464646e-02	-3.4321563558455814e-01	-8.3583645968126474e-01
-1.6535075066441949e-02	-3.4367126719680080e-01	-8.3269681431783005e-01
-6.1585874968921343e-03	-3.4381362009617833e-01	-8.3137991746407613e-01
4.2114388568817553e-03	-3.4364292854334838e-01	-8.3190502907847730e-01
1.4565567509949570e-02	-3.4315971182776517e-01	-8.3426016387536428e-01
2.4894387420776733e-02	-3.4236477346401040e-01	-8.3840225733144624e-01
3.5188521545010017e-02	-3.4125920012964056e-01	-8.4425732495599781e-01
4.5438635348471069e-02	-3.3984436034580712e-01	-8.5172063595766534e-01
5.5635445271409935e-02	-3.3812190290216348e-01	-8.6065693708048252e-01
6.5769727136465728e-02	-3.3609375502778777e-01	-8.7090077536424715e-01
7.5832324492737940e-02	-3.3376212031007507e-01	-8.8225697935387459e-01
8.5814156888306126e-02	-3.3112947636381296e-01	-8.9450136631074273e-01
9.5706228063867194e-02	-3.2819857225282878e-01	-9.0738174778028635e-01
1.0549963405997886e-01	-3.2497242566687523e-01	-9.2061930701697214e-01
1.1518557123065173e-01	-3.2145431985660783e-01	-9.3391041891956028e-01
1.2475534415612405e-01	-3.1764780032971440e-01	-9.4692897605730231e-01
1.3420037344759358e-01	-3.1355667131153236e-01	-9.5932927298648407e-01
1.4351220343703927e-01	-3.0918499197360833e-01	-9.7074948545606088e-01
1.5268250974513284e-01	-3.0453707243395473e-01	-9.8081576156760009e-01
1.6170310672048915e-01	-2.9961746953291984e-01	-9.8914691899504070e-01
1.7056595474371597e-01	-2.9443098238873211e-01	-9.9535971671364010e-01
1.7926316738955489e-01	-2.8898264773713411e-01	-9.9907464228360732e-01
1.8778701844092796e-01	-2.8327773505951220e-01	-9.9992212772825928e-01
1.9612994874852430e-01	-2.7732174150428923e-01	-9.9754907973870055e-01
2.0428457292988739e-01	-2.7112038660643689e-01	-9.9162558472886619e-01
2.1224368590210826e-01	-2.6467960681013319e-01	-9.8185162758444788e-01
2.2000026924225421e-01	-2.5800554979987167e-01	-9.6796364617209807e-01
2.2754749737003804e-01	-2.5110456864533431e-01	-9.4974073303320161e-01
2.3487874354719643e-01	-2.4398321576566537e-01	-9.2701029218160380e-01
2.4198758568832882e-01	-2.3664823671886151e-01	-8.9965296324670163e-01
2.4886781197819377e-01	-2.2910656382206995e-01	-8.6760663766439405e-01
2.5551342629040252e-01	-2.2136530960897138e-01	-8.3086941210920962e-01
2.6191865340294473e-01	-2.1343176013026116e-01	-7.8950135232466334e-01
2.6807794400591561e-01	-2.0531336810363912e-01	-7.4362497496294644e-01
2.7398597949715159e-01	-1.9701774591970489e-01	-6.9342439460701555e-01
2.7963767656166744e-01	-1.8855265851027525e-01	-6.3914312611750101e-01
2.8502819153089493e-01	-1.7992601608589737e-01	-5.8108057689232218e-01
2.9015292451808111e-01	-1.7114586674922749e-01	-5.1958730749584059e-01
2.9500752332626551e-01	-1.6222038899126265e-01	-4.5505918036660764e-01
2.9958788712554729e-01	-1.5315788407740460e-01	-3.8793055302677626e-01
3.0389016989661000e-01	-1.4396676833033434e-01	-3.1866670271951675e-01
3.0791078363752911e-01	-1.3465556531705739e-01	-2.4775569236310926e-01
3.1164640133131222e-01	-1.2523289794717984e-01	-1.7569990220540879e-01
3.1509395967167420e-01	-1.1570748048986945e-01	-1.0300745714169754e-01
3.1825066154486725e-01	-1.0608811051684468e-01	-3.0183776328340930e-02
3.2111397826559929e-01	-9.6383660778792637e-02	4.2276540041269219e-02
3.2368165156524858e-01	-8.6603071022828604e-02	1.1389729125582899e-01
3.2595169533089452e-01	-7.6755339758405983e-02	1.8422755402942573e-01
3.2792239709383414e-01	-6.6849515979373206e-02	2.5284771854855276e-01
3.2959231926653598e-01	-5.6894690849746854e-02	3.1937457712617873e-01
3.3096030012720523e-01	-4.6899989360787341e-02	3.8346539539863600e-01
3.3202545455133320e-01	-3.6874561967178206e-02	4.4482093142905971e-01
3.3278717448989609e-01	-2.6827576209763396e-02	5.0318740202914136e-01
3.3324512919403293e-01	-1.6768208332723251e-02	5.5835742679113376e-01
3.3339926518631718e-01	-6.7056349027369132e-03	6.1017000771658791e-01
3.3324980597894394e-01	3.3509755622292744e-03	6.5850962518199174e-01
3.3279725153938505e-01	1.3392470946790185e-02	7.0330454884008220e-01
3.3204237750430604e-01	2.3409723867098321e-02	7.4452447474330974e-01
3.3098623414275496e-01	3.3393639967355546e-02	7.8217760757038846e-01
3.2963014506987537e-01	4.3335166176220852e-02	8.1630730963809361e-01
3.2797570571260476e-01	5.3225298915759958e-02	8.4698843686659242e-01
3.2602478152906345e-01	6.3055092255380155e-02	8.7432347663765586e-01
3.2377950598355659e-01	7.2815666003385821e-02	8.9843859422867112e-01
3.2124227827930585e-01	8.2498213728951345e-02	9.1947968393760882e-01
3.1841576085131051e-01	9.2094010707057139e-02	9.3760850884687519e-01
3.1530287662187190e-01	1.0159442177942905e-01	9.5299900008329741e-01
3.1190680602160287e-01	1.1099090912425663e-01	9.6583377302122964e-01
3.0823098377891406e-01	1.2027503992775160e-01	9.7630090467394515e-01
3.0427909548116649e-01	1.2943849395069720e-01	9.8459100395399757e-01
3.0005507391094904e-01	1.3847307098309125e-01	9.9089459489013254e-01
2.9556309516104173e-01	1.4737069818033616e-01	9.9539982250513914e-01
2.9080757453192357e-01	1.5612343727430991e-01	9.9829048203382464e-01
2.8579316221582973e-01	1.6472349165289907e-01	9.9974436456387028e-01
2.8052473877149803e-01	1.7316321330178414e-01	9.9993190601640847e-01
2.7500741039409227e-01	1.8143510960211509e-01	9.9901512159563288e-01
2.6924650398476557e-01	1.8953184997822198e-01	9.9714680433368452e-01
2.6324756202468180e-01	1.9744627238934109e-01	9.9446996401448406e-01
2.5701633725838896e-01	2.0517138965965803e-01	9.9111748143628120e-01
2.5055878719159991e-01	2.1270039564111271e-01	9.8721195251644200e-01
2.4388106840870291e-01	2.2002667120344463e-01	9.8286569700191873e-01
2.3698953071532272e-01	2.2714379004632218e-01	9.7818090737856656e-01
2.2989071111156922e-01	2.3404552432836770e-01	9.7324991483638623e-01
2.2259132760165484e-01	2.4072585010819450e-01	9.6815555072297932e-01
2.1509827284569569e-01	2.4717895259274195e-01	9.6297158369687808e-01
2.0741860765979223e-01	2.5339923118824836e-01	9.5776321468472658e-01
1.9955955437035680e-01	2.5938130434962386e-01	9.5258761367574907e-01
1.9152849002909156e-01	2.6512001422389586e-01	9.4749448429402583e-01
1.8333293949489998e-01	2.7061043108381200e-01	9.4252664392670016e-01
1.7498056838919451e-01	2.7584785754780805e-01	9.3772060892109166e-01
1.6647917593128253e-01	2.8082783258268101e-01	9.3310717597238702e-01
1.5783668766040745e-01	2.8554613528564815e-01	9.2871199229173351e-01
1.4906114805132800e-01	2.8999878844254118e-01	9.2455610846574132e-01
1.4016071303027569e-01	2.9418206185918105e-01	9.2065650909106889e-01
1.3114364239820181e-01	2.9809247546318418e-01	9.1702661729550894e-01
1.2201829216847979e-01	3.0172680217358200e-01	9.1367677014625959e-01
1.1279310682597898e-01	3.0508207053600039e-01	9.1061466270519742e-01
1.0347661151486873e-01	3.0815556712118924e-01	9.0784575913045806e-01
9.4077404162272990e-02	3.1094483868504691e-01	9.0537366975351519e-01
8.4604147545031538e-02	3.1344769408845591e-01	9.0320049349255005e-01
7.5065561306991893e-02	3.1566220597543476e-01	9.0132712530674475e-01
6.5470413934054686e-02	3.1758671220840551e-01	8.9975352866244385e-01
5.5827514694467478e-02	3.1921981705952884e-01	8.9847897318098080e-01
4.6145705551731080e-02	3.2056039215733073e-01	8.9750223777836791e-01
3.6433853057490896e-02	3.2160757718805710e-01	8.9682177969787213e-01
2.6700840231987700e-02	3.2236078035139559e-01	8.9643586988581569e-01
1.6955558439297688e-02	3.2281967857047361e-01	8.9634269517641563e-01
7.2068992649982639e-03	3.2298421745621486e-01	8.9654042774044762e-01
-2.5362535964347549e-03	3.2285461102640395e-01	8.9702726222178697e-01
-1.2265032437110787e-02	3.2243134118000838e-01	8.9780142094222781e-01
-2.1970593606633667e-02	3.2171515692753788e-01	8.9886112750471836e-01
-3.1644125551132114e-02	3.2070707337844584e-01	9.0020454907469660e-01
-4.1276856813149396e-02	3.1940837048678838e-01	9.0182970757468983e-01
-5.0860063985015233e-02	3.1782059155659431e-01	9.0373435999493756e-01
-6.0385079608625013e-02	3.1594554150859250e-01	9.0591584800872194e-01
-6.9843300014358817e-02	3.1378528491018476e-01	9.0837091709145512e-01
-7.9226193092097053e-02	3.1134214377075392e-01	9.1109550538373973e-01
-8.8525305987362107e-02	3.0861869510459350e-01	9.1408450261694241e-01
-9.7732272715507745e-02	3.0561776826400727e-01	9.1733147954170069e-01
-1.0683882168729619e-01	3.0234244204524657e-01	9.2082838847207638e-01
-1.1583678313889653e-01	2.9879604157026124e-01	9.2456523578715721e-01
-1.2471809645974202e-01	2.9498213494736425e-01	9.2852972752494423e-01
-1.3347481741169007e-01	2.9090452971412045e-01	9.3270688956686043e-01
-1.4209912523292023e-01	2.8656726906602081e-01	9.3707866435177589e-01
-1.5058332962034512e-01	2.8197462787460004e-01	9.4162348658250217e-01
-1.5891987758419859e-01	2.7713110849894107e-01	9.4631584100044708e-01
-1.6710136016873678e-01	2.7204143639463491e-01	9.5112580601040053e-01
-1.7512051903311654e-01	2.6671055552442802e-01	9.5601858774003046e-01
-1.8297025288648963e-01	2.6114362357507392e-01	9.6095405001840295e-01
-1.9064362377178415e-01	2.5534600698488835e-01	9.6588624675320667e-01
-1.9813386319244447e-01	2.4932327578689845e-01	9.7076296427115905e-01
-2.0543437807682294e-01	2.4308119827246746e-01	9.7552528235112546e-01
-2.1253875657498156e-01	2.3662573548047874e-01	9.8010716390877872e-01
-2.1944077368273185e-01	2.2996303551740130e-01	9.8443508456362672e-01
-2.2613439668808871e-01	2.2309942771355104e-01	9.8842771460501688e-01
-2.3261379043529606e-01	2.1604141662116530e-01	9.9199566713558396e-01
-2.3887332240187487e-01	2.0879567585994513e-01	9.9504132736283468e-01
-2.4490756758431645e-01	2.0136904181584092e-01	9.9745877907641189e-01
-2.5071131318810180e-01	1.9376850719912855e-01	9.9913384522530924e-01
-2.5627956311813438e-01	1.8600121446768494e-01	9.9994426012238868e-01
-2.6160754226560096e-01	1.7807444912179649e-01	9.9975999107098479e-01
-2.6669070058766858e-01	1.6999563287670527e-01	9.9844372704277684e-01
-2.7152471697655362e-01	1.6177231671926640e-01	9.9585155134564618e-01
-2.7610550291462960e-01	1.5341217385529882e-01	9.9183381391344905e-01
-2.8042920591257248e-01	1.4492299255409868e-01	9.8623621683875495e-01
-2.8449221272761238e-01	1.3631266889687915e-01	9.7890112397640716e-01
-2.8829115235924996e-01	1.2758919943584787e-01	9.6966910180712673e-01
-2.9182289881999468e-01	1.1876067377070210e-01	9.5838069422525340e-01
-2.9508457367882629e-01	1.0983526704953232e-01	9.4487842849136960e-01
-2.9807354837539596e-01	1.0082123240095624e-01	9.2900904329255685e-01
-3.0078744630308429e-01	9.1726893304615323e-02	9.1062592274840559e-01
-3.0322414465934527e-01	8.2560635906981483e-02	8.8959171240430801e-01
-3.0538177606191536e-01	7.3330901289606454e-02	8.6578108493493822e-01
-3.0725872992969738e-01	6.4046177696986062e-02	8.3908361466374148e-01
-3.0885365362737704e-01	5.4714992731090061e-02	8.0940671136711051e-01
-3.1016545337299717e-01	4.5345905519838407e-02	7.7667855550576581e-01
-3.1119329490797060e-01	3.5947498866672825e-02	7.4085096938185013e-01
-3.1193660392922151e-01	2.6528371388378769e-02	7.0190215216392082e-01
-3.1239506628334573e-01	1.7097129648470242e-02	6.5983920167425369e-01
-3.1256862792292728e-01	7.6623802932013624e-03	6.1470034270816465e-01
-3.1245749462533901e-01	-1.7672778025035862e-03	5.6655678084723238e-01
-3.1206213147459105e-01	-1.1183261372052120e-02	5.1551410257343777e-01
-3.1138326210699624e-01	-2.0577010570085888e-02	4.6171314725270496e-01
-3.1042186772164221e-01	-2.9939996753972003e-02	4.0533028439657681e-01
-3.0917918585686793e-01	-3.9263730227009012e-02	3.4657704055908956e-01
-3.0765670893416380e-01	-4.8539767936180048e-02	2.8569903418224130e-01
-3.0585618257112057e-01	-5.7759721117522637e-02	2.2297419339870328e-01
-3.0377960366525231e-01	-6.6915262882231166e-02	1.5871025081741877e-01
-3.0142921825074798e-01	-7.5998135736553382e-02	9.3241530082562099e-02
-2.9880751913039549e-01	-8.5000159028730163e-02	2.6925060795605280e-02
-2.9591724328511193e-01	-9.3913236316309448e-02	-3.9863919596139545e-02
-2.9276136906376815e-01	-1.0272936264706825e-01	-1.0673699701063824e-01
-2.8934311315610017e-01	-1.1144063174718725e-01	-1.7329804539684207e-01
-2.8566592735180563e-01	-1.2003924311003339e-01	-2.3914900802391489e-01
-2.8173349508903262e-01	-1.2851750897930320e-01	-3.0389586475939828e-01
-2.7754972779566989e-01	-1.3686786122029085e-01	-3.6715464500125000e-01
-2.7311876102709154e-01	-1.4508285807304525e-01	-4.2855734089713249e-01
-2.6844495040409072e-01	-1.5315519078151238e-01	-4.8775757548367915e-01
-2.6353286735501819e-01	-1.6107769009266112e-01	-5.4443588553048405e-01
-2.5838729466625043e-01	-1.6884333261985718e-01	-5.9830448906580402e-01
-2.5301322184527469e-01	-1.7644524706487644e-01	-6.4911142242534736e-01
-2.4741584030092600e-01	-1.8387672029296104e-01	-6.9664395060844175e-01
-2.4160053834535938e-01	-1.9113120325564048e-01	-7.4073117695657631e-01
-2.3557289602257736e-01	-1.9820231675605918e-01	-7.8124580273318034e-01
-2.2933867976849115e-01	-2.0508385705170754e-01	-8.1810501302930505e-01
-2.2290383690754403e-01	-2.1176980128972772e-01	-8.5127049144722056e-01
-2.1627448999122625e-01	-2.1825431276993457e-01	-8.8074759113594447e-01
-2.0945693098376889e-01	-2.2453174603106224e-01	-9.0658371296251516e-01
-2.0245761530060319e-01	-2.3059665175573243e-01	-9.2886596201141325e-01
-1.9528315570519750e-01	-2.3644378148992556e-01	-9.4771817050005214e-01
-1.8794031606999687e-01	-2.4206809217290451e-01	-9.6329738806281340e-01
-1.8043600500743026e-01	-2.4746475047362282e-01	-9.7578994889224524e-01
-1.7277726937687271e-01	-2.5262913692998418e-01	-9.8540722935769354e-01
-1.6497128767374117e-01	-2.5755684988735539e-01	-9.9238120958125309e-01
-1.5702536330690900e-01	-2.6224370923300661e-01	-9.9695994836427049e-01
-1.4894691777063665e-01	-2.6668575992338195e-01	-9.9940307330650968e-01
-1.4074348371756321e-01	-2.7087927530113903e-01	-9.9997737754901361e-01
-1.3242269793905370e-01	-2.7482076019929735e-01	-9.9895260198585145e-01
-1.2399229425955587e-01	-2.7850695382986423e-01	-9.9659746775165536e-01
-1.1546009635153427e-01	-2.8193483245459999e-01	-9.9317600902407799e-01
-1.0683401047761301e-01	-2.8510161183577737e-01	-9.8894424136847503e-01
-9.8122018166758002e-02	-2.8800474946493704e-01	-9.8414718661693568e-01
-8.9332168831159811e-02	-2.9064194656793646e-01	-9.7901626214752735e-01
-8.0472572330742106e-02	-2.9301114988471078e-01	-9.7376703084258187e-01
-7.1551391492147481e-02	-2.9511055322242025e-01	-9.6859729827640295e-01
-6.2576834588995309e-02	-2.9693859878088447e-01	-9.6368553602128892e-01
-5.3557147790526033e-02	-2.9849397824933599e-01	-9.5918960446780588e-01
-4.4500607585389464e-02	-2.9977563367383586e-01	-9.5524574523299988e-01
-3.5415513187667710e-02	-3.0078275809482441e-01	-9.5196781199560565e-01
-2.6310178932053587e-02	-3.0151479595453590e-01	-9.4944670929207498e-01
-1.7192926665109839e-02	-3.0197144327420483e-01	-9.4775001121459612e-01
-8.0720781396788725e-03	-3.0215264760119320e-01	-9.4692173580860173e-01
1.0440525807345420e-03	-3.0205860772639465e-01	-9.4698225597523467e-01
1.0147166700567747e-02	-3.0168977317246781e-01	-9.4792833352434036e-01
1.9228988246930787e-02	-3.0104684345366944e-01	-9.4973326936309443e-01
2.8281271593602914e-02	-3.0013076710825853e-01	-9.5234716930779539e-01
3.7295808947411857e-02	-2.9894274050465713e-01	-9.5569733133805812e-01
4.6264437790241440e-02	-2.9748420642274920e-01	-9.5968876595034858e-01
5.5179048269877400e-02	-2.9575685241191529e-01	-9.6420486630488844e-01
6.4031590533016852e-02	-2.9376260892759570e-01	-9.6910824881377455e-01
7.2814081993856833e-02	-2.9150364724836542e-01	-9.7424178743718137e-01
8.1518614531594660e-02	-2.8898237717573477e-01	-9.7942986602657278e-01
9.0137361610476030e-02	-2.8620144451903629e-01	-9.8447987241541146e-01
9.8662585315877141e-02	-2.8316372836800430e-01	-9.8918395550199301e-01
1.0708664330013855e-01	-2.7987233815581192e-01	-9.9332106225614902e-01
1.1540199563195248e-01	-2.7633061051551139e-01	-9.9665926544594208e-01
1.2360121154309760e-01	-2.7254210593304773e-01	-9.9895838503802159e-01
1.3167697606650020e-01	-2.6851060520017439e-01	-9.9997289687741076e-01
1.3962209655978960e-01	-2.6424010567073142e-01	-9.9945511168616230e-01
1.4742950910835870e-01	-2.5973481732404974e-01	-9.9715859600511469e-01
1.5509228480240500e-01	-2.5499915863925315e-01	-9.9284179488246127e-01
1.6260363588225957e-01	-2.5003775228453923e-01	-9.8627180439022866e-01
1.6995692174659993e-01	-2.4485542062560625e-01	-9.7722823096991684e-01
1.7714565481826686e-01	-2.3945718105754701e-01	-9.6550706473359960e-01
1.8416350626242076e-01	-2.3384824116477190e-01	-9.5092448572966559e-01
1.9100431155210715e-01	-2.2803399371354227e-01	-9.3332051633573965e-01
1.9766207587625953e-01	-2.2202001148197387e-01	-9.1256242980948765e-01
2.0413097938541958e-01	-2.1581204193244827e-01	-8.8854782495494156e-01
2.1040538227066719e-01	-2.0941600173144070e-01	-8.6120728006807690e-01
2.1647982967119722e-01	-2.0283797112210630e-01	-8.3050650588782216e-01
2.2234905640641930e-01	-1.9608418815483875e-01	-7.9644792711321921e-01
2.2800799152839146e-01	-1.8916104278135587e-01	-7.5907163491449958e-01
2.3345176269069734e-01	-1.8207507081786556e-01	-7.1845566836306984e-01
2.3867570033003835e-01	-1.7483294778297120e-01	-6.7471560029384225e-01
2.4367534165690113e-01	-1.6744148261620398e-01	-6.2800342213570270e-01
2.4844643445198031e-01	-1.5990761128298472e-01	-5.7850574195650195e-01
2.5298494066508137e-01	-1.5223839027209696e-01	-5.2644132958095369e-01
2.5728703981349010e-01	-1.4444098999175084e-01	-4.7205806135272271e-01
2.6134913217701716e-01	-1.3652268807032222e-01	-4.1562933416631109e-01
2.6516784178697295e-01	-1.2849086256818434e-01	-3.5745003310782825e-01
2.6874001920670576e-01	-1.2035298510679665e-01	-2.9783214883696651e-01
2.7206274410137676e-01	-1.1211661392155929e-01	-2.3710014929094678e-01
2.7513332759492565e-01	-1.0378938684485035e-01	-1.7558621511533642e-01
2.7794931441236909e-01	-9.5379014225717679e-02	-1.1362544932845130e-01
2.8050848480572255e-01	-8.6893271792884266e-02	-5.1551169173923057e-02
2.8280885626211599e-01	-7.8339993467553992e-02	1.0309617864881951e-02
2.8484868499279881e-01	-6.9727064132757546e-02	7.1640460948028714e-02
2.8662646720198054e-01	-6.1062412365872350e-02	1.3213935432338281e-01
2.8814094013465069e-01	-5.2354003140968323e-02	1.9152219959513989e-01
2.8939108290268828e-01	-4.3609830507821891e-02	2.4952578904963271e-01
2.9037611708884070e-01	-3.4837910254143026e-02	3.0591027297548756e-01
2.9109550712828164e-01	-2.6046272557934035e-02	3.6046108971821250e-01
2.9154896046772116e-01	-1.7242954636612916e-02	4.1299035253806926e-01
2.9173642750221618e-01	-8.4359933996130225e-03	4.6333770167306731e-01
2.9165810129003400e-01	3.6658188872495332e-04	5.1137064292093093e-01
2.9131441704613442e-01	9.1567569293947004e-03	5.5698440521732462e-01
2.9070605141502909e-01	1.7926539685322318e-02	6.0010135887190885e-01
2.8983392152398363e-01	2.6667967647719081e-02	6.4067004321094179e-01
2.8869918381771947e-01	3.5373115065627563e-02	6.7866385733626411e-01
2.8730323267598973e-01	4.4034100131969497e-02	7.1407947060699306e-01
2.8564769881556623e-01	5.2643092119765131e-02	7.4693501041987398e-01
2.8373444747841331e-01	6.1192318461877962e-02	7.7726808409477244e-01
2.8156557640798557e-01	6.9674071767987802e-02	8.0513368940460406e-01
2.7914341361577899e-01	7.8080716772472539e-02	8.3060206478079968e-01
2.7647051494048686e-01	8.6404697206839867e-02	8.5375652575088612e-01
2.7354966140224496e-01	9.4638542590643818e-02	8.7469132899558155e-01
2.7038385635469031e-01	1.0277487493468439e-01	8.9350959980411260e-01
2.6697632243770614e-01	1.1080641535051715e-01	9.1032135289669791e-01
2.6333049833389144e-01	1.1872599056039423e-01	9.2524163077815302e-01
2.5945003533203981e-01	1.2652653930169921e-01	9.3838877816217559e-01
2.5533879370096096e-01	1.3420111862032885e-01	9.4988286570471003e-01
2.5100083887729430e-01	1.4174291004724676e-01	9.5984427141234263e-01
2.4644043747101813e-01	1.4914522565281152e-01	9.6839242372564505e-01
2.4166205309254557e-01	1.5640151397351532e-01	9.7564470646143164e-01
2.3667034200550446e-01	1.6350536580582378e-01	9.8171552255236971e-01
2.3147014860940063e-01	1.7045051986203219e-01	9.8671551084461373e-01
2.2606650075650397e-01	1.7723086828318171e-01	9.9075090808302479e-01
2.2046460490752959e-01	1.8384046200410656e-01	9.9392304659469610e-01
2.1466984113069301e-01	1.9027351596600262e-01	9.9632797703059961e-01
2.0868775794899261e-01	1.9652441417187583e-01	9.9805620479077384e-01
2.0252406704061796e-01	2.0258771458049463e-01	9.9919252838672934e-01
1.9618463779750109e-01	2.0845815383461946e-01	9.9981596793020566e-01
1.8967549174727469e-01	2.1413065181932187e-01	9.9999977212642222e-01
1.8300279684379672e-01	2.1960031604658353e-01	9.9981149254163038e-01
1.7617286163177828e-01	2.2486244586227444e-01	9.9931311446208526e-01
1.6919212929095620e-01	2.2991253647197826e-01	9.9856123432253696e-01
1.6206717156540820e-01	2.3474628278223456e-01	9.9760727441988450e-01
1.5480468258380320e-01	2.3935958305388108e-01	9.9649772641013368e-01
1.4741147257629303e-01	2.4374854236448232e-01	9.9527441588761645e-01
1.3989446149401966e-01	2.4790947587688131e-01	9.9397478114297466e-01
1.3226067253717944e-01	2.5183891191117608e-01	9.9263215997343190e-01
1.2451722559765188e-01	2.5553359481760030e-01	9.9127607916228944e-01
1.1667133062242269e-01	2.5899048764789601e-01	9.8993254194481906e-01
1.0873028090382181e-01	2.6220677462309555e-01	9.8862430942815072e-01
1.0070144630297975e-01	2.6517986339565386e-01	9.8737117252960460e-01
9.2592266412706806e-02	2.6790738710419371e-01	9.8619021153914621e-01
8.4410243666118212e-02	2.7038720621927076e-01	9.8509604089734948e-01
7.6162936397478592e-02	2.7261741017872854e-01	9.8410103721162523e-01
6.7857951861567317e-02	2.7459631881147623e-01	9.8321554891285090e-01
5.9502939218106676e-02	2.7632248354864963e-01	9.8244808628515301e-01
5.1105582487683189e-02	2.7779468842135635e-01	9.8180549088713442e-01
4.2673593485604566e-02	2.7901195084439512e-01	9.8129308362754553e-01
3.4214704740311706e-02	2.7997352218550720e-01	9.8091479096675949e-01
2.5736662402670203e-02	2.8067888811996816e-01	9.8067324889205876e-01
1.7247219152821184e-02	2.8112776877046480e-01	9.8056988446456217e-01
8.7541271109878131e-03	2.8132011863244771e-01	9.8060497486334497e-01
2.6513075870305056e-04	2.8125612628532121e-01	9.8077768396289755e-01
-8.2120401229812210e-03	2.8093621389003220e-01	9.8108607657827129e-01
-1.6669677491984520e-02	2.8036103647381860e-01	9.8152711060290454e-01
-2.5100102053878508e-02	2.7953148100306746e-01	9.8209660735186510e-01
-3.3495670234425547e-02	2.7844866524543160e-01	9.8278920051272256e-01
-4.1848781109683701e-02	2.7711393642253285e-01	9.8359826420194774e-01
-5.0151883287296167e-02	2.7552886965479106e-01	9.8451582073096289e-01
-5.8397481732853869e-02	2.7369526620007817e-01	9.8553242880696479e-01
-6.6578144535065886e-02	2.7161515148811066e-01	9.8663705303333094e-01
-7.4686509603648407e-02	2.6929077295266918e-01	9.8781691573661168e-01
-8.2715291293992327e-02	2.6672459766388601e-01	9.8905733233523951e-01
-9.0657286952475852e-02	2.6391930976309402e-01	9.9034153168219385e-01
-9.8505383376715674e-02	2.6087780770281527e-01	9.9165046306275106e-01
-1.0625256318484490e-01	2.5760320129472408e-01	9.9296259181107127e-01
-1.1389191108815901e-01	2.5409880856854666e-01	9.9425368582736362e-01
-1.2141662006155987e-01	2.5036815244502014e-01	9.9549659563131154e-01
-1.2881999740620401e-01	2.4641495722625947e-01	9.9666103097704595e-01
-1.3609547069906563e-01	2.4224314490695240e-01	9.9771333747886704e-01
-1.4323659362404251e-01	2.3785683131005231e-01	9.9861627715219170e-01
-1.5023705167945087e-01	2.3326032205075140e-01	9.9932881725656031e-01
-1.5709066775694022e-01	2.2845810833261959e-01	9.9980593233062420e-01
-1.6379140758677410e-01	2.2345486258007269e-01	9.9999842482447099e-01
-1.7033338504476561e-01	2.1825543391135266e-01	9.9985277025177410e-01
-1.7671086731621397e-01	2.1286484345637599e-01	9.9931099328964412e-01
-1.8291827991224516e-01	2.0728827952401468e-01	9.9831058173169018e-01
-1.8895021153426556e-01	2.0153109262337388e-01	9.9678444563061952e-01
-1.9480141878221582e-01	1.9559879034389249e-01	9.9466092932877670e-01
-2.0046683070256840e-01	1.8949703209913157e-01	9.9186388434352601e-01
-2.0594155317216184e-01	1.8323162373922247e-01	9.8831281122180359e-01
-2.1122087311400953e-01	1.7680851203718204e-01	9.8392307847492577e-01
-2.1630026254158180e-01	1.7023377905419285e-01	9.7860622651922113e-01
-2.2117538242798526e-01	1.6351363638930874e-01	9.7227036414852996e-01
-2.2584208639681494e-01	1.5665441931894383e-01	9.6482066441875525e-01
-2.3029642423155902e-01	1.4966258083165121e-01	9.5615996590256447e-01
-2.3453464520055051e-01	1.4254468556387906e-01	9.4618948404709380e-01
-2.3855320119475021e-01	1.3530740364230032e-01	9.3480963581675658e-01
-2.4234874967570361e-01	1.2795750443856810e-01	9.2192097891293889e-01
-2.4591815643126611e-01	1.2050185024230817e-01	9.0742526462621376e-01
-2.4925849813686612e-01	1.1294738985822161e-01	8.9122660080106264e-01
-2.5236706472019599e-01	1.0530115213335578e-01	8.7323271849772410e-01
-2.5524136152749966e-01	9.7570239420460877e-02	8.5335633275484679e-01
-2.5787911128970969e-01	8.9761820983617679e-02	8.3151658444376930e-01
-2.6027825588695974e-01	8.1883126352168323e-02	8.0764054662916118e-01
-2.6243695791012817e-01	7.3941438629143055e-02	7.8166477520193989e-01
-2.6435360201826852e-01	6.5944087760413869e-02	7.5353687993502105e-01
-2.6602679609100105e-01	5.7898443770703682e-02	7.2321708865383172e-01
-2.6745537217508192e-01	4.9811909972781565e-02	6.9067977405076042e-01
-2.6863838722459088e-01	4.1691916156062866e-02	6.5591490995165502e-01
-2.6957512363436298e-01	3.3545911760841943e-02	6.1892942171739285e-01
-2.7026508956645851e-01	2.5381359044523152e-02	5.7974839408685153e-01
-2.7070801906968800e-01	1.7205726246003965e-02	5.3841609928128109e-01
-2.7090387199236959e-01	9.0264807545634932e-03	4.9499680872569607e-01
-2.7085283368870366e-01	8.5108228948931985e-04	4.4957535340173360e-01
-2.7055531451933240e-01	-7.3130239034242400e-03	4.0225740070205046e-01
-2.7001194914683713e-01	-1.5458413832128360e-02	3.5316941974352228e-01
-2.6922359562711617e-01	-2.3577691509320844e-02	3.0245831239654231e-01
-2.6819133429777303e-01	-3.1663495667937892e-02	2.5029069374305840e-01
-2.6691646646482831e-01	-3.9708506435081510e-02	1.9685181316245765e-01
-2.6540051288924316e-01	-4.7705451958369581e-02	1.4234411559321625e-01
-2.6364521207494551e-01	-5.5647114978615388e-02	8.6985451505952174e-02
-2.6165251836019687e-01	-6.3526339343009691e-02	3.1006953477793819e-02
-2.5942459981434990e-01	-7.1336036452837190e-02	-2.5349393322267516e-02
-2.5696383594220568e-01	-7.9069191639934588e-02	-8.1833450278511063e-02
-2.5427281519832734e-01	-8.6718870466246767e-02	-1.3818984910853513e-01
-2.5135433231390991e-01	-9.4278224940659280e-02	-1.9416108769432308e-01
-2.4821138543887863e-01	-1.0174049964769986e-01	-2.4949073906621486e-01
-2.4484717310213922e-01	-1.0909903778251209e-01	-3.0392670987478304e-01
-2.4126509099301741e-01	-1.1634728708675313e-01	-3.5722448170320370e-01
-2.3746872856707915e-01	-1.2347880568015764e-01	-4.0915026753439776e-01
-2.3346186547973805e-01	-1.3048726778249495e-01	-4.5948401668131261e-01
-2.2924846785111722e-01	-1.3736646932094210e-01	-5.0802220452352198e-01
-2.2483268436587744e-01	-1.4411033341782098e-01	-5.5458034838394243e-01
-2.2021884221180926e-01	-1.5071291575388437e-01	-5.9899519766810649e-01
-2.1541144286112016e-01	-1.5716840980245528e-01	-6.4112655473276525e-01
-2.1041515769857808e-01	-1.6347115192971906e-01	-6.8085869254626408e-01
-2.0523482350064257e-01	-1.6961562635683386e-01	-7.1810134569799056e-01
-1.9987543777004138e-01	-1.7559646997937928e-01	-7.5279026231331370e-01
-1.9434215393022566e-01	-1.8140847704001772e-01	-7.8488731553663860e-01
-1.8864027638429887e-01	-1.8704660365031092e-01	-8.1438018405403911e-01
-1.8277525544318884e-01	-1.9250597215772505e-01	-8.4128162126491235e-01
-1.7675268212787926e-01	-1.9778187535407998e-01	-8.6562834184452131e-01
-1.7057828285061813e-01	-2.0286978052184673e-01	-8.8747956228469893e-01
-1.6425791398022316e-01	-2.0776533331476349e-01	-9.0691523834426269e-01
-1.5779755629654887e-01	-2.1246436146953609e-01	-9.2403404704372871e-01
-1.5120330933942602e-01	-2.1696287834541333e-01	-9.3895116383275545e-01
-1.4448138565739732e-01	-2.2125708628866433e-01	-9.5179588685438510e-01
-1.3763810496158674e-01	-2.2534337981918628e-01	-9.6270915990463202e-01
-1.3067988819033741e-01	-2.2921834863649368e-01	-9.7184104387862669e-01
-1.2361325149004655e-01	-2.3287878044269683e-01	-9.7934818339699714e-01
-1.1644480011793304e-01	-2.3632166358009271e-01	-9.8539131114450618e-01
-1.0918122227240416e-01	-2.3954418948125211e-01	-9.9013282748184450e-01
-1.0182928285674589e-01	-2.4254375492965136e-01	-9.9373448737404357e-01
-9.4395817182033076e-02	-2.4531796412902090e-01	-9.9635522087836559e-01
-8.6887724615015802e-02	-2.4786463057984623e-01	-9.9814910760088427e-01
-7.9311962176964568e-02	-2.5018177876155329e-01	-9.9926351989120887e-01
-7.1675538099398806e-02	-2.5226764561913789e-01	-9.9983744429643984e-01
-6.3985505342575980e-02	-2.5412068185319414e-01	-9.9999998609944774e-01
-5.6248955082895284e-02	-2.5573955301240564e-01	-9.9986905774511681e-01
-4.8473010175066743e-02	-2.5712314038784134e-01	-9.9955024869293951e-01
-4.0664818595184019e-02	-2.5827054170850200e-01	-9.9913587176668950e-01
-3.2831546870696726e-02	-2.5918107163779114e-01	-9.9870417940545142e-01
-2.4980373503283186e-02	-2.5985426207075546e-01	-9.9831874232362594e-01
-1.7118482390751616e-02	-2.6028986223211115e-01	-9.9802798289860806e-01
-9.2530562538866417e-03	-2.6048783857527663e-01	-9.9786485603546926e-01
-1.3912700743476595e-03	-2.6044837448279423e-01	-9.9784667119904269e-01
6.4597154504266001e-03	-2.6017186976871920e-01	-9.9797505063031944e-01
1.4292760429351689e-02	-2.5965893998372724e-01	-9.9823602034044212e-01
2.2100752270891717e-02	-2.5891041552387550e-01	-9.9860023216073124e-01
2.9876612141446098e-02	-2.5792734054412669e-01	-9.9902331677941636e-01
3.7613301383027598e-02	-2.5671097167792906e-01	-9.9944636917760399e-01
4.5303827884428466e-02	-2.5526277656431878e-01	-9.9979656905981606e-01
5.2941252400147604e-02	-2.5358443218417603e-01	-9.9998793964265698e-01
6.0518694811277814e-02	-2.5167782300746333e-01	-9.9992224842061606e-01
6.8029340322813145e-02	-2.4954503895340938e-01	-9.9949005319374218e-01
7.5466445591704456e-02	-2.4718837316580786e-01	-9.9857189566565874e-01
8.2823344780190128e-02	-2.4461031960574445e-01	-9.9703964327769135e-01
9.0093455529006522e-02	-2.4181357046421831e-01	-9.9475797764141072e-01
9.7270284845019608e-02	-2.3880101339734056e-01	-9.9158602500518578e-01
1.0434743489816839e-01	-2.3557572858685530e-01	-9.8737912071001488e-01
1.1131860872239147e-01	-2.3214098562899868e-01	-9.8199069565767605e-01
1.1817761581554605e-01	-2.2850024025477828e-01	-9.7527426856100286e-01
1.2491837763335296e-01	-2.2465713088492226e-01	-9.6708552332948727e-01
1.3153493297241761e-01	-2.2061547502294851e-01	-9.5728444654229816e-01
1.3802144323765969e-01	-2.1637926548985284e-01	-9.4573749576848753e-01
1.4437219758942157e-01	-2.1195266650415237e-01	-9.3231976571220443e-01
1.5058161796575550e-01	-2.0734000961109514e-01	-9.1691711598795567e-01
1.5664426397550932e-01	-2.0254578946497162e-01	-8.9942822195615602e-01
1.6255483765783380e-01	-1.9757465946868411e-01	-8.7976650864072659e-01
1.6830818810408532e-01	-1.9243142727468965e-01	-8.5786192744508316e-01
1.7389931593796853e-01	-1.8712105015174973e-01	-8.3366253628226306e-01
1.7932337765010484e-01	-1.8164863022188543e-01	-8.0713584589081999e-01
1.8457568978328426e-01	-1.7601940957208698e-01	-7.7826989852567519e-01
1.8965173296473356e-01	-1.7023876524551110e-01	-7.4707404984194603e-01
1.9454715578201595e-01	-1.6431220411686415e-01	-7.1357943052464945e-01
1.9925777849918799e-01	-1.5824535765690964e-01	-6.7783907090555107e-01
2.0377959661008044e-01	-1.5204397659104416e-01	-6.3992767924713800e-01
2.0810878422571488e-01	-1.4571392545697165e-01	-5.9994107232577898e-01
2.1224169729296988e-01	-1.3926117706666818e-01	-5.5799526514575681e-01
2.1617487664181592e-01	-1.3269180687785287e-01	-5.1422523477998094e-01
2.1990505085863912e-01	-1.2601198728018620e-01	-4.6878338117767704e-01
2.2342913898320016e-01	-1.1922798180170070e-01	-4.2183771503193990e-01
2.2674425302711601e-01	-1.1234613924075901e-01	-3.7356980920394534e-01
2.2984770031177376e-01	-1.0537288772912788e-01	-3.2417255554522539e-01
2.3273698562383485e-01	-9.8314728731683065e-02	-2.7384777306555086e-01
2.3540981318664919e-01	-9.1178230988307754e-02	-2.2280371614260505e-01
2.3786408844602208e-01	-8.3970024403709986e-02	-1.7125253279415215e-01
2.4009791966902602e-01	-7.6696793890739606e-02	-1.1940772292119008e-01
2.4210961935464853e-01	-6.9365273173003533e-02	-6.7481644932586266e-02
2.4389770545529052e-01	-6.1982238552489778e-02	-1.5683116370965217e-02
2.4546090240829671e-01	-5.4554502647928022e-02	3.5784849777931470e-02
2.4679814197684169e-01	-4.7088908109779469e-02	8.6727136314585604e-02
2.4790856389973440e-01	-3.9592321317496224e-02	1.3695840948435933e-01
2.4879151634980678e-01	-3.2071626065011793e-02	1.8630477815832747e-01
2.4944655620078646e-01	-2.4533717240182124e-02	2.3460520614383093e-01
2.4987344910270448e-01	-1.6985494503965214e-02	2.8171266582804239e-01
2.5007216936605986e-01	-9.4338559752188064e-03	3.2749502782476991e-01
2.5004289965515469e-01	-1.8856919267896950e-03	3.7183568744375523e-01
2.4978603049117284e-01	5.6521215012557136e-03	4.1463393446450864e-01
2.4930215956575952e-01	1.3172728565559148e-02	4.5580507774512041e-01
2.4859209086602330e-01	2.0669300154889218e-02	4.9528034052869113e-01
2.4765683361206520e-01	2.8135039991270167e-02	5.3300654586156704e-01
2.4649760100829107e-01	3.5563190791348953e-02	5.6894561428032486e-01
2.4511580880995626e-01	4.2947040382255802e-02	6.0307389785284282e-01
2.4351307370654190e-01	5.0279927766511828e-02	6.3538137580646203e-01
2.4169121152372561e-01	5.7555249130517051e-02	6.6587073738896052e-01
2.3965223524589671e-01	6.4766463791116280e-02	6.9455637735689946e-01
2.3739835286129027e-01	7.1907100074992292e-02	7.2146332865477791e-01
2.3493196503201286e-01	7.8970761125516056e-02	7.4662615552593870e-01
2.3225566259136726e-01	8.5951130631879660e-02	7.7008782858101787e-01
2.2937222387102787e-01	9.2841978475414672e-02	7.9189860133567702e-01
2.2628461186081564e-01	9.9637166287970799e-02	8.1211490550904342e-01
2.2299597120391174e-01	1.0633065291747701e-01	8.3079828003500722e-01
2.1950962503053559e-01	1.1291649979578745e-01	8.4801434635611295e-01
2.1582907163326304e-01	1.1938887620401439e-01	8.6383184021344295e-01
2.1195798098724372e-01	1.2574206443076119e-01	8.7832170787250552e-01
2.0790019111880498e-01	1.3197046481859989e-01	8.9155627257981196e-01
2.0365970432595867e-01	1.3806860069443780e-01	9.0360847506451814e-01
1.9924068325455555e-01	1.4403112317936187e-01	9.1455119010739983e-01
1.9464744683389798e-01	1.4985281587377255e-01	9.2445661961273917e-01
1.8988446607573795e-01	1.5552859941373695e-01	9.3339576124378154e-01
1.8495635974078356e-01	1.6105353589451885e-01	9.4143795051964352e-01
1.7986788987683275e-01	1.6642283315752340e-01	9.4865047331576913e-01
1.7462395723288329e-01	1.7163184893687733e-01	9.5509824494991280e-01
1.6922959655361505e-01	1.7667609486208058e-01	9.6084355145820122e-01
1.6368997175868785e-01	1.8155124031334799e-01	9.6594584825420249e-01
1.5801037101156987e-01	1.8625311612623177e-01	9.7046161110018514e-01
1.5219620168248388e-01	1.9077771814247685e-01	9.7444423418597115e-01
1.4625298521033639e-01	1.9512121060402535e-01	9.7794397008754841e-01
1.4018635186847814e-01	1.9927992938733652e-01	9.8100790644766001e-01
1.3400203543921840e-01	2.0325038507532991e-01	9.8367997436643884e-01
1.2770586780219564e-01	2.0702926586434603e-01	9.8600098369610900e-01
1.2130377344161855e-01	2.1061344030378149e-01	9.8800868068567327e-01
1.1480176387761457e-01	2.1399995986610873e-01	9.8973782370631513e-01
1.0820593202690465e-01	2.1718606134520677e-01	9.9122027309510663e-01
1.0152244649801560e-01	2.2016916908111703e-01	9.9248509147387720e-01
9.4757545826482756e-02	2.2294689700940093e-01	9.9355865122375475e-01
8.7917532655354846e-02	2.2551705053354426e-01	9.9446474611761526e-01
8.1008767866411382e-02	2.2787762821897650e-01	9.9522470442710587e-01
7.4037664667632092e-02	2.3002682330741081e-01	9.9585750112421190e-01
6.7010682642314690e-02	2.3196302505044084e-01	9.9637986708668624e-01
5.9934321765442021e-02	2.3368481986143513e-01	9.9680639349008637e-01
5.2815116392807351e-02	2.3519099228497950e-01	9.9714962982571043e-01
4.5659629228417875e-02	2.3648052578327916e-01	9.9742017422299456e-01
3.8474445275848326e-02	2.3755260333907485e-01	9.9762675497723052e-01
3.1266165778967819e-02	2.3840660787484716e-01	9.9777630238955728e-01
2.4041402157765762e-02	2.3904212248819265e-01	9.9787401021723476e-01
1.6806769944763416e-02	2.3945893050347375e-01	9.9792338620976084e-01
9.5688827275577856e-03	2.3965701533998879e-01	9.9792629137216604e-01
2.3343461031258331e-03	2.3963656019707746e-01	9.9788296775277463e-01
-4.8902483506866870e-03	2.3939794755675389e-01	9.9779205470090038e-01
-1.2098329080904777e-02	2.3894175850461616e-01	9.9765059368247244e-01
-1.9283350536954378e-02	2.3826877186995629e-01	9.9745402188059062e-01
-2.6438799114579737e-02	2.3737996318614793e-01	9.9719615494557912e-01
-3.3558199060665816e-02	2.3627650347256737e-01	9.9686915939724929e-01
-4.0635118333714200e-02	2.3495975783944667e-01	9.9646351532265920e-01
-4.7663174414587985e-02	2.3343128391723647e-01	9.9596797015736815e-01
-5.4636040062290579e-02	2.3169283011220879e-01	9.9536948448847928e-01
-6.1547449009670699e-02	2.2974633369016528e-01	9.9465317097481543e-01
-6.8391201593778234e-02	2.2759391869032300e-01	9.9380222764426329e-01
-7.5161170315961090e-02	2.2523789367153621e-01	9.9279786700105166e-01
-8.1851305326615706e-02	2.2268074929322204e-01	9.9161924255658429e-01
-8.8455639829720031e-02	2.1992515573347382e-01	9.9024337458588640e-01
-9.4968295402352895e-02	2.1697395994698312e-01	9.8864507710670546e-01
-1.0138348722438159e-01	2.1383018276558305e-01	9.8679688827818490e-01
-1.0769552921376052e-01	2.1049701584429181e-01	9.8466900661832990e-01
-1.1389883906281080e-01	2.0697781845594579e-01	9.8222923564120701e-01
-1.1998794317103728e-01	2.0327611413761001e-01	9.7944293971190755e-01
-1.2595748147020056e-01	1.9939558719204534e-01	9.7627301410498890e-01
-1.3180221213726337e-01	1.9534007904775638e-01	9.7267987242485709e-01
-1.3751701619120316e-01	1.9111358448111754e-01	9.6862145469748273e-01
-1.4309690196957620e-01	1.8672024770432621e-01	9.6405325956489352e-01
-1.4853700948095738e-01	1.8216435832297609e-01	9.5892840409839819e-01
-1.5383261462949246e-01	1.7745034716715397e-01	9.5319771478461612e-01
-1.5897913330783450e-01	1.7258278200014798e-01	9.4680985322045386e-01
-1.6397212535500355e-01	1.6756636310884368e-01	9.3971147996874327e-01
-1.6880729837570124e-01	1.6240591878010291e-01	9.3184745986540929e-01
-1.7348051141781945e-01	1.5710640066745990e-01	9.2316111182103244e-01
-1.7798777850505915e-01	1.5167287905250698e-01	9.1359450581475365e-01
-1.8232527202155785e-01	1.4611053800560303e-01	9.0308880932804259e-01
-1.8648932594576689e-01	1.4042467045040335e-01	8.9158468490123954e-01
-1.9047643893079425e-01	1.3462067313697720e-01	8.7902273981243173e-01
-1.9428327722866809e-01	1.2870404152825266e-01	8.6534402807168564e-01
-1.9790667745611445e-01	1.2268036460459740e-01	8.5049060399423204e-01
-2.0134364919953149e-01	1.1655531959150951e-01	8.3440612556741822e-01
-2.0459137745709147e-01	1.1033466661530220e-01	8.1703650466491873e-01
-2.0764722491595888e-01	1.0402424329187759e-01	7.9833059990156319e-01
-2.1050873406282974e-01	9.7629959253641124e-02	7.7824094657958509e-01
-2.1317362912614632e-01	9.1157790619655107e-02	7.5672451677608410e-01
-2.1563981784846220e-01	8.4613774414253023e-02	7.3374350119096698e-01
-2.1790539308762488e-01	7.8004002939315836e-02	7.0926610294836201e-01
-2.1996863424562119e-01	7.1334618105376113e-02	6.8326733216235702e-01
-2.2182800852401269e-01	6.4611805726960833e-02	6.5572978878534793e-01
-2.2348217200515155e-01	5.7841789787330213e-02	6.2664442009933730e-01
-2.2492997055844444e-01	5.1030826678024534e-02	5.9601123824113278e-01
-2.2617044057114183e-01	4.4185199418514974e-02	5.6383998241952427e-01
-2.2720280950328220e-01	3.7311211861265105e-02	5.3015071003806036e-01
-2.2802649626656415e-01	3.0415182887627432e-02	4.9497430082826266e-01
-2.2864111142711357e-01	2.3503440599821436e-02	4.5835285836479012e-01
-2.2904645723224470e-01	1.6582316514408543e-02	4.2033999401332589e-01
-2.2924252746149462e-01	9.6581397625789614e-03	3.8100097947502776e-01
-2.2922950710236883e-01	2.7372313024810750e-03	3.4041275565142781e-01
-2.2900777185138563e-01	-4.1741018509675390e-03	2.9866378756033396e-01
-2.2857788744117960e-01	-1.1069572373666736e-02	2.5585375746429539e-01
-2.2794060879457628e-01	-1.7942918351979253e-02	2.1209309120036202e-01
-2.2709687900670994e-01	-2.4787908969267778e-02	1.6750231586696515e-01
-2.2604782815640739e-01	-3.1598350154191802e-02	1.2221125046631301e-01
-2.2479477194822922e-01	-3.8368090185563399e-02	7.6358034736102337e-02
-2.2333921018669126e-01	-4.5091025248786984e-02	3.0088005134154078e-02
-2.2168282508436485e-01	-5.1761104938787383e-02	-1.6447569338183525e-02
-2.1982747940569355e-01	-5.8372337704478999e-02	-6.3092875190381564e-02
-2.1777521444849163e-01	-6.4918796229955694e-02	-1.0968904673216305e-01
-2.1552824786528973e-01	-7.1394622747427985e-02	-1.5607573994666185e-01
-2.1308897132676649e-01	-7.7794034277287233e-02	-2.0209276275056817e-01
-2.1045994802970816e-01	-8.4111327790513890e-02	-2.4758173445136056e-01
-2.0764391005204361e-01	-9.0340885288858322e-02	-2.9238774585726912e-01
-2.0464375555763112e-01	-9.6477178798299479e-02	-3.3636099083687943e-01
-2.0146254585365356e-01	-1.0251477527127188e-01	-3.7935834020017500e-01
-1.9810350230353899e-01	-1.0844834139340484e-01	-4.2124482959644094e-01
-1.9457000309852254e-01	-1.1427264829045125e-01	-4.6189503467878740e-01
-1.9086557989104655e-01	-1.1998257613128629e-01	-5.0119430903429152e-01
-1.8699391429330733e-01	-1.2557311862295728e-01	-5.3903986325520303e-01
-1.8295883424445111e-01	-1.3103938739375981e-01	-5.7534166694281852e-01
-1.7876431024990261e-01	-1.3637661626062919e-01	-6.1002315928789574e-01
-1.7441445149657983e-01	-1.4158016537700838e-01	-6.4302175803353812e-01
-1.6991350184773590e-01	-1.4664552525765803e-01	-6.7428916097368030e-01
-1.6526583572130107e-01	-1.5156832067693304e-01	-7.0379143853335502e-01
-1.6047595385576374e-01	-1.5634431443710647e-01	-7.3150892028444892e-01
-1.5554847896761007e-01	-1.6096941100357845e-01	-7.5743588234766190e-01
-1.5048815130455190e-01	-1.6543966000380253e-01	-7.8158004640069267e-01
-1.4529982409878844e-01	-1.6975125958697859e-01	-8.0396190435908310e-01
-1.3998845892462200e-01	-1.7390055964168943e-01	-8.2461388563899563e-01
-1.3455912096493522e-01	-1.7788406486871067e-01	-8.4357938619376049e-01
-1.2901697419092409e-01	-1.8169843770651445e-01	-8.6091168020604136e-01
-1.2336727645977719e-01	-1.8534050110694672e-01	-8.7667273640122823e-01
-1.1761537453488537e-01	-1.8880724115884170e-01	-8.9093196144006814e-01
-1.1176669903327893e-01	-1.9209580955743297e-01	-9.0376489277876881e-01
-1.0582675930512431e-01	-1.9520352591752219e-01	-9.1525186280352577e-01
-9.9801138250021626e-02	-1.9812787992860453e-01	-9.2547665501800114e-01
-9.3695487075043118e-02	-2.0086653335020599e-01	-9.3452517166011262e-01
-8.7515519999403074e-02	-2.0341732184589947e-01	-9.4248413043150070e-01
-8.1267008910684196e-02	-2.0577825665460792e-01	-9.4943980612277445e-01
-7.4955777977704155e-02	-2.0794752609790870e-01	-9.5547683089410096e-01
-6.8587698224916310e-02	-2.0992349692229570e-01	-9.6067706490406080e-01
-6.2168682073527243e-02	-2.1170471547540345e-01	-9.6511854694159804e-01
-5.5704677854332058e-02	-2.1328990871543624e-01	-9.6887453277081359e-01
-4.9201664297347777e-02	-2.1467798505316729e-01	-9.7201262709749248e-01
-4.2665645003399297e-02	-2.1586803502601559e-01	-9.7459401344989305e-01
-3.6102642902741844e-02	-2.1685933180388686e-01	-9.7667278486140297e-01
-2.9518694705802342e-02	-2.1765133152661478e-01	-9.7829537706307390e-01
-2.2919845351229099e-02	-2.1824367347297766e-01	-9.7950010494149953e-01
-1.6312142456262429e-02	-2.1863618006144675e-01	-9.8031680228229601e-01
-9.7016307745982893e-03	-2.1882885668295327e-01	-9.8076656428140241e-01
-3.0943466667894058e-03	-2.1882189136613109e-01	-9.8086159193718714e-01
3.5036874117703653e-03	-2.1861565427563809e-01	-9.8060513720046216e-01
1.0086468400214153e-02	-2.1821069704431406e-01	-9.7999154761688512e-01
1.6648018093950334e-02	-2.1760775194008200e-01	-9.7900640910388459e-01
2.3182388573790576e-02	-2.1680773086865451e-01	-9.7762678541848536e-01
2.9683667597539803e-02	-2.1581172421325479e-01	-9.7582155275074611e-01
3.6145983949194549e-02	-2.1462099951270222e-01	-9.7355182768067827e-01
4.2563512740833316e-02	-2.1323699997937720e-01	-9.7077148643022493e-01
4.8930480662503370e-02	-2.1166134285869778e-01	-9.6742777289828763e-01
5.5241171175296151e-02	-2.0989581763191198e-01	-9.6346199236634555e-01
6.1489929642972084e-02	-2.0794238406413351e-01	-9.5881028699407544e-01
6.7671168397560766e-02	-2.0580317009968002e-01	-9.5340448828793822e-01
7.3779371734308569e-02	-2.0348046960694979e-01	-9.4717304063073227e-01
7.9809100831642263e-02	-2.0097673997513671e-01	-9.4004198872639499e-01
8.5754998591629522e-02	-1.9829459956530074e-01	-9.3193602047279489e-01
9.1611794396704929e-02	-1.9543682501837589e-01	-9.2277955536485134e-01
9.7374308778449714e-02	-1.9240634842283699e-01	-9.1249786709942260e-01
1.0303745799422633e-01	-1.8920625434491409e-01	-9.0101822765645267e-01
1.0859625850770994e-01	-1.8583977672428953e-01	-8.8827105882636104e-01
1.1404583136930393e-01	-1.8231029563840834e-01	-8.7419107600376600e-01
1.1938140649262181e-01	-1.7862133393860047e-01	-8.5871840813246036e-01
1.2459832682331951e-01	-1.7477655376131696e-01	-8.4179967702452319e-01
1.2969205239656303e-01	-1.7077975291796646e-01	-8.2338901894002303e-01
1.3465816427971575e-01	-1.6663486116681134e-01	-8.0344903134537093e-01
1.3949236839671664e-01	-1.6234593637064193e-01	-7.8195162820296493e-01
1.4419049923091265e-01	-1.5791716054392596e-01	-7.5887878799970621e-01
1.4874852340316724e-01	-1.5335283579325476e-01	-7.3422318000433717e-01
1.5316254312212979e-01	-1.4865738015506177e-01	-7.0798865594261662e-01
1.5742879950379232e-01	-1.4383532333456364e-01	-6.8019059636768564e-01
1.6154367575746484e-01	-1.3889130235007241e-01	-6.5085610344083866e-01
1.6550370023550692e-01	-1.3383005708683574e-01	-6.2002403456682109e-01
1.6930554934427755e-01	-1.2865642576463213e-01	-5.8774487428001387e-01
1.7294605031383267e-01	-1.2337534032350407e-01	-5.5408044487443175e-01
1.7642218382413985e-01	-1.1799182173194674e-01	-5.1910345942288250e-01
1.7973108648560107e-01	-1.1251097522208196e-01	-4.8289692395141270e-01
1.8287005317191499e-01	-1.0693798545627108e-01	-4.4555339852980413e-01
1.8583653920338303e-01	-1.0127811162975844e-01	-4.0717412982276185e-01
1.8862816237891428e-01	-9.5536682513993498e-02	-3.6786807013656220e-01
1.9124270485517195e-01	-8.9719091445233337e-02	-3.2775080012085511e-01
1.9367811487137943e-01	-8.3830791263197368e-02	-2.8694337398850472e-01
1.9593250831849929e-01	-7.7877289204493605e-02	-2.4557110735090706e-01
1.9800417015163763e-01	-7.1864141755566463e-02	-2.0376232850638579e-01
1.9989155564463634e-01	-6.5796949470042901e-02	-1.6164711425431666e-01
2.0159329148602209e-01	-5.9681351755224071e-02	-1.1935603104110645e-01
2.0310817671557055e-01	-5.3523021632640437e-02	-7.7018901502068624e-02
2.0443518350092701e-01	-4.7327660477525915e-02	-3.4763615278745892e-02
2.0557345775387989e-01	-4.1100992742014328e-02	7.2849985843463534e-03
2.0652231958598535e-01	-3.4848760667071307e-02	4.9006222264599567e-02
2.0728126360345114e-01	-2.8576718987914543e-02	9.0284409580795644e-02
2.0784995904128625e-01	-2.2290629637893872e-02	1.3100984534027041e-01
2.0822824973689957e-01	-1.5996256455672639e-02	1.7107949522667867e-01
2.0841615394346888e-01	-9.6993599005448673e-03	2.1039764036450162e-01
2.0841386398354500e-01	-3.4056917807867349e-03	2.4887639319387231e-01
2.0822174574351079e-01	2.8790100001601878e-03	2.8643609369853262e-01
2.0784033800965251e-01	9.1490266749076048e-03	3.2300558729282630e-01
2.0727035164675250e-01	1.5398663815880101e-02	3.5852238774282846e-01
2.0651266862024614e-01	2.1622256507013608e-02	3.9293273033702120e-01
2.0556834086313991e-01	2.7814174478562718e-02	4.2619152210071864e-01
2.0443858898902093e-01	3.3968827200436841e-02	4.5826219715393202e-01
2.0312480085262316e-01	4.0080668929468731e-02	4.8911648633228660e-01
2.0162852995957151e-01	4.6144203705989324e-02	5.1873411092781196e-01
1.9995149372703314e-01	5.2153990295294439e-02	5.4710241087131706e-01
1.9809557159716856e-01	5.8104647069488605e-02	5.7421591788377035e-01
1.9606280300539022e-01	6.3990856825356643e-02	6.0007588409517365e-01
1.9385538520555845e-01	6.9807371533977897e-02	6.2468977638957912e-01
1.9147567095440687e-01	7.5549017017775749e-02	6.4807074631299300e-01
1.8892616605756901e-01	8.1210697550902086e-02	6.7023708480840460e-01
1.8620952677973343e-01	8.6787400378841445e-02	6.9121167034775099e-01
1.8332855712157728e-01	9.2274200153201799e-02	7.1102141824575971e-01
1.8028620596620540e-01	9.7666263277838589e-02	7.2969673809391378e-01
1.7708556409800483e-01	1.0295885216239901e-01	7.4727100536955304e-01
1.7372986109685723e-01	1.0814732937962825e-01	7.6378005238149738e-01
1.7022246211083666e-01	1.1322716172272991e-01	7.7926168282831787e-01
1.6656686451057934e-01	1.1819392415926368e-01	7.9375521338843535e-01
1.6276669442860903e-01	1.2304330367815976e-01	8.0730104494609611e-01
1.5882570318706354e-01	1.2777110302645517e-01	8.1994026529581576e-01
1.5474776361726866e-01	1.3237324433259157e-01	8.3171428446947382e-01
1.5053686627479312e-01	1.3684577261310069e-01	8.4266450319946429e-01
1.4619711555366191e-01	1.4118485915968346e-01	8.5283201447279966e-01
1.4173272570344414e-01	1.4538680480384478e-01	8.6225733764534440e-01
1.3714801675315549e-01	1.4944804305621870e-01	8.7098018417143330e-01
1.3244741034581306e-01	1.5336514311802682e-01	8.7903925366100721e-01
1.2763542548770990e-01	1.5713481276207916e-01	8.8647205869899970e-01
1.2271667421646176e-01	1.6075390108093873e-01	8.9331477664705350e-01
1.1769585719194441e-01	1.6421940109999020e-01	8.9960212648987825e-01
1.1257775921438427e-01	1.6752845225322291e-01	9.0536726868238337e-01
1.0736724467379689e-01	1.7067834271976376e-01	9.1064172589383674e-01
1.0206925293514922e-01	1.7366651161923541e-01	9.1545532252539530e-01
9.6688793663608455e-02	1.7649055106419914e-01	9.1983614089247701e-01
9.1230942094232312e-02	1.7914820806810200e-01	9.2381049200795284e-01
8.5700834250673444e-02	1.8163738630718615e-01	9.2740289897091210e-01
8.0103662117284480e-02	1.8395614773508154e-01	9.3063609105473843e-01
7.4444668769235445e-02	1.8610271404883769e-01	9.3353100669255351e-01
6.8729143465180095e-02	1.8807546800534722e-01	9.3610680367464283e-01
6.2962416707033009e-02	1.8987295458724560e-01	9.3838087499768041e-01
5.7149855271535890e-02	1.9149388201748133e-01	9.4036886893671423e-01
5.1296857218160588e-02	1.9293712262194143e-01	9.4208471204574384e-01
4.5408846878054923e-02	1.9420171353961119e-01	9.4354063392917142e-01
3.9491269828671231e-02	1.9528685727991524e-01	9.4474719276310271e-01
3.3549587858662279e-02	1.9619192212703718e-01	9.4571330068111925e-01
2.7589273927823638e-02	1.9691644239111500e-01	9.4644624827282575e-01
2.1615807126607597e-02	1.9746011850640366e-01	9.4695172757475043e-01
1.5634667639936508e-02	1.9782281697659607e-01	9.4723385306147223e-01
9.6513317199134734e-03	1.9800457016765641e-01	9.4729518027015314e-01
3.6712666720136737e-03	1.9800557594865295e-01	9.4713672181384845e-01
-2.3000741405829936e-03	1.9782619718121491e-01	9.4675796065817708e-01
-8.2572562700378611e-03	1.9746696105838038e-01	9.4615686065233318e-01
-1.4194869129672522e-02	1.9692855829373734e-01	9.4532987441919247e-01
-2.0107530908088186e-02	1.9621184216189858e-01	9.4427194882065535e-01
-2.5989893447147142e-02	1.9531782739148046e-01	9.4297652832352175e-01
-3.1836647079347462e-02	1.9424768891189811e-01	9.4143555669828116e-01
-3.7642525420224733e-02	1.9300276045541967e-01	9.3963947758821786e-01
-4.3402310111524060e-02	1.9158453301603687e-01	9.3757723458907138e-01
-4.9110835510747096e-02	1.8999465316687539e-01	9.3523627158003142e-01
-5.4762993322983976e-02	1.8823492123794791e-01	9.3260253414445859e-01
-6.0353737170792919e-02	1.8630728935622123e-01	9.2966047301306587e-01
-6.5878087098071275e-02	1.8421385935006832e-01	9.2639305055230370e-01
-7.1331134003925142e-02	1.8195688052029074e-01	9.2278175140543894e-01
-7.6708044002526884e-02	1.7953874728005317e-01	9.1880659847203827e-01
-8.2004062705168551e-02	1.7696199666613141e-01	9.1444617548148288e-01
-8.7214519420658568e-02	1.7422930572404566e-01	9.0967765747628171e-01
-9.2334831270365833e-02	1.7134348876973526e-01	9.0447685056892602e-01
-9.7360507214350328e-02	1.6830749453050878e-01	8.9881824236967001e-01
-1.0228715198493743e-01	1.6512440316819996e-01	8.9267506449964873e-01
-1.0711046992440550e-01	1.6179742318744667e-01	8.8601936860087838e-01
-1.1182626872336687e-01	1.5832988823221061e-01	8.7882211722986736e-01
-1.1643046305662313e-01	1.5472525377369789e-01	8.7105329097121797e-01
-1.2091907811336955e-01	1.5098709369292870e-01	8.6268201302917469e-01
-1.2528825301865276e-01	1.4711909676135720e-01	8.5367669244583444e-01
-1.2953424414321060e-01	1.4312506302293596e-01	8.4400518695151749e-01
-1.3365342829881577e-01	1.3900890008119587e-01	8.3363498627401755e-01
-1.3764230581641840e-01	1.3477461929494772e-01	8.2253341651644374e-01
-1.4149750350453369e-01	1.3042633188624345e-01	8.1066786595705032e-01
-1.4521577748530046e-01	1.2596824496444695e-01	7.9800603232860834e-01
-1.4879401590592919e-01	1.2140465747015661e-01	7.8451619129843775e-01
-1.5222924152323214e-01	1.1673995604294073e-01	7.7016748549597169e-01
-1.5551861415913035e-01	1.1197861081682420e-01	7.5493023302353257e-01
-1.5865943302514837e-01	1.0712517114752358e-01	7.3877625394225543e-01
-1.6164913891397900e-01	1.0218426127556066e-01	7.2167921275381430e-01
-1.6448531625641208e-01	9.7160575929313001e-02	7.0361497440534215e-01
-1.6716569504196480e-01	9.2058875872231147e-02	6.8456197083901271e-01
-1.6968815260173487e-01	8.6883983398416686e-02	6.6450157459723636e-01
-1.7205071525212351e-01	8.1640777780789472e-02	6.4341847549103703e-01
-1.7425155979815699e-01	7.6334190676210376e-02	6.2130105585546036e-01
-1.7628901489535811e-01	7.0969201491771813e-02	5.9814175946366455e-01
-1.7816156226914664e-01	6.5550832716715524e-02	5.7393744876773056e-01
-1.7986783779096344e-01	6.0084145224289412e-02	5.4868974479104793e-01
-1.8140663241041682e-01	5.4574233547923477e-02	5.2240534373189795e-01
-1.8277689294286542e-01	4.9026221136192857e-02	4.9509630416487171e-01
-1.8397772271202850e-01	4.3445255590907984e-02	4.6678029865898746e-01
-1.8500838204730702e-01	3.7836503892820401e-02	4.3748082368399688e-01
-1.8586828863566243e-01	3.2205147619345023e-02	4.0722736185796543e-01
-1.8655701772802788e-01	2.6556378158694448e-02	3.7605549090975782e-01
-1.8707430220034554e-01	2.0895391924926725e-02	3.4400693419530914e-01
-1.8742003246948874e-01	1.5227385578197146e-02	3.1112954821613303e-01
-1.8759425626442536e-01	9.5575512547290790e-03	2.7747724334442231e-01
-1.8759717825314101e-01	3.8910718108159745e-03	2.4310983485031332e-01
-1.8742915952595765e-01	-1.7668839148001962e-03	2.0809282234607754e-01
-1.8709071693601878e-01	-7.4111658157793806e-03	1.7249709689262668e-01
-1.8658252229784142e-01	-1.3036647206042085e-02	1.3639857623425050e-01
-1.8590540144496709e-01	-1.8638229476302434e-02	9.9877769916937018e-02
-1.8506033314787085e-01	-2.4210846715073016e-02	6.3019277372853080e-02
-1.8404844789340866e-01	-2.9749470289982167e-02	2.5911223389706702e-02
-1.8287102652722573e-01	-3.5249113385179415e-02	-1.1355363304099178e-02
-1.8152949876064206e-01	-4.0704835490853131e-02	-4.8687221356526887e-02
-1.8002544154369082e-01	-4.6111746840701122e-02	-8.5989569868732102e-02
-1.7836057730607777e-01	-5.1465012793435176e-02	-1.2316685405850736e-01
-1.7653677206795107e-01	-5.6759858154401079e-02	-1.6012351346306264e-01
-1.7455603342250645e-01	-6.1991571433409005e-02	-1.9676476194577708e-01
-1.7242050839254913e-01	-6.7155509035003086e-02	-2.3299736829364576e-01
-1.7013248116323937e-01	-7.2247099377469065e-02	-2.6873042594105156e-01
-1.6769437069339541e-01	-7.7261846936868078e-02	-3.0387610034273149e-01
-1.6510872820777867e-01	-8.2195336212594644e-02	-3.3835034275140696e-01
-1.6237823457294834e-01	-8.7043235610904143e-02	-3.7207355962784727e-01
-1.5950569755933935e-01	-9.1801301243022881e-02	-4.0497122761715887e-01
-1.5649404899231023e-01	-9.6465380634539050e-02	-4.3697444494635507e-01
-1.5334634179506304e-01	-1.0103141634276865e-01	-4.6802041121201499e-01
-1.5006574692632799e-01	-1.0549544947905150e-01	-4.9805282880712209e-01
-1.4665555021591903e-01	-1.0985362313282662e-01	-5.2702222064558601e-01
-1.4311914910126181e-01	-1.1410218569459006e-01	-5.5488616034992444e-01
-1.3946004926810179e-01	-1.1823749407488716e-01	-5.8160941262948174e-01
-1.3568186119873388e-01	-1.2225601681653936e-01	-6.0716398315522535e-01
-1.3178829663108185e-01	-1.2615433709751755e-01	-6.3152907879459375e-01
-1.2778316493212499e-01	-1.2992915562187224e-01	-6.5469098056637187e-01
-1.2367036938918193e-01	-1.3357729339630869e-01	-6.7664283307962569e-01
-1.1945390342262535e-01	-1.3709569439010397e-01	-6.9738435550063393e-01
-1.1513784672374763e-01	-1.4048142807610398e-01	-7.1692148022262292e-01
-1.1072636132141216e-01	-1.4373169185078338e-01	-7.3526592637705479e-01
-1.0622368758135825e-01	-1.4684381333131374e-01	-7.5243471610595125e-01
-1.0163414014194655e-01	-1.4981525252782438e-01	-7.6844964210818656e-01
-9.6962103790219537e-02	-1.5264360388911738e-01	-7.8333669537490802e-01
-9.2212029282261687e-02	-1.5532659822018410e-01	-7.9712546224555070e-01
-8.7388429111770222e-02	-1.5786210447006591e-01	-8.0984849995616970e-01
-8.2495873230906208e-02	-1.6024813138865118e-01	-8.2154069972835730e-01
-7.7538984727456281e-02	-1.6248282905117195e-01	-8.3223864617855825e-01
-7.2522435462361645e-02	-1.6456449024928535e-01	-8.4197998143309005e-01
-6.7450941671798048e-02	-1.6649155174770686e-01	-8.5080278183526248e-01
-6.2329259537837071e-02	-1.6826259540556934e-01	-8.5874495455074007e-01
-5.7162180731949515e-02	-1.6987634916171407e-01	-8.6584366073637065e-01
-5.1954527935465608e-02	-1.7133168788332326e-01	-8.7213477125889904e-01
-4.6711150341165374e-02	-1.7262763407740114e-01	-8.7765236025141036e-01
-4.1436919140251771e-02	-1.7376335846472474e-01	-8.8242824109475737e-01
-3.6136722998830834e-02	-1.7473818041604899e-01	-8.8649154872322533e-01
-3.0815463528159549e-02	-1.7555156825044280e-01	-8.8986837148917497e-01
-2.5478050752832559e-02	-1.7620313939578441e-01	-8.9258143518932942e-01
-2.0129398581071468e-02	-1.7669266041156606e-01	-8.9464984126051106e-01
-1.4774420281357491e-02	-1.7702004687427522e-01	-8.9608886059736081e-01
-9.4180239694953826e-03	-1.7718536312576313e-01	-8.9690978392848542e-01
-4.0651081103139112e-03	-1.7718882188512144e-01	-8.9711982920749678e-01
1.2794429618847281e-03	-1.7703078372472417e-01	-8.9672210602697811e-01
6.6107635000931522e-03	-1.7671175641121087e-01	-8.9571563664017717e-01
1.1924010774404787e-02	-1.7623239411231217e-01	-8.9409543277021053e-01
1.7214369470937938e-02	-1.7559349647053915e-01	-8.9185262699234880e-01
2.2477056055804138e-02	-1.7479600754488289e-01	-8.8897465708441414e-01
2.7707323100193859e-02	-1.7384101462178869e-01	-8.8544550134704714e-01
3.2900463562693577e-02	-1.7272974689678058e-01	-8.8124596249443143e-01
3.8051815024910077e-02	-1.7146357402824719e-01	-8.7635399730362751e-01
4.3156763876664887e-02	-1.7004400456498822e-01	-8.7074508878519941e-01
4.8210749446943695e-02	-1.6847268424926129e-01	-8.6439265720040348e-01
5.3209268076913459e-02	-1.6675139419716828e-01	-8.5726850580363412e-01
5.8147877131428029e-02	-1.6488204895831193e-01	-8.4934329673866715e-01
6.3022198945359792e-02	-1.6286669445680554e-01	-8.4058705207165485e-01
6.7827924701312145e-02	-1.6070750581578286e-01	-8.3096967451211978e-01
7.2560818235288135e-02	-1.5840678506766548e-01	-8.2046148196767543e-01
7.7216719766902864e-02	-1.5596695875257896e-01	-8.0903374971193631e-01
8.1791549550926226e-02	-1.5339057540735038e-01	-7.9665925363163537e-01
8.6281311446898684e-02	-1.5068030294767490e-01	-7.8331280777360157e-01
9.0682096403724988e-02	-1.4783892594609560e-01	-7.6897178924817855e-01
9.4990085856235168e-02	-1.4486934280852537e-01	-7.5361664347656920e-01
9.9201555030703853e-02	-1.4177456285218518e-01	-7.3723136280730961e-01
1.0331287615656685e-01	-1.3855770328781600e-01	-7.1980393167986989e-01
1.0732052158148128e-01	-1.3522198610922539e-01	-7.0132673178986893e-01
1.1122106678711680e-01	-1.3177073489321614e-01	-6.8179690111179669e-01
1.1501119330311503e-01	-1.2820737151304298e-01	-6.6121664116299561e-01
1.1868769151670606e-01	-1.2453541276866650e-01	-6.3959346754260948e-01
1.2224746337567099e-01	-1.2075846693705379e-01	-6.1694039954245761e-01
1.2568752498234367e-01	-1.1688023024593358e-01	-5.9327608549341737e-01
1.2900500907651533e-01	-1.1290448327441981e-01	-5.6862486146373514e-01
1.3219716740520840e-01	-1.0883508728397395e-01	-5.4301674194729299e-01
1.3526137297734242e-01	-1.0467598048330005e-01	-5.1648734224910176e-01
1.3819512220151114e-01	-1.0043117423071371e-01	-4.8907773336728860e-01
1.4099603690510962e-01	-9.6104749177695362e-02	-4.6083423126329248e-01
1.4366186623324673e-01	-9.1700851357276500e-02	-4.3180812347680536e-01
1.4619048842593982e-01	-8.7223688221016824e-02	-4.0205533705666918e-01
1.4857991247221033e-01	-8.2677524628373758e-02	-3.7163605271810557e-01
1.5082827963985601e-01	-7.8066678792229047e-02	-3.4061427097816727e-01
1.5293386487973490e-01	-7.3395518184470002e-02	-3.0905733674747954e-01
1.5489507810355757e-01	-6.8668455405480888e-02	-2.7703542944878473e-01
1.5671046533429933e-01	-6.3889944021422479e-02	-2.4462102618073206e-01
1.5837870972843107e-01	-5.9064474373277435e-02	-2.1188834574063969e-01
1.5989863246934061e-01	-5.4196569361534011e-02	-1.7891278145670375e-01
1.6126919353138627e-01	-4.9290780210515306e-02	-1.4577033076175330e-01
1.6248949231417534e-01	-4.4351682216309064e-02	-1.1253702926883602e-01
1.6355876814678824e-01	-3.9383870482210100e-02	-7.9288396793545865e-02
1.6447640066174854e-01	-3.4391955645751773e-02	-4.6098902322476883e-02
1.6524191003871491e-01	-2.9380559601193963e-02	-1.3041454362694343e-02
1.6585495711794773e-01	-2.4354311221506691e-02	1.9813077553708494e-02
1.6631534338374859e-01	-1.9317842083782347e-02	5.2396305178161261e-02
1.6662301081818404e-01	-1.4275782201999239e-02	8.4642723436191794e-02
1.6677804162551915e-01	-9.2327557711267653e-03	1.1649006850742506e-01
1.6678065782791593e-01	-4.1933769264126033e-03	1.4787962955987360e-01
1.6663122073306025e-01	8.3775447820230264e-04	1.7875651245695864e-01
1.6633023027450464e-01	5.8560570686882214e-03	2.0906985458979849e-01
1.6587832422562679e-01	1.0856972122777407e-02	2.3877299078383071e-01
1.6527627728822200e-01	1.5835967711155752e-02	2.6782357097205828e-01
1.6452500005685711e-01	2.0788542804339793e-02	2.9618363100860490e-01
1.6362553786023248e-01	2.5710231341444241e-02	3.2381961860149117e-01
1.6257906948090653e-01	3.0596606257188370e-02	3.5070237686969602e-01
1.6138690575484105e-01	3.5443283463533287e-02	3.7680708846985805e-01
1.6005048805235195e-01	4.0245925782311925e-02	4.0211318359066722e-01
1.5857138664212958e-01	4.5000246825393789e-02	4.2660421537993803e-01
1.5695129894012516e-01	4.9702014818856749e-02	4.5026770655034953e-01
1.5519204764518543e-01	5.4347056367781164e-02	4.7309497101155495e-01
1.5329557876341829e-01	5.8931260158326712e-02	4.9508091440267155e-01
1.5126395952338414e-01	6.3450580593788775e-02	5.1622381735736000e-01
1.4909937618428623e-01	6.7901041361442274e-02	5.3652510523180053e-01
1.4680413173944706e-01	7.2278738927010561e-02	5.5598910787128075e-01
1.4438064351743710e-01	7.6579845953700834e-02	5.7462281279306193e-01
1.4183144068330261e-01	8.0800614642836319e-02	5.9243561492971519e-01
1.3915916164245812e-01	8.4937379993137482e-02	6.0943906581634000e-01
1.3636655134986544e-01	8.8986562975842926e-02	6.2564662482572420e-01
1.3345645852719759e-01	9.2944673622945340e-02	6.4107341476417501e-01
1.3043183279081180e-01	9.6808314025837089e-02	6.5573598384424436e-01
1.2729572169335979e-01	1.0057418124185548e-01	6.6965207575584063e-01
1.2405126768200929e-01	1.0423907010620581e-01	6.8284040926799694e-01
1.2070170497628502e-01	1.0779987594688877e-01	6.9532046851577645e-01
1.1725035636857101e-01	1.1125359720038791e-01	7.0711230486335519e-01
1.1370062995048701e-01	1.1459733792584986e-01	7.1823635098770378e-01
1.1005601576827616e-01	1.1782831021574360e-01	7.2871324760118772e-01
1.0632008241051769e-01	1.2094383650095777e-01	7.3856368302532915e-01
1.0249647353146779e-01	1.2394135174846832e-01	7.4780824564452764e-01
9.8588904313382700e-02	1.2681840554980742e-01	7.5646728910710492e-01
9.4601157871289490e-02	1.2957266409862100e-01	7.6456081000165010e-01
9.0537081603617772e-02	1.3220191205578732e-01	7.7210833761934006e-01
8.6400583492244304e-02	1.3470405430060048e-01	7.7912883531597721e-01
8.2195628355492462e-02	1.3707711756667459e-01	7.8564061291072396e-01
7.7926234057621099e-02	1.3931925196135442e-01	7.9166124950018735e-01
7.3596467678505154e-02	1.4142873236744796e-01	7.9720752602504630e-01
6.9210441647064400e-02	1.4340395972631417e-01	8.0229536690113179e-01
6.4772309842170514e-02	1.4524346220136400e-01	8.0693979001519223e-01
6.0286263664701863e-02	1.4694589622119433e-01	8.1115486438690598e-01
5.5756528084433606e-02	1.4851004740168283e-01	8.1495367481101422e-01
5.1187357665539467e-02	1.4993483134645677e-01	8.1834829281541888e-01
4.6583032574376453e-02	1.5121929432530912e-01	8.2134975330158133e-01
4.1947854573346356e-02	1.5236261383020583e-01	8.2396803627089044e-01
3.7286143004572406e-02	1.5336409900866763e-01	8.2621205308405699e-01
3.2602230767084128e-02	1.5422319097443155e-01	8.2808963674871150e-01
2.7900460291352916e-02	1.5493946299537387e-01	8.2960753578220214e-01
2.3185179514818376e-02	1.5551262055883899e-01	8.3077141125151488e-01
1.8460737862201933e-02	1.5594250131459358e-01	8.3158583664904473e-01
1.3731482234298948e-02	1.5622907489575971e-01	8.3205430032126848e-01
9.0017530089255438e-03	1.5637244261818781e-01	8.3217921022634078e-01
4.2758800577544403e-03	1.5637283705883784e-01	8.3196190085573885e-01
-4.4182121737192494e-04	1.5623062151385572e-01	8.3140264221380000e-01
-5.1470538249669493e-03	1.5594628933713631e-01	8.3050065080678270e-01
-9.8355430976883006e-03	1.5552046316027762e-01	8.2925410264951438e-01
-1.4503040575848709e-02	1.5495389399493459e-01	8.2766014835228430e-01
-1.9145327857052523e-02	1.5424746021869576e-01	8.2571493040301591e-01
-2.3758220408569067e-02	1.5340216644569804e-01	8.2341360280935560e-01
-2.8337571338898325e-02	1.5241914228331635e-01	8.2075035331186719e-01
-3.2879275125185348e-02	1.5129964097635587e-01	8.1771842842236109e-01
-3.7379271293141385e-02	1.5004503794027294e-01	8.1431016158014058e-01
-4.1833548046122777e-02	1.4865682918506967e-01	8.1051700475312727e-01
-4.6238145840189142e-02	1.4713662963157503e-01	8.0632956383967203e-01
-5.0589160901903234e-02	1.4548617132195224e-01	8.0173763825010302e-01
-5.4882748685770616e-02	1.4370730152634723e-01	7.9673026506377875e-01
-5.9115127268281144e-02	1.4180198074767950e-01	7.9129576816713698e-01
-6.3282580675496122e-02	1.3977228062670266e-01	7.8542181278039402e-01
-6.7381462141347354e-02	1.3762038174948585e-01	7.7909546577409283e-01
-7.1408197293704581e-02	1.3534857135962916e-01	7.7230326216163159e-01
-7.5359287265483479e-02	1.3295924097755094e-01	7.6503127812884542e-01
-7.9231311728098011e-02	1.3045488392927843e-01	7.5726521092661492e-01
-8.3020931844588738e-02	1.2783809278728606e-01	7.4899046590672236e-01
-8.6724893139940598e-02	1.2511155672594021e-01	7.4019225092393115e-01
-9.0340028286084770e-02	1.2227805879424528e-01	7.3085567825889108e-01
-9.3863259799230270e-02	1.1934047310861713e-01	7.2096587413609492e-01
-9.7291602647252978e-02	1.1630176196847526e-01	7.1050809581912400e-01
-1.0062216676491652e-01	1.1316497289754553e-01	6.9946785616206097e-01
-1.0385215947482540e-01	1.0993323561380330e-01	6.8783105538128930e-01
-1.0697888781213508e-01	1.0660975893101167e-01	6.7558411968678533e-01
-1.0999976075104011e-01	1.0319782759495776e-01	6.6271414627790848e-01
-1.1291229133125497e-01	9.9700799057454770e-02	6.4920905406579010e-01
-1.1571409868277720e-01	9.6122100191244897e-02	6.3505773933533782e-01
-1.1840290994725157e-01	9.2465223949060690e-02	6.2025023540638891e-01
-1.2097656209447427e-01	8.8733725970016483e-02	6.0477787519697235e-01
-1.2343300363257047e-01	8.4931221136663904e-02	5.8863345543628576e-01
-1.2577029621053626e-01	8.1061380086015877e-02	5.7181140112213613e-01
-1.2798661611194037e-01	7.7127925677879017e-02	5.5430792867142009e-01
-1.3008025563863662e-01	7.3134629423934810e-02	5.3612120607623759e-01
-1.3204962438352422e-01	6.9085307880914645e-02	5.1725150825495803e-01
-1.3389325039141942e-01	6.4983819011367489e-02	4.9770136568270451e-01
-1.3560978120726488e-01	6.0834058515438230e-02	4.7747570430098668e-01
-1.3719798481095941e-01	5.6639956137199146e-02	4.5658197464732886e-01
-1.3865675043826278e-01	5.2405471948958969e-02	4.3503026811427759e-01
-1.3998508928728168e-01	4.8134592617086372e-02	4.1283341824864983e-01
-1.4118213511015307e-01	4.3831327652929929e-02	3.9000708503798837e-01
-1.4224714468972063e-01	3.9499705652197112e-02	3.6656982020321610e-01
-1.4317949820098638e-01	3.5143770526515246e-02	3.4254311163069295e-01
-1.4397869945734912e-01	3.0767577730537839e-02	3.1795140522768561e-01
-1.4464437604166996e-01	2.6375190488176894e-02	2.9282210267963860e-01
-1.4517627932233501e-01	2.1970676021505195e-02	2.6718553382071830e-01
-1.4557428435460798e-01	1.7558101785752889e-02	2.4107490260002012e-01
-1.4583838966764978e-01	1.3141531713919618e-02	2.1452620593368191e-01
-1.4596871693769295e-01	8.7250224745059040e-03	1.8757812507242502e-01
-1.4596551054797502e-01	4.3126197457308340e-03	1.6027188947990506e-01
-1.4582913703612638e-01	-9.1645490280214384e-05	1.3265111360624965e-01
-1.4556008442981525e-01	-4.4837606299643496e-03	1.0476160734384678e-01
-1.4515896147155713e-01	-8.8597351041029056e-03	7.6651161363296541e-02
-1.4462649673369565e-01	-1.3215604003523528e-02	4.8369308938476310e-02
-1.4396353762465899e-01	-1.7547431671511078e-02	1.9967066270539967e-02
-1.4317104928770061e-01	-2.1851315259606513e-02	-8.5033462940238471e-03
-1.4225011339342064e-01	-2.6123388243630294e-02	-3.6988799398597776e-02
-1.4120192682747668e-01	-3.0359823896698127e-02	-6.5435563087718224e-02
-1.4002780027496600e-01	-3.4556838716187505e-02	-9.3789625136895358e-02
-1.3872915670306518e-01	-3.8710695801549302e-02	-1.2199701571113548e-01
-1.3730752974361715e-01	-4.2817708179915079e-02	-1.5000413458680606e-01
-1.3576456197740974e-01	-4.6874242076617209e-02	-1.7775807705790322e-01
-1.3410200312201465e-01	-5.0876720127663172e-02	-2.0520695459754565e-01
-1.3232170812511920e-01	-5.4821624531346466e-02	-2.3230020636409468e-01
-1.3042563516536376e-01	-5.8705500136238882e-02	-2.5898889772748368e-01
-1.2841584356281116e-01	-6.2524957462801289e-02	-2.8522600214435007e-01
-1.2629449160119935e-01	-6.6276675656045628e-02	-3.1096666292984515e-01
-1.2406383426424832e-01	-6.9957405366646991e-02	-3.3616843175258160e-01
-1.2172622088837191e-01	-7.3563971557980209e-02	-3.6079148101395447e-01
-1.1928409273416331e-01	-7.7093276236731054e-02	-3.8479878765719078e-01
-1.1673998047915998e-01	-8.0542301104684952e-02	-4.0815628637489654e-01
-1.1409650163440263e-01	-8.3908110129472857e-02	-4.3083299064086183e-01
-1.1135635788743227e-01	-8.7187852032042032e-02	-4.5280108047025081e-01
-1.0852233237434751e-01	-9.0378762688823111e-02	-4.7403595630502643e-01
-1.0559728688368246e-01	-9.3478167446530522e-02	-4.9451625891564593e-01
-1.0258415899488066e-01	-9.6483483347692162e-02	-5.1422385569891393e-01
-9.9485959154186829e-02	-9.9392221265084041e-02	-5.3314379422436842e-01
-9.6305767690888000e-02	-1.0220198794328243e-01	-5.5126422432938094e-01
-9.3046731776789932e-02	-1.0491048794573431e-01	-5.6857629047985758e-01
-8.9712062331933282e-02	-1.0751552550575516e-01	-5.8507399649026626e-01
-8.6305030879604699e-02	-1.1001500627996548e-01	-6.0075404503000429e-01
-8.2828966353653929e-02	-1.1240693900284027e-01	-6.1561565462843260e-01
-7.9287251861239388e-02	-1.1468943704107006e-01	-6.2966035712408774e-01
-7.5683321404191789e-02	-1.1686071984651991e-01	-6.4289177868433101e-01
-7.2020656562030647e-02	-1.1891911430679457e-01	-6.5531540765003082e-01
-6.8302783139989734e-02	-1.2086305599231296e-01	-6.6693835253381428e-01
-6.4533267785138890e-02	-1.2269109029909889e-01	-6.7776909352627090e-01
-6.0715714573891244e-02	-1.2440187348646345e-01	-6.8781723084050106e-01
-5.6853761574183544e-02	-1.2599417360888568e-01	-6.9709323315804950e-01
-5.2951077385538024e-02	-1.2746687134153853e-01	-7.0560818933171388e-01
-4.9011357660321463e-02	-1.2881896069896170e-01	-7.1337356635685012e-01
-4.5038321609527740e-02	-1.3004954964648660e-01	-7.2040097644813450e-01
-4.1035708496313925e-02	-1.3115786060416282e-01	-7.2670195585796493e-01
-3.7007274120646701e-02	-1.3214323084298579e-01	-7.3228775784973155e-01
-3.2956787298341693e-02	-1.3300511277335408e-01	-7.3716916199953886e-01
-2.8888026337775478e-02	-1.3374307412578712e-01	-7.4135630174719958e-01
-2.4804775517617759e-02	-1.3435679802401163e-01	-7.4485851185528174e-01
-2.0710821568789992e-02	-1.3484608295066058e-01	-7.4768419716751089e-01
-1.6609950163980314e-02	-1.3521084260589700e-01	-7.4984072378714595e-01
-1.2505942417921795e-02	-1.3545110565939156e-01	-7.5133433352518353e-01
-8.4025714017304468e-03	-1.3556701539617183e-01	-7.5217008219901071e-01
-4.3035986744426012e-03	-1.3555882925697271e-01	-7.5235180209637220e-01
-2.1277083497416201e-04	-1.3542691827379733e-01	-7.5188208865826323e-01
3.8661839023028549e-03	-1.3517176640150652e-01	-7.5076231117900460e-01
7.9295591053061137e-03	-1.3479396974634592e-01	-7.4899264707293911e-01
1.1973673492183477e-02	-1.3429423569241158e-01	-7.4657213901578934e-01
1.5994874266326866e-02	-1.3367338192715666e-01	-7.4349877403555031e-01
1.9989540415591027e-02	-1.3293233536711380e-01	-7.3976958340347088e-01
2.3954085972546679e-02	-1.3207213098512907e-01	-7.3538076196154833e-01
2.7884963232985442e-02	-1.3109391054045874e-01	-7.3032780531953634e-01
3.1778665929727057e-02	-1.2999892121318785e-01	-7.2460566316366837e-01
3.5631732358861148e-02	-1.2878851414451911e-01	-7.1820890674231208e-01
3.9440748455707823e-02	-1.2746414288453975e-01	-7.1113190843227969e-01
4.3202350817706452e-02	-1.2602736174918727e-01	-7.0336903114596872e-01
4.6913229671601386e-02	-1.2447982408818618e-01	-6.9491482521538683e-01
5.0570131782252468e-02	-1.2282328046584205e-01	-6.8576423028739775e-01
5.4169863300588990e-02	-1.2105957675660978e-01	-6.7591277968665653e-01
5.7709292548163142e-02	-1.1919065215746913e-01	-6.6535680465191527e-01
6.1185352735899382e-02	-1.1721853711919358e-01	-6.5409363582893010e-01
6.4595044614699823e-02	-1.1514535119865958e-01	-6.4212179941138303e-01
6.7935439055572255e-02	-1.1297330083445133e-01	-6.2944120536180759e-01
7.1203679557131944e-02	-1.1070467704802181e-01	-6.1605332521771405e-01
7.4396984678307257e-02	-1.0834185307277862e-01	-6.0196135709572640e-01
7.7512650394160859e-02	-1.0588728191353464e-01	-5.8717037564772767e-01
8.0548052372897930e-02	-1.0334349383876176e-01	-5.7168746489685196e-01
8.3500648172130404e-02	-1.0071309380819607e-01	-5.5552183208736150e-01
8.6367979352527574e-02	-9.7998758838418520e-02	-5.3868490091802057e-01
8.9147673507226993e-02	-9.5203235308955303e-02	-5.2119038278988872e-01
9.1837446205204842e-02	-9.2329336211701987e-02	-5.0305432498603941e-01
9.4435102847146887e-02	-8.9379938346307516e-02	-4.8429513500360849e-01
9.6938540432287848e-02	-8.6357979464330673e-02	-4.6493358057782819e-01
9.9345749234801967e-02	-8.3266455365006736e-02	-4.4499276526502962e-01
1.0165481438848273e-01	-8.0108416945426308e-02	-4.2449807978195364e-01
1.0386391737845302e-01	-7.6886967208057960e-02	-4.0347712962779519e-01
1.0597133743880276e-01	-7.3605258228499226e-02	-3.8195963983519904e-01
1.0797545285508230e-01	-7.0266488086453291e-02	-3.5997733800331905e-01
1.0987474217074794e-01	-6.6873897762850729e-02	-3.3756381705226768e-01
1.1166778529668370e-01	-6.3430768006139324e-02	-3.1475437940111534e-01
1.1335326452302588e-01	-5.9940416170792279e-02	-2.9158586450472573e-01
1.1492996543266114e-01	-5.6406193031011582e-02	-2.6809646188397762e-01
1.1639677771579557e-01	-5.2831479572724896e-02	-2.4432551194804600e-01
1.1775269588513128e-01	-4.9219683766925364e-02	-2.2031329703149471e-01
1.1899681989127157e-01	-4.5574237327408999e-02	-1.9610082515292479e-01
1.2012835563804829e-01	-4.1898592456039260e-02	-1.7172960904521004e-01
1.2114661539760550e-01	-3.8196218578557171e-02	-1.4724144300845618e-01
1.2205101812512534e-01	-3.4470599074047863e-02	-1.2267818009942764e-01
1.2284108967318715e-01	-3.0725228001175279e-02	-9.8081512095191961e-02
1.2351646290586846e-01	-2.6963606824195931e-02	-7.3492754556749487e-02
1.2407687771276302e-01	-2.3189241141844584e-02	-4.8952639175612350e-02
1.2452218092318412e-01	-1.9405637422201968e-02	-2.4501115414874798e-02
1.2485232612095205e-01	-1.5616299746443357e-02	-1.7716325949744674e-04
1.2506737336019733e-01	-1.1824726564666908e-02	2.3981381322248464e-02
1.2516748878275930e-01	-8.0344074666631720e-03	4.7937986835721980e-02
1.2515294413781652e-01	-4.2488199706624454e-03	7.1657571502628123e-02
1.2502411620448531e-01	-4.7142633304315436e-04	9.5106632401182903e-02
1.2478148611821531e-01	3.2943296181396908e-03	1.1825335786046223e-01
1.2442563860189536e-01	7.0450256228531535e-03	1.4106772270536011e-01
1.2395726110266718e-01	1.0777264099192344e-02	1.6352156618173710e-01
1.2337714283553924e-01	1.4487675221010618e-02	1.8558865261177332e-01
1.2268617373496743e-01	1.8172919960357137e-02	2.0724471503679456e-01
1.2188534331565819e-01	2.1829693091921749e-02	2.2846748229342059e-01
1.2097573944393308e-01	2.5454726156802353e-02	2.4923669013952870e-01
1.1995854702106415e-01	2.9044790382954343e-02	2.6953407719604833e-01
1.1883504658008820e-01	3.2596699559662254e-02	2.8934336659816229e-01
1.1760661279765944e-01	3.6107312863541380e-02	3.0865023435604183e-01
1.1627471292259062e-01	3.9573537633532371e-02	3.2744226550848349e-01
1.1484090512281847e-01	4.2992332092410490e-02	3.4570889921505632e-01
1.1330683675256584e-01	4.6360708012476909e-02	3.6344136397423410e-01
1.1167424254157307e-01	4.9675733323069071e-02	3.8063260417620226e-01
1.0994494270834275e-01	5.2934534657590418e-02	3.9727719920250854e-01
1.0812084099936947e-01	5.6134299837912828e-02	4.1337127627199982e-01
1.0620392265643715e-01	5.9272280293962039e-02	4.2891241820384202e-01
1.0419625231409840e-01	6.2345793416426140e-02	4.4389956722766805e-01
1.0209997182951126e-01	6.5352224840597273e-02	4.5833292591874331e-01
9.9917298046898792e-02	6.8289030659365993e-02	4.7221385627441048e-01
9.7650520498890558e-02	7.1153739563564911e-02	4.8554477788001515e-01
9.5301999047124303e-02	7.3943954907826320e-02	4.9832906603796895e-01
9.2874161464479812e-02	7.6657356700273280e-02	5.1057095065624969e-01
9.0369500961426832e-02	7.9291703514364736e-02	5.2227541661242727e-01
8.7790573658938095e-02	8.1844834321388199e-02	5.3344810622922889e-01
8.5139996010516125e-02	8.4314670242096448e-02	5.4409522441744040e-01
8.2420442175949959e-02	8.6699216216053143e-02	5.5422344696384884e-01
7.9634641349318219e-02	8.8996562587467284e-02	5.6383983236725654e-01
7.6785375044007134e-02	9.1204886606161356e-02	5.7295173755300954e-01
7.3875474337329050e-02	9.3322453842619807e-02	5.8156673773010548e-01
7.0907817077488888e-02	9.5347619516010479e-02	5.8969255059182357e-01
6.7885325055661666e-02	9.7278829734185099e-02	5.9733696500364997e-01
6.4810961145895629e-02	9.9114622644800102e-02	6.0450777427062496e-01
6.1687726415650748e-02	1.0085362949673060e-01	6.1121271402976707e-01
5.8518657209803364e-02	1.0249457561104008e-01	6.1745940477263905e-01
5.5306822210888305e-02	1.0403628126090519e-01	6.2325529896827914e-01
5.2055319478436259e-02	1.0547766245993410e-01	6.2860763272694431e-01
4.8767273470301666e-02	1.0681773165839639e-01	6.3352338192071467e-01
4.5445832048717397e-02	1.0805559834705566e-01	6.3800922265796955e-01
4.2094163474087794e-02	1.0919046956825001e-01	6.4207149599352065e-01
3.8715453389263896e-02	1.1022165033408458e-01	6.4571617674632198e-01
3.5312901797214087e-02	1.1114854395160863e-01	6.4894884628997962e-01
3.1889720034978010e-02	1.1197065225495297e-01	6.5177466917854276e-01
2.8449127746701667e-02	1.1268757574451953e-01	6.5419837347055343e-01
2.4994349858654064e-02	1.1329901363336708e-01	6.5622423461740931e-01
2.1528613559025869e-02	1.1380476380104725e-01	6.5785606278777176e-01
1.8055145285388274e-02	1.1420472265521445e-01	6.5909719350730456e-01
1.4577167722561122e-02	1.1449888490144253e-01	6.5995048150234636e-01
1.1097896813707622e-02	1.1468734322174295e-01	6.6041829764649684e-01
7.6205387874794276e-03	1.1477028786237242e-01	6.6050252892048755e-01
4.1482872038289438e-03	1.1474800613161518e-01	6.6020458130760828e-01
6.8432002137344423e-04	1.1462088180828094e-01	6.5952538555890516e-01
-2.7682033111266070e-03	1.1438939446176981e-01	6.5846540577434931e-01
-6.2061447364610157e-03	1.1405411868461536e-01	6.5702465075751204e-01
-9.6263904411807589e-03	1.1361572323851096e-01	6.5520268811197357e-01
-1.3025853675792495e-02	1.1307497011489399e-01	6.5299866105724647e-01
-1.6401477540353020e-02	1.1243271351124437e-01	6.5041130795026769e-01
-1.9750237732921297e-02	1.1168989872433364e-01	6.4743898450520787e-01
-2.3069145258458216e-02	1.1084756096172393e-01	6.4407968870915966e-01
-2.6355249095700417e-02	1.0990682407290410e-01	6.4033108843415176e-01
-2.9605638819645300e-02	1.0886889920151110e-01	6.3619055174647487e-01
-3.2817447177333876e-02	1.0773508336015672e-01	6.3165517991249320e-01
-3.5987852614607026e-02	1.0650675792946149e-01	6.2672184309576884e-01
-3.9114081751672504e-02	1.0518538708293663e-01	6.2138721873313130e-01
-4.2193411805264890e-02	1.0377251613945207e-01	6.1564783256757016e-01
-4.5223172955322188e-02	1.0226976984506174e-01	6.0950010230296447e-01
-4.8200750654079721e-02	1.0067885058605443e-01	6.0294038383018322e-01
-5.1123587875645984e-02	9.9001536535114065e-02	5.9596501995540085e-01
-5.3989187304105624e-02	9.7239679732559703e-02	5.8857039154025836e-01
-5.6795113458242244e-02	9.5395204104712528e-02	5.8075297093953271e-01
-5.9538994751191988e-02	9.3470103421400427e-02	5.7250937759497000e-01
-6.2218525483158350e-02	9.1466439194801394e-02	5.6383643561551489e-01
-6.4831467765635892e-02	8.9386338521737413e-02	5.5473123314247952e-01
-6.7375653375503927e-02	8.7231991871660489e-02	5.4519118326563287e-01
-6.9848985537451433e-02	8.5005650822614118e-02	5.3521408622187105e-01
-7.2249440633328943e-02	8.2709625747441104e-02	5.2479819257259253e-01
-7.4575069837029773e-02	8.0346283452601641e-02	5.1394226702036050e-01
-7.6824000673580237e-02	7.7918044772004050e-02	5.0264565248974102e-01
-7.8994438501259215e-02	7.5427382118228442e-02	4.9090833406192225e-01
-8.1084667915564151e-02	7.2876816993629509e-02	4.7873100231936283e-01
-8.3093054073979045e-02	7.0268917463772659e-02	4.6611511562475344e-01
-8.5018043940521759e-02	6.7606295595752056e-02	4.5306296082997249e-01
-8.6858167449200829e-02	6.4891604863879765e-02	4.3957771188487810e-01
-8.8612038585517583e-02	6.2127537525337798e-02	4.2566348579496810e-01
-9.0278356385275871e-02	5.9316821968362909e-02	4.1132539536054813e-01
-9.1855905850034461e-02	5.6462220035545657e-02	3.9656959811952674e-01
-9.3343558778590158e-02	5.3566524324895851e-02	3.8140334091217382e-01
-9.4740274514016204e-02	5.0632555471250514e-02	3.6583499948869974e-01
-9.6045100605812478e-02	4.7663159410680889e-02	3.4987411259143997e-01
-9.7257173386814957e-02	4.4661204630568017e-02	3.3353140996212471e-01
-9.8375718464626699e-02	4.1629579407945067e-02	3.1681883375139686e-01
-9.9400051127379652e-02	3.8571189038779062e-02	2.9974955284388116e-01
-1.0032957666371199e-01	3.5488953060887854e-02	2.8233796965677799e-01
-1.0116379059699082e-01	3.2385802473028254e-02	2.6459971902232732e-01
-1.0190227883379109e-01	2.9264676952939887e-02	2.4655165882760513e-01
-1.0254471772682254e-01	2.6128522076867996e-02	2.2821185215351597e-01
-1.0309087405251210e-01	2.2980286543235515e-02	2.0959954073300235e-01
-1.0354060490354920e-01	1.9822919403102678e-02	1.9073510963244086e-01
-1.0389385749679370e-01	1.6659367299959722e-02	1.7164004314957437e-01
-1.0415066889700768e-01	1.3492571721460681e-02	1.5233687201633045e-01
-1.0431116565695410e-01	1.0325466265686438e-02	1.3284911209286834e-01
-1.0437556337449473e-01	7.1609739244204778e-03	1.1320119483872965e-01
-1.0434416616738344e-01	4.0020043859969618e-03	9.3418389948143069e-02
-1.0421736606653213e-01	8.5145136019435918e-04	7.3526720635689075e-02
-1.0399564232860388e-01	-2.2878100723807875e-03	5.3552872155336599e-02
-1.0367956066885793e-01	-5.4129260839478168e-03	3.3524094228643490e-02
-1.0326977241524596e-01	-8.5210666939086240e-03	1.3468098143621423e-02
-1.0276701358483252e-01	-1.1609428331501269e-02	-6.5870506348905027e-03
-1.0217210388367649e-01	-1.4675236364465216e-02	-2.6613043433568455e-02
-1.0148594563139123e-01	-1.7715747591390912e-02	-4.6581441948536806e-02
-1.0070952261165581e-01	-2.0728252695571034e-02	-6.6463793417500819e-02
-9.9843898850021512e-02	-2.3710078658131982e-02	-8.6231746336202467e-02
-9.8890217320432808e-02	-2.6658591128272350e-02	-1.0585716564919000e-01
-9.7849698581921885e-02	-2.9571196748561991e-02	-1.2531224633972199e-01
-9.6723639347022022e-02	-3.2445345433208435e-02	-1.4456962435208975e-01
-9.5513410983491281e-02	-3.5278532597306241e-02	-1.6360248380400139e-01
-9.4220457950992903e-02	-3.8068301335136723e-02	-1.8238465948533450e-01
-9.2846296174459539e-02	-4.0812244545587614e-02	-2.0089073369210009e-01
-9.1392511355883888e-02	-4.3508007002909833e-02	-2.1909612651144955e-01
-8.9860757226362983e-02	-4.6153287371011403e-02	-2.3697717875191765e-01
-8.8252753740275136e-02	-4.8745840159549803e-02	-2.5451122680325305e-01
-8.6570285213482964e-02	-5.1283477620217371e-02	-2.7167666881064845e-01
-8.4815198407548226e-02	-5.3764071581587594e-02	-2.8845302165579911e-01
-8.2989400561948534e-02	-5.6185555221023024e-02	-3.0482096835239447e-01
-8.1094857376373980e-02	-5.8545924772144799e-02	-3.2076239558254271e-01
-7.9133590945165783e-02	-6.0843241166515613e-02	-3.3626042122328637e-01
-7.7107677646049491e-02	-6.3075631608170479e-02	-3.5129941183467900e-01
-7.5019245985326236e-02	-6.5241291079749214e-02	-3.6586499020299990e-01
-7.2870474401711807e-02	-6.7338483779049038e-02	-3.7994403315146674e-01
-7.0663589031087687e-02	-6.9365544484846706e-02	-3.9352465994462582e-01
-6.8400861434392848e-02	-7.1320879850982177e-02	-4.0659621172080984e-01
-6.6084606290962133e-02	-7.3202969627706352e-02	-4.1914922248654662e-01
-6.3717179059649853e-02	-7.5010367809374437e-02	-4.3117538229761204e-01
-6.1300973610039861e-02	-7.6741703707688583e-02	-4.4266749333227745e-01
-5.8838419826119329e-02	-7.8395682949718132e-02	-4.5361941963137059e-01
-5.6331981184830474e-02	-7.9971088399989038e-02	-4.6402603133728726e-01
-5.3784152311806450e-02	-8.1466781006103925e-02	-4.7388314431001249e-01
-5.1197456516811853e-02	-8.2881700567278477e-02	-4.8318745602999630e-01
-4.8574443311216922e-02	-8.4214866425403698e-02	-4.9193647871889651e-01
-4.5917685909970446e-02	-8.5465378078228016e-02	-5.0012847061635968e-01
-4.3229778720525781e-02	-8.6632415714345060e-02	-5.0776236634677541e-01
-4.0513334821113564e-02	-8.7715240669784519e-02	-5.1483770729418910e-01
-3.7770983430841461e-02	-8.8713195806034109e-02	-5.2135457287628495e-01
-3.5005367374030677e-02	-8.9625705809428191e-02	-5.2731351357131040e-01
-3.2219140541268176e-02	-9.0452277411887147e-02	-5.3271548650496159e-01
-2.9414965349556153e-02	-9.1192499533102891e-02	-5.3756179434929074e-01
-2.6595510204020869e-02	-9.1846043344302769e-02	-5.4185402822272233e-01
-2.3763446963584269e-02	-9.2412662253824426e-02	-5.4559401521115714e-01
-2.0921448412986838e-02	-9.2892191814800157e-02	-5.4878377105531773e-01
-1.8072185743590197e-02	-9.3284549555315122e-02	-5.5142545847019520e-01
-1.5218326045280900e-02	-9.3589734731497051e-02	-5.5352135147989012e-01
-1.2362529811851328e-02	-9.3807828004046342e-02	-5.5507380606589385e-01
-9.5074484622137724e-03	-9.3938991038794856e-02	-5.5608523734033055e-01
-6.6557218797078915e-03	-9.3983466031961227e-02	-5.5655810336868028e-01
-3.8099759718080348e-03	-9.3941575160825685e-02	-5.5649489567977650e-01
-9.7282025251010874e-04	-9.3813719960625847e-02	-5.5589813641560559e-01
1.8531545504248722e-03	-9.3600380628541618e-02	-5.5477038199024120e-01
4.6653788611550305e-03	-9.3302115255702048e-02	-5.5311423304699070e-01
7.4613065921671825e-03	-9.2919558988215814e-02	-5.5093235042629496e-01
1.0238417449393432e-02	-9.2453423118285805e-02	-5.4822747678474004e-01
1.2994219203815337e-02	-9.1904494106543264e-02	-5.4500246343851710e-01
1.5726249927614327e-02	-9.1273632536784027e-02	-5.4126030194318431e-01
1.8432080192819819e-02	-9.0561772004361385e-02	-5.3700415986649797e-01
2.1109315230471805e-02	-8.9769917939549609e-02	-5.3223742016271847e-01
2.3755597048429038e-02	-8.8899146367237850e-02	-5.2696372351559129e-01
2.6368606505910622e-02	-8.7950602604388028e-02	-5.2118701298382553e-01
2.8946065342977806e-02	-8.6925499896726696e-02	-5.1491158025729367e-01
3.1485738163143248e-02	-8.5825117996217018e-02	-5.0814211281507937e-01
3.3985434367436070e-02	-8.4650801680880280e-02	-5.0088374126754820e-01
3.6443010038215581e-02	-8.3403959218610046e-02	-4.9314208616455146e-01
3.8856369771132875e-02	-8.2086060776661016e-02	-4.8492330356018482e-01
4.1223468453691861e-02	-8.0698636778531854e-02	-4.7623412864134862e-01
4.3542312988873767e-02	-7.9243276210033908e-02	-4.6708191675275357e-01
4.5810963962426017e-02	-7.7721624876340087e-02	-4.5747468118403217e-01
4.8027537252408888e-02	-7.6135383611877425e-02	-4.4742112712575532e-01
5.0190205579658670e-02	-7.4486306444973588e-02	-4.3693068124933371e-01
5.2297199997944369e-02	-7.2776198719163535e-02	-4.2601351642026325e-01
5.4346811322599067e-02	-7.1006915173135302e-02	-4.1468057111504897e-01
5.6337391496472475e-02	-6.9180357981327836e-02	-4.0294356317791818e-01
5.8267354892172871e-02	-6.7298474757182328e-02	-3.9081499762318245e-01
6.0135179549563100e-02	-6.5363256521129703e-02	-3.7830816826279556e-01
6.1939408347580389e-02	-6.3376735635390341e-02	-3.6543715301412849e-01
6.3678650109517843e-02	-6.1340983707688673e-02	-3.5221680281997203e-01
6.5351580640934714e-02	-5.9258109466040251e-02	-3.3866272419021926e-01
6.6956943699494259e-02	-5.7130256606728262e-02	-3.2479125545067888e-01
6.8493551896033303e-02	-5.4959601617669454e-02	-3.1061943685940963e-01
6.9960287526282014e-02	-5.2748351579331637e-02	-2.9616497482223275e-01
7.1356103332679638e-02	-5.0498741945435056e-02	-2.8144620050718056e-01
7.2680023195855245e-02	-4.8213034305612093e-02	-2.6648202322013342e-01
7.3931142755366358e-02	-4.5893514132259464e-02	-2.5129187896156857e-01
7.5108629959356188e-02	-4.3542488513846511e-02	-2.3589567463549563e-01
7.6211725542928946e-02	-4.1162283876827382e-02	-2.2031372842491173e-01
7.7239743434996941e-02	-3.8755243698498143e-02	-2.0456670688598624e-01
7.8192071093540025e-02	-3.6323726212950914e-02	-1.8867555934074240e-01
7.9068169769211660e-02	-3.3870102112391755e-02	-1.7266145016955650e-01
7.9867574697314744e-02	-3.1396752246072822e-02	-1.5654568961736637e-01
8.0589895218260210e-02	-2.8906065319022255e-02	-1.4034966373165492e-01
8.1234814826665155e-02	-2.6400435592809014e-02	-1.2409476404734326e-01
8.1802091149317607e-02	-2.3882260590569762e-02	-1.0780231762277739e-01
8.2291555852324852e-02	-2.1353938808448152e-02	-9.1493518012413316e-02
8.2703114477804582e-02	-1.8817867435661242e-02	-7.5189357737471235e-02
8.3036746210557233e-02	-1.6276440085344224e-02	-5.8910562784586611e-02
8.3292503575226717e-02	-1.3732044538306886e-02	-4.2677529626136711e-02
8.3470512064509492e-02	-1.1187060501861102e-02	-2.6510265215199249e-02
8.3570969699054254e-02	-8.6438573857737233e-03	-1.0428330362642258e-02
8.3594146519743603e-02	-6.1047920974600517e-03	5.5492131436196317e-03
8.3540384013119223e-02	-3.5722068584396974e-03	2.1403851367883805e-02
8.3410094470771315e-02	-1.0484270441154760e-03	3.7117662746444416e-02
8.3203760283578898e-02	1.4642409511780280e-03	5.2673358092875905e-02
8.2921933171739140e-02	3.9635118218747638e-03	6.8054315935707349e-02
8.2565233351591300e-02	6.4471234296790136e-03	8.3244613086946209e-02
8.2134348640293453e-02	8.9128388510233431e-03	9.8229050390428480e-02
8.1630033499466473e-02	1.1358448391593917e-02	1.1299317364653165e-01
8.1053108018979289e-02	1.3781771566121306e-02	1.2752328975559590e-01
8.0404456842094935e-02	1.6180659041674515e-02	1.4180647816487751e-01
7.9685028033262190e-02	1.8552994542692821e-02	1.5583059774270358e-01
7.8895831889873425e-02	2.0896696716111936e-02	1.6958428923941557e-01
7.8037939699366607e-02	2.3209720954920979e-02	1.8305697352584924e-01
7.7112482443106117e-02	2.5490061178535708e-02	1.9623884582766637e-01
7.6120649448500763e-02	2.7735751568480582e-02	2.0912086619764758e-01
7.5063686990881701e-02	2.9944868257861867e-02	2.2169474648707491e-01
7.3942896846707240e-02	3.2115530973165475e-02	2.3395293409268250e-01
7.2759634799679784e-02	3.4245904627025460e-02	2.4588859276744643e-01
7.1515309101429489e-02	3.6334200860589645e-02	2.5749558079076584e-01
7.0211378888437107e-02	3.8378679534204742e-02	2.6876842679800023e-01
6.8849352556907703e-02	4.0377650165199702e-02	2.7970230357021864e-01
6.7430786097359502e-02	4.2329473311561054e-02	2.9029300008264747e-01
6.5957281390687822e-02	4.4232561900421380e-02	3.0053689210582657e-01
6.4430484467535867e-02	4.6085382500270014e-02	3.1043091164579645e-01
6.2852083732797076e-02	4.7886456535906195e-02	3.1997251550049804e-01
6.1223808157139882e-02	4.9634361445164976e-02	3.2915965319806573e-01
5.9547425437422988e-02	5.1327731776569852e-02	3.3799073457027951e-01
5.7824740127925399e-02	5.2965260227075497e-02	3.4646459720019740e-01
5.6057591744355359e-02	5.4545698619118607e-02	3.5458047396805792e-01
5.4247852842532564e-02	5.6067858816345705e-02	3.6233796090443438e-01
5.2397427073793641e-02	5.7530613577303456e-02	3.6973698554286621e-01
5.0508247219048702e-02	5.8932897346587382e-02	3.7677777594878203e-01
4.8582273203512924e-02	6.0273706982913990e-02	3.8346083058484953e-01
4.6621490094141883e-02	6.1552102423665371e-02	3.8978688915701731e-01
4.4627906081760434e-02	6.2767207285551199e-02	3.9575690457002433e-01
4.2603550449929403e-02	6.3918209401061188e-02	4.0137201610581569e-01
4.0550471532599879e-02	6.5004361290445872e-02	4.0663352392372637e-01
3.8470734662557342e-02	6.6024980569062891e-02	4.1154286496758391e-01
3.6366420112721058e-02	6.6979450289948853e-02	4.1610159035151900e-01
3.4239621032325002e-02	6.7867219221562705e-02	4.2031134428402400e-01
3.2092441380005207e-02	6.8687802060712580e-02	4.2417384457826945e-01
2.9926993855850258e-02	6.9440779580719286e-02	4.2769086478586377e-01
2.7745397834397549e-02	7.0125798714967727e-02	4.3086421798152608e-01
2.5549777300619390e-02	7.0742572576027798e-02	4.3369574221689844e-01
2.3342258790875692e-02	7.1290880410609575e-02	4.3618728765351833e-01
2.1124969340854758e-02	7.1770567490663101e-02	4.3834070537731712e-01
1.8900034442437520e-02	7.2181544941016654e-02	4.4015783789023388e-01
1.6669576011459672e-02	7.2523789503986455e-02	4.4164051126816289e-01
1.4435710368329762e-02	7.2797343241458479e-02	4.4279052896880616e-01
1.2200546233383614e-02	7.3002313175010755e-02	4.4360966726784645e-01
9.9661827388878195e-03	7.3138870864692868e-02	4.4409967229705855e-01
7.7347074595972461e-03	7.3207251927135189e-02	4.4426225865357760e-01
5.5081944636295489e-03	7.3207755493734941e-02	4.4409910954554205e-01
3.2887023855794886e-03	7.3140743609696704e-02	4.4361187843535238e-01
1.0782725235789676e-03	7.3006640574782442e-02	4.4280219213820865e-01
-1.1210730379050480e-03	7.2805932226667591e-02	4.4167165532995850e-01
-3.3073332777922237e-03	7.2539165167856162e-02	4.4022185641478057e-01
-5.4785300589754813e-03	7.2206945937159581e-02	4.3845437469971449e-01
-7.6327099180972966e-03	7.1809940126794633e-02	4.3637078881949865e-01
-9.7679458228780939e-03	7.1348871446206150e-02	4.3397268635154890e-01
-1.1882338895454918e-02	7.0824520733763968e-02	4.3126167455716419e-01
-1.3974020100159110e-02	7.0237724917537298e-02	4.2823939218122348e-01
-1.6041151894243676e-02	6.9589375926388253e-02	4.2490752223861072e-01
-1.8081929840113930e-02	6.8880419552673003e-02	4.2126780571149319e-01
-2.0094584177618977e-02	6.8111854267887476e-02	4.1732205607733791e-01
-2.2077381355076076e-02	6.7284729992620002e-02	4.1307217458309492e-01
-2.4028625517675931e-02	6.6400146822232498e-02	4.0852016617659209e-01
-2.5946659952017965e-02	6.5459253709710064e-02	4.0366815600154971e-01
-2.7829868485521173e-02	6.4463247107178281e-02	3.9851840635817498e-01
-2.9676676839571446e-02	6.3413369567595815e-02	3.9307333402663902e-01
-3.1485553935264539e-02	6.2310908308178967e-02	3.8733552784636849e-01
-3.3255013150644844e-02	6.1157193737161372e-02	3.8130776643988196e-01
-3.4983613528489860e-02	5.9953597945466376e-02	3.7499303596555394e-01
-3.6669960933585148e-02	5.8701533164981397e-02	3.6839454778036140e-01
-3.8312709158647609e-02	5.7402450195068094e-02	3.6151575588988366e-01
-3.9910560978008831e-02	5.6057836799014465e-02	3.5436037406017362e-01
-4.1462269148244989e-02	5.4669216072158203e-02	3.4693239246379198e-01
-4.2966637355033969e-02	5.3238144783397147e-02	3.3923609373043512e-01
-4.4422521105535351e-02	5.1766211691854948e-02	3.3127606827181627e-01
-4.5828828565645852e-02	5.0255035840487183e-02	3.2305722875034520e-01
-4.7184521341582818e-02	4.8706264828393943e-02	3.1458482356175260e-01
-4.8488615205254389e-02	4.7121573063664178e-02	3.0586444920382311e-01
-4.9740180762971285e-02	4.5502659998549008e-02	2.9690206140599990e-01
-5.0938344067078201e-02	4.3851248348813272e-02	2.8770398489878274e-01
-5.2082287170187647e-02	4.2169082299070661e-02	2.7827692170663504e-01
-5.3171248621709799e-02	4.0457925695961537e-02	2.6862795785463822e-01
-5.4204523906461265e-02	3.8719560231012980e-02	2.5876456838647427e-01
-5.5181465825187591e-02	3.6955783615017307e-02	2.4869462059996178e-01
-5.6101484816875845e-02	3.5168407745801038e-02	2.3842637541644013e-01
-5.6964049222827225e-02	3.3359256871200629e-02	2.2796848681102846e-01
-5.7768685492484873e-02	3.1530165749100406e-02	2.1732999924316329e-01
-5.8514978331077432e-02	2.9682977806387279e-02	2.0652034304003655e-01
-5.9202570789216202e-02	2.7819543298622868e-02	1.9554932769941774e-01
-5.9831164294619994e-02	2.5941717472269518e-02	1.8442713309358111e-01
-6.0400518626193070e-02	2.4051358731309549e-02	1.7316429857183352e-01
-6.0910451830780435e-02	2.2150326809990250e-02	1.6177170997485557e-01
-6.1360840082915057e-02	2.0240480953566738e-02	1.5026058459164882e-01
-6.1751617487990226e-02	1.8323678108744787e-02	1.3864245410589926e-01
-6.2082775829307019e-02	1.6401771125605140e-02	1.2692914559611188e-01
-6.2354364259507952e-02	1.4476606972757929e-02	1.1513276067062993e-01
-6.2566488936974238e-02	1.2550024967407827e-02	1.0326565283486307e-01
-6.2719312607801489e-02	1.0623855022050311e-02	9.1340403204373782e-02
-6.2813054134028920e-02	8.6999159094449819e-03	7.9369794692363688e-02
-6.2847987968843153e-02	6.7800135475373979e-03	6.7366784814664640e-02
-6.2824443579535608e-02	4.8659393059088309e-03	5.5344477268039774e-02
-6.2742804819030731e-02	2.9594683353673062e-03	4.3316092449751056e-02
-6.2603509246860201e-02	1.0623579222280724e-03	3.1294937096402860e-02
-6.2407047400497899e-02	-8.2365413120056056e-04	1.9294373228664469e-02
-6.2153962018021446e-02	-2.6968510984067395e-03	7.3277865955168730e-03
-6.1844847213108609e-02	-4.5555388913159937e-03	-4.5914451838149923e-03
-6.1480347603418195e-02	-6.3980475923448915e-03	-1.6449984578864894e-02
-6.1061157393454205e-02	-8.2227329544663948e-03	-2.8234566005636914e-02
-6.0588019413043641e-02	-1.0027977867971168e-02	-3.9932027382351645e-02
-6.0061724112605332e-02	-1.1812193792601034e-02	-5.1529341185593866e-02
-5.9483108516425694e-02	-1.3573822153771868e-02	-6.3013644814649411e-02
-5.8853055135185586e-02	-1.5311335701692838e-02	-7.4372270079561570e-02
-5.8172490839030158e-02	-1.7023239832173409e-02	-8.5592771637429940e-02
-5.7442385692499688e-02	-1.8708073867987608e-02	-9.6662954212886065e-02
-5.6663751752670424e-02	-2.0364412299708857e-02	-1.0757089845154738e-01
-5.5837641831899716e-02	-2.1990865984942768e-02	-1.1830498526943575e-01
-5.4965148226576471e-02	-2.3586083304986131e-02	-1.2885391857743400e-01
-5.4047401413324855e-02	-2.5148751277942728e-02	-1.3920674627642046e-01
-5.3085568714135278e-02	-2.6677596627375573e-02	-1.4935287943650877e-01
-5.2080852931902552e-02	-2.8171386805667008e-02	-1.5928210959256528e-01
-5.1034490957900670e-02	-2.9628930971254689e-02	-1.6898462410674123e-01
-4.9947752352720746e-02	-3.1049080919002270e-02	-1.7845101956814563e-01
-4.8821937902245975e-02	-3.2430731962975322e-02	-1.8767231321860545e-01
-4.7658378150222919e-02	-3.3772823770995559e-02	-1.9663995241260371e-01
-4.6458431909033815e-02	-3.5074341150346397e-02	-2.0534582213744174e-01
-4.5223484750277085e-02	-3.6334314784087107e-02	-2.1378225063744366e-01
-4.3954947476769625e-02	-3.7551821917480410e-02	-2.2194201320261792e-01
-4.2654254577621988e-02	-3.8725986994069060e-02	-2.2981833419753467e-01
-4.1322862668009830e-02	-3.9855982241032033e-02	-2.3740488742064536e-01
-3.9962248915300806e-02	-4.0941028203466748e-02	-2.4469579489675983e-01
-3.8573909453207919e-02	-4.1980394227302237e-02	-2.5168562421657686e-01
-3.7159357785609796e-02	-4.2973398890628969e-02	-2.5836938454681213e-01
-3.5720123181713970e-02	-4.3919410383256710e-02	-2.6474252144197763e-01
-3.4257749064250088e-02	-4.4817846834357078e-02	-2.7080091059469297e-01
-3.2773791392310105e-02	-4.5668176588158520e-02	-2.7654085066582196e-01
-3.1269817040564141e-02	-4.6469918427623928e-02	-2.8195905533731108e-01
-2.9747402176461456e-02	-4.7222641746182757e-02	-2.8705264473155251e-01
-2.8208130637093851e-02	-4.7925966667588381e-02	-2.9181913633931306e-01
-2.6653592307380559e-02	-4.8579564114032393e-02	-2.9625643559519921e-01
-2.5085381501189063e-02	-4.9183155822721723e-02	-3.0036282623501392e-01
-2.3505095347044220e-02	-4.9736514311149553e-02	-3.0413696056291728e-01
-2.1914332180025309e-02	-5.0239462791359872e-02	-3.0757784974875574e-01
-2.0314689941478989e-02	-5.0691875033541528e-02	-3.1068485426691012e-01
-1.8707764588109795e-02	-5.1093675179358457e-02	-3.1345767457813006e-01
-1.7095148512030867e-02	-5.1444837505452687e-02	-3.1589634214472567e-01
-1.5478428973353317e-02	-5.1745386137608360e-02	-3.1800121085776284e-01
-1.3859186546788896e-02	-5.1995394716135727e-02	-3.1977294894271074e-01
-1.2238993583852425e-02	-5.2194986013041275e-02	-3.2121253139694234e-01
-1.0619412692095117e-02	-5.2344331501638676e-02	-3.2232123299972909e-01
-9.0019952328576000e-03	-5.2443650879272261e-02	-3.2310062192206496e-01
-7.3882798389952858e-03	-5.2493211543880654e-02	-3.2355255395068855e-01
-5.7797909539617507e-03	-5.2493328025174195e-02	-3.2367916732790536e-01
-4.1780373936486639e-03	-5.2444361371238271e-02	-3.2348287819640220e-01
-2.5845109323505405e-03	-5.2346718491416901e-02	-3.2296637662641892e-01
-1.0006849141499931e-03	-5.2200851456375728e-02	-3.2213262319153291e-01
5.7198710896197197e-04	-5.2007256756280942e-02	-3.2098484604896599e-01
2.1320727109797946e-03	-5.1766474518068005e-02	-3.1952653847091705e-01
3.6781618965745118e-03	-5.1479087682815505e-02	-3.1776145676506229e-01
5.2088683753719030e-03	-5.1145721144273792e-02	-3.1569361851508126e-01
6.7228308046953962e-03	-5.0767040849631372e-02	-3.1332730106594164e-01
8.2187139996365826e-03	-5.0343752863641671e-02	-3.1066704017382923e-01
9.6952101093954902e-03	-4.9876602397257171e-02	-3.0771762873692671e-01
1.1151039758832611e-02	-4.9366372801959872e-02	-3.0448411552095567e-01
1.2584953154265381e-02	-4.8813884530996422e-02	-3.0097180379224892e-01
1.3995731152543791e-02	-4.8219994068759188e-02	-2.9718624977133301e-01
1.5382186292473180e-02	-4.7585592829591489e-02	-2.9313326082148161e-01
1.6743163787770996e-02	-4.6911606027294120e-02	-2.8881889328913329e-01
1.8077542480665423e-02	-4.6198991516673588e-02	-2.8424944991706530e-01
1.9384235755411434e-02	-4.5448738608458002e-02	-2.7943147675577196e-01
2.0662192410967242e-02	-4.4661866858948615e-02	-2.7437175950441944e-01
2.1910397492133516e-02	-4.3839424835797731e-02	-2.6907731921943279e-01
2.3127873078536264e-02	-4.2982488861304263e-02	-2.6355540733611243e-01
2.4313679030845175e-02	-4.2092161734648859e-02	-2.5781349995689617e-01
2.5466913693669685e-02	-4.1169571434511693e-02	-2.5185929136860125e-01
2.6586714554652707e-02	-4.0215869803506492e-02	-2.4570068675995507e-01
2.7672258859298731e-02	-3.9232231215898333e-02	-2.3934579412029111e-01
2.8722764181121144e-02	-3.8219851230082515e-02	-2.3280291530990257e-01
2.9737488946773659e-02	-3.7179945227289311e-02	-2.2608053630207722e-01
3.0715732915842116e-02	-3.6113747038015426e-02	-2.1918731660663890e-01
3.1656837615041587e-02	-3.5022507557669273e-02	-2.1213207789412319e-01
3.2560186726614766e-02	-3.3907493352925443e-02	-2.0492379184887022e-01
3.3425206430754431e-02	-3.2769985260301233e-02	-1.9757156728814257e-01
3.4251365701956291e-02	-3.1611276978438498e-02	-1.9008463659239716e-01
3.5038176559223998e-02	-3.0432673655608342e-02	-1.8247234149968786e-01
3.5785194270119516e-02	-2.9235490473924472e-02	-1.7474411832393361e-01
3.6492017508679392e-02	-2.8021051231778650e-02	-1.6690948266318856e-01
3.7158288467293792e-02	-2.6790686925969712e-02	-1.5897801366920608e-01
3.7783692922668165e-02	-2.5545734335017029e-02	-1.5095933795430674e-01
3.8367960256034471e-02	-2.4287534605153586e-02	-1.4286311321529796e-01
3.8910863427862735e-02	-2.3017431840420686e-02	-1.3469901165653828e-01
3.9412218907307908e-02	-2.1736771698374509e-02	-1.2647670329672459e-01
3.9871886556737214e-02	-2.0446899992803833e-02	-1.1820583924427057e-01
4.0289769471686415e-02	-1.9149161304903937e-02	-1.0989603502656840e-01
4.0665813776650982e-02	-1.7844897604330563e-02	-1.0155685405754693e-01
4.1000008377171750e-02	-1.6535446881508275e-02	-9.3197791326059376e-02
4.1292384668707195e-02	-1.5222141792582286e-02	-8.4828257385381967e-02
4.1543016202826522e-02	-1.3906308318381999e-02	-7.6457562720898917e-02
4.1752018311313401e-02	-1.2589264438710968e-02	-6.8094902568964763e-02
4.1919547688798450e-02	-1.1272318823296344e-02	-5.9749342255710873e-02
4.2045801934584230e-02	-9.9567695406819062e-03	-5.1429803119379600e-02
4.2131019054370514e-02	-8.6439027863257165e-03	-4.3145049074292834e-02
4.2175476922617618e-02	-7.3349916311597719e-03	-3.4903673868835167e-02
4.2179492706334046e-02	-6.0312947918001224e-03	-2.6714089083387158e-02
4.2143422251104866e-02	-4.7340554236110759e-03	-1.8584512908013207e-02
4.2067659430214996e-02	-3.4444999377627704e-03	-1.0522959732931506e-02
4.1952635457757535e-02	-2.1638368434252829e-03	-2.5372305783759237e-03
4.1798818166652894e-02	-8.9325561616781797e-04	5.3650956164469597e-03
4.1606711252532208e-02	3.6607440636740845e-04	1.3176669831957713e-02
4.1376853484477068e-02	1.6130051004809678e-03	2.0890379927457021e-02
4.1109817883631945e-02	2.8464106031543968e-03	2.8499356720584994e-02
4.0806210870740219e-02	4.0651883285385184e-03	3.5996979192292021e-02
4.0466671383680000e-02	5.2682599532803114e-03	4.3376878828488293e-02
4.0091869966101541e-02	6.4545723698136220e-03	5.0632943114911844e-02
3.9682507828300573e-02	7.6230986067546752e-03	5.7759318206623243e-02
3.9239315881475702e-02	8.7728387156209339e-03	6.4750410798377872e-02
3.8763053746549994e-02	9.9028206230996028e-03	7.1600889226112491e-02
3.8254508738757007e-02	1.1012100948132764e-02	7.8305683833524445e-02
3.7714494829204713e-02	1.2099765783157959e-02	8.4859986641200646e-02
3.7143851584661540e-02	1.3164931438846299e-02	9.1259250358347144e-02
3.6543443086813329e-02	1.4206745151751767e-02	9.7499186779719943e-02
3.5914156832271213e-02	1.5224385754299203e-02	1.0357576461209914e-01
3.5256902614608364e-02	1.6217064306618775e-02	1.0948520677634264e-01
3.4572611389729793e-02	1.7184024689740521e-02	1.1522398723186074e-01
3.3862234125887555e-02	1.8124544159729170e-02	1.2078882737111082e-01
3.3126740639657683e-02	1.9037933862380181e-02	1.2617669203190446e-01
3.2367118419219847e-02	1.9923539308125352e-02	1.3138478517506147e-01
3.1584371436267800e-02	2.0780740806872255e-02	1.3641054527461746e-01
3.0779518947898096e-02	2.1608953862518144e-02	1.4125164046677854e-01
2.9953594289833855e-02	2.2407629526926827e-02	1.4590596350269208e-01
2.9107643662324344e-02	2.3176254713224168e-02	1.5037162654881353e-01
2.8242724910077437e-02	2.3914352468287898e-02	1.5464695587683153e-01
2.7359906297592457e-02	2.4621482204349669e-02	1.5873048648321289e-01
2.6460265281216814e-02	2.5297239889713507e-02	1.6262095667658985e-01
2.5544887279312312e-02	2.5941258198569246e-02	1.6631730266855055e-01
2.4614864441849311e-02	2.6553206619994673e-02	1.6981865320142450e-01
2.3671294420778848e-02	2.7132791526237834e-02	1.7312432424387539e-01
2.2715279142524573e-02	2.7679756200425811e-02	1.7623381378258793e-01
2.1747923583903841e-02	2.8193880823903051e-02	1.7914679673574918e-01
2.0770334552801438e-02	2.8674982423429880e-02	1.8186312001122723e-01
1.9783619474906727e-02	2.9122914778513365e-02	1.8438279772960783e-01
1.8788885187790084e-02	2.9537568289201625e-02	1.8670600662960757e-01
1.7787236743609661e-02	2.9918869804695922e-02	1.8883308167054247e-01
1.6779776221705289e-02	3.0266782413183858e-02	1.9076451184387255e-01
1.5767601552322513e-02	3.0581305193341117e-02	1.9250093620320075e-01
1.4751805352707243e-02	3.0862472927976416e-02	1.9404314011942236e-01
1.3733473776762404e-02	3.1110355780350336e-02	1.9539205176527680e-01
1.2713685379470385e-02	3.1325058933722824e-02	1.9654873883100682e-01
1.1693509997236643e-02	3.1506722194729581e-02	1.9751440547050028e-01
1.0674007645314398e-02	3.1655519561218308e-02	1.9829038947497354e-01
9.6562274334137839e-03	3.1771658755221907e-02	1.9887815966914310e-01
8.6412065005988022e-03	3.1855380721769168e-02	1.9927931352270037e-01
7.6299689705508610e-03	3.1906959094273879e-02	1.9949557496799916e-01
6.6235249282241776e-03	3.1926699627277677e-02	1.9952879241305410e-01
5.6228694189154275e-03	3.1914939597351970e-02	1.9938093693724562e-01
4.6289814707470298e-03	3.1872047172992655e-02	1.9905410065555756e-01
3.6428231414827083e-03	3.1798420754381045e-02	1.9855049523581120e-01
2.6653385906452005e-03	3.1694488283901749e-02	1.9787245055201955e-01
1.6974531777913435e-03	3.1560706528345819e-02	1.9702241345590846e-01
7.4007258781879726e-04	3.1397560333750713e-02	1.9600294664765253e-01
-2.0591801586306298e-04	3.1205561853853907e-02	1.9481672762603713e-01
-1.1396548095238780e-03	3.0985249753162965e-02	1.9346654769758664e-01
-2.0602960978941529e-03	3.0737188385669988e-02	1.9195531102368457e-01
-2.9670230728286438e-03	3.0461966950255784e-02	1.9028603368430838e-01
-3.8590405411534916e-03	3.0160198623857114e-02	1.8846184273682864e-01
-4.7355776210680663e-03	2.9832519673484385e-02	1.8648597524822297e-01
-5.5958884064791796e-03	2.9479588548197821e-02	1.8436177727916062e-01
-6.4392525987017656e-03	2.9102084952170291e-02	1.8209270279867462e-01
-7.2649761049976168e-03	2.8700708899974229e-02	1.7968231250849293e-01
-8.0723916034472609e-03	2.8276179755254399e-02	1.7713427255670025e-01
-8.8608590737174336e-03	2.7829235253952121e-02	1.7445235312103569e-01
-9.6297662933025868e-03	2.7360630513262828e-02	1.7164042684298372e-01
-1.0378529298861171e-02	2.6871137027525062e-02	1.6870246709481493e-01
-1.1106592812327350e-02	2.6361541652235396e-02	1.6564254606275192e-01
-1.1813430631500310e-02	2.5832645577403501e-02	1.6246483263072506e-01
-1.2498545984848154e-02	2.5285263291468622e-02	1.5917359005051962e-01
-1.3161471850345559e-02	2.4720221536985717e-02	1.5577317338545360e-01
-1.3801771238140376e-02	2.4138358259326118e-02	1.5226802671646064e-01
-1.4419037436949576e-02	2.3540521549605283e-02	1.4866268010087780e-01
-1.5012894224086991e-02	2.2927568583074914e-02	1.4496174627608913e-01
-1.5582996039071951e-02	2.2300364554211867e-02	1.4116991710192200e-01
-1.6129028120825978e-02	2.1659781609724080e-02	1.3729195973746236e-01
-1.6650706608488490e-02	2.1006697780703808e-02	1.3333271254990287e-01
-1.7147778605922981e-02	2.0341995915152948e-02	1.2929708075493082e-01
-1.7620022210042309e-02	1.9666562612086588e-02	1.2519003178999610e-01
-1.8067246503102773e-02	1.8981287158432975e-02	1.2101659042382881e-01
-1.8489291509169552e-02	1.8287060469922189e-02	1.1678183360736474e-01
-1.8886028114983792e-02	1.7584774037164842e-02	1.1249088507322007e-01
-1.9257357955518115e-02	1.6875318878090021e-02	1.0814890969255213e-01
-1.9603213264526492e-02	1.6159584497917667e-02	1.0376110760001815e-01
-1.9923556690446872e-02	1.5438457857819745e-02	9.9332708099196268e-02
-2.0218381078047302e-02	1.4712822353405423e-02	9.4868963362411560e-02
-2.0487709216239134e-02	1.3983556804165220e-02	9.0375141940520556e-02
-2.0731593552530073e-02	1.3251534454970291e-02	8.5856522099474142e-02
-2.0950115874612294e-02	1.2517621990720615e-02	8.1318385001857854e-02
-2.1143386959620921e-02	1.1782678565219253e-02	7.6766007752777657e-02
-2.1311546191637675e-02	1.1047554845310007e-02	7.2204656330351211e-02
-2.1454761148042588e-02	1.0313092071312653e-02	6.7639578422046057e-02
-2.1573227155345868e-02	9.5801211347704748e-03	6.3075996188837843e-02
-2.1667166815180532e-02	8.8494616744671985e-03	5.8519098979512532e-02
-2.1736829501144111e-02	8.1219211917020646e-03	5.3974036018181182e-02
-2.1782490827229724e-02	7.3982941857287134e-03	4.9445909087960843e-02
-2.1804452088604737e-02	6.6793613102735048e-03	4.4939765234079082e-02
-2.1803039675524289e-02	5.9658885520149519e-03	4.0460589509540318e-02
-2.1778604461199801e-02	5.2586264318609304e-03	3.6013297786155134e-02
-2.1731521164465351e-02	4.5583092298536751e-03	3.1602729653490938e-02
-2.1662187688110231e-02	3.8656542344833885e-03	2.7233641427655771e-02
-2.1571024433771863e-02	3.1813610171792491e-03	2.2910699291284333e-02
-2.1458473594308212e-02	2.5061107326915296e-03	1.8638472585160194e-02
-2.1324998424586038e-02	1.8405654460679746e-03	1.4421427271140794e-02
-2.1171082491649482e-02	1.1853674868825429e-03	1.0263919584969692e-02
-2.0997228905246832e-02	5.4113883134012265e-04	6.1701898964536886e-03
-2.0803959529717423e-02	-9.1519487140753519e-05	2.1443567933832675e-03
-2.0591814178256215e-02	-7.1202793832119977e-04	-1.8095885958050745e-03
-2.0361349790588297e-02	-1.3198290259834563e-03	-5.6877880268176809e-03
-2.0113139595106105e-02	-1.9143877887291903e-03	-9.4865212992774079e-03
-1.9847772256529523e-02	-2.4951922702953523e-03	-1.3202211140480263e-02
-1.9565851010167779e-02	-3.0617539589692455e-03	-1.6831427803407802e-02
-1.9267992783871053e-02	-3.6136081957220860e-03	-2.0370893370646338e-02
-1.8954827308767967e-02	-4.1503145507333127e-03	-2.3817485757322645e-02
-1.8626996219899983e-02	-4.6714571679970429e-03	-2.7168242407382436e-02
-1.8285152147864598e-02	-5.1766450777505427e-03	-3.0420363678903838e-02
-1.7929957802591032e-02	-5.6655124765034974e-03	-3.3571215915392395e-02
-1.7562085050376382e-02	-6.1377189744741848e-03	-3.6618334201130982e-02
-1.7182213985309430e-02	-6.5929498102952171e-03	-3.9559424799904055e-02
-1.6791031996220472e-02	-7.0309160328724104e-03	-4.2392367277364555e-02
-1.6389232830286964e-02	-7.4513546503314296e-03	-4.5115216308377518e-02
-1.5977515654435559e-02	-7.8540287460135312e-03	-4.7726203171503404e-02
-1.5556584115669582e-02	-8.2387275615359492e-03	-5.0223736933707054e-02
-1.5127145401453252e-02	-8.6052665469571934e-03	-5.2606405329029923e-02
-1.4689909301286613e-02	-8.9534873781249025e-03	-5.4872975335609309e-02
-1.4245587270580838e-02	-9.2832579413434715e-03	-5.7022393456137348e-02
-1.3794891497964288e-02	-9.5944722854998856e-03	-5.9053785707104671e-02
-1.3338533977116915e-02	-9.8870505418612118e-03	-6.0966457322823193e-02
-1.2877225584235281e-02	-1.0160938811769478e-02	-6.2759892180397542e-02
-1.2411675162222241e-02	-1.0416109022503331e-02	-6.4433751952122045e-02
-1.1942588612671638e-02	-1.0652558751618352e-02	-6.5987874992020523e-02
-1.1470667996718103e-02	-1.0870311020106853e-02	-6.7422274963342924e-02
-1.0996610645805717e-02	-1.1069414054752045e-02	-6.8737139213915374e-02
-1.0521108283406428e-02	-1.1249941020095583e-02	-6.9932826906346959e-02
-1.0044846158712871e-02	-1.1411989720464435e-02	-7.1009866910058103e-02
-9.5685021933138541e-03	-1.1555682272533743e-02	-7.1968955462058171e-02
-9.0927461418245543e-03	-1.1681164748951391e-02	-7.2810953603460946e-02
-8.6182387674554797e-03	-1.1788606793559215e-02	-7.3536884398520214e-02
-8.1456310334509854e-03	-1.1878201208799203e-02	-7.4147929943044977e-02
-7.6755633113285452e-03	-1.1950163515912274e-02	-7.4645428168910274e-02
-7.2086646068226842e-03	-1.2004731488568008e-02	-7.5030869451323340e-02
-6.7455518044051092e-03	-1.2042164660599085e-02	-7.5305893025490761e-02
-6.2868289312418973e-03	-1.2062743808537930e-02	-7.5472283219263428e-02
-5.8330864414106835e-03	-1.2066770409682100e-02	-7.5531965508325999e-02
-5.3849005211872121e-03	-1.2054566076441502e-02	-7.5487002400498368e-02
-4.9428324161695193e-03	-1.2026471967749886e-02	-7.5339589155764844e-02
-4.5074277809895530e-03	-1.1982848178342522e-02	-7.5092049348664605e-02
-4.0792160523375259e-03	-1.1924073106729658e-02	-7.4746830279778950e-02
-3.6587098459732446e-03	-1.1850542802720099e-02	-7.4306498243168234e-02
-3.2464043784015267e-03	-1.1762670295364864e-02	-7.3773733656701423e-02
-2.8427769138255994e-03	-1.1660884902220324e-02	-7.3151326062432284e-02
-2.4482862369801829e-03	-1.1545631520842382e-02	-7.2442169004304516e-02
-2.0633721524117832e-03	-1.1417369903447929e-02	-7.1649254790703956e-02
-1.6884550107307311e-03	-1.1276573915693502e-02	-7.0775669149564499e-02
-1.3239352623367064e-03	-1.1123730780541033e-02	-6.9824585783982221e-02
-9.7019303908436991e-04	-1.0959340308193084e-02	-6.8799260836509155e-02
-6.2758776431265058e-04	-1.0783914113095368e-02	-6.7703027270543531e-02
-2.9645779163780416e-04	-1.0597974819019603e-02	-6.6539289177485056e-02
2.2879927132002615e-05	-1.0402055253246702e-02	-6.5311516018524501e-02
3.3013014463757355e-04	-1.0196697630886736e-02	-6.4023236810194492e-02
6.2501959087240058e-04	-9.9824527303777853e-03	-6.2678034262990415e-02
9.0729721610289073e-04	-9.7598790612140815e-03	-6.1279538882556356e-02
1.1767344035846286e-03	-9.5295420249647943e-03	-5.9831423043117539e-02
1.4331251518986960e-03	-9.2920130706442908e-03	-5.8337395042932561e-02
1.6762862267612675e-03	-9.0478688455060598e-03	-5.6801193151682833e-02
1.9060572822059987e-03	-8.7976903423309036e-03	-5.5226579659749107e-02
2.1223009510677364e-03	-8.5420620442826813e-03	-5.3617334939354847e-02
2.3249029047323305e-03	-8.2815710684105339e-03	-5.1977251527570711e-02
2.5137718821667742e-03	-8.0168063088668206e-03	-5.0310128241056649e-02
2.6888396882597610e-03	-7.7483575809193855e-03	-4.8619764332385927e-02
2.8500611615608629e-03	-7.4768147668249144e-03	-4.6909953697589629e-02
2.9974141115290068e-03	-7.2027669646291727e-03	-4.5184479144388549e-02
3.1308992254412216e-03	-6.9268016409581292e-03	-4.3447106730363678e-02
3.2505399451521872e-03	-6.6495037888494590e-03	-4.1701580179986673e-02
3.3563823139271406e-03	-6.3714550916737969e-03	-3.9951615389157383e-02
3.4484947936055514e-03	-6.0932330941827579e-03	-3.8200895025513160e-02
3.5269680523932400e-03	-5.8154103817079630e-03	-3.6453063232360319e-02
3.5919147236106517e-03	-5.5385537685304787e-03	-3.4711720443687324e-02
3.6434691357617810e-03	-5.2632234964195461e-03	-3.2980418317207980e-02
3.6817870143204638e-03	-4.9899724443338549e-03	-3.1262654791946232e-02
3.7070451556682335e-03	-4.7193453502566551e-03	-2.9561869276320058e-02
3.7194410736450276e-03	-4.4518780461237292e-03	-2.7881437972179558e-02
3.7191926192120897e-03	-4.1880967067872204e-03	-2.6224669339721573e-02
3.7065375737542162e-03	-3.9285171139352209e-03	-2.4594799707626305e-02
3.6817332165809524e-03	-3.6736439358747894e-03	-2.2994989032255712e-02
3.6450558672186592e-03	-3.4239700240590782e-03	-2.1428316809164176e-02
3.5968004031112599e-03	-3.1799757272211360e-03	-1.9897778139651524e-02
3.5372797533798090e-03	-2.9421282239573527e-03	-1.8406279954576176e-02
3.4668243693174155e-03	-2.7108808745732169e-03	-1.6956637397089167e-02
3.3857816723250481e-03	-2.4866725929868854e-03	-1.5551570365501021e-02
3.2945154800174312e-03	-2.2699272394589450e-03	-1.4193700217012465e-02
3.1934054112579108e-03	-2.0610530348856345e-03	-1.2885546632567012e-02
3.0828462709016715e-03	-1.8604419973765301e-03	-1.1629524642740851e-02
2.9632474150548200e-03	-1.6684694017994868e-03	-1.0427941814143853e-02
2.8350320976752857e-03	-1.4854932629528774e-03	-9.2829955955032670e-03
2.6986367993678149e-03	-1.3118538429969788e-03	-8.1967708223083489e-03
2.5545105392421044e-03	-1.1478731837412336e-03	-7.1712373786027980e-03
2.4031141707268160e-03	-9.9385466435905666e-04	-6.2082480143293896e-03
2.2449196622480543e-03	-8.5008258506840241e-04	-5.3095363164427879e-03
2.0804093636993459e-03	-7.1682177728276612e-04	-4.4767148318639533e-03
1.9100752596492789e-03	-5.9431724070885543e-04	-3.7112733402852134e-03
1.7344182102435551e-03	-4.8279380783044606e-04	-3.0145772747640280e-03
1.5539471807781752e-03	-3.8245583618692620e-04	-2.3878662880520234e-03
1.3691784609298427e-03	-2.9348692882067632e-04	-1.8322529626357015e-03
1.1806348746422504e-03	-2.1604968323158524e-04	-1.3487216625255370e-03
9.8884498168109103e-04	-1.5028546914500559e-04	-9.3812752495200198e-04
7.9434227187481885e-04	-9.6314235361705277e-05	-6.0119559024737691e-04
5.9766435307247959e-04	-5.4234345925364514e-05	-3.3852006837328618e-04
3.9935213385369327e-04	-2.4122445805546454e-05	-1.5056374073382705e-04
1.9994900203178974e-04	-6.0333562595008052e-06	-3.7657496137020548e-05
0.0000000000000000e+00	-0.0000000000000000e+00	0.0000000000000000e+00
